event_id,post_id,reported_source,threat_type,time_basis,event_time_local,source_url,text,matched_wave_id,wave_start,zone_count,wave_family_proxy,time_delta_minutes,match_score,next_best_score,match_status
tg_16472_1,16472,iran,missile,detection_before_alert,2026-02-28T10:09:26+02:00,https://t.me/idfofficial/16472,"IDF: A short while ago, the IDF identified missiles launched from Iran toward the territory of the State of Israel. Defensive systems are operating to intercept the threat. In the past few minutes, the Home Front Command has sent a precautionary directive directly to mobile phones in the relevant areas. The public is asked to act responsibly and follow the instructions—they save lives. Upon receiving an alert, the public is instructed to enter a protected space and remain there until further notice. Leaving a protected space is permitted only after receiving explicit instructions. The public is requested to continue acting in accordance with the Home Front Command’s guidelines.",0.0,2026-02-28 10:10:00,178.0,broad,0.5666666666666667,0.9763888888888889,0.35138888888888886,high
tg_16474_1,16474,iran,missile,confirmation_after_alert,2026-02-28T10:12:03+02:00,https://t.me/idfofficial/16474,"IDF: A short while ago, sirens were sounded in several areas across the country following the identification of missiles launched from Iran toward the State of Israel. The public is requested to follow the instructions of the Home Front Command. At this time, the Israeli Air Force is operating to intercept and strike threats where necessary to remove the threat. The defense is not hermetic, and therefore it is essential that the public continue to adhere to the Home Front Command’s guidelines. The public is requested to continue to follow the instructions of the Home Front Command.",0.0,2026-02-28 10:10:00,178.0,broad,-2.05,0.9726666666666667,0.0,high
tg_16483_1,16483,iran,missile,detection_before_alert,2026-02-28T12:29:32+02:00,https://t.me/idfofficial/16483,"IDF: A short while ago, the IDF identified missiles launched from Iran toward the territory of the State of Israel. Defensive systems are operating to intercept the threat. In the past few minutes, the Home Front Command has sent a precautionary directive directly to mobile phones in the relevant areas. The public is asked to act responsibly and follow the instructions—they save lives. Upon receiving an alert, the public is instructed to enter a protected space and remain there until further notice. Leaving a protected space is permitted only after receiving explicit instructions. The public is requested to continue acting in accordance with the Home Front Command’s guidelines",4.0,2026-02-28 12:29:00,348.0,broad,-0.5333333333333333,0.6666666666666666,0.0,medium
tg_16484_1,16484,iran,missile,confirmation_after_alert,2026-02-28T12:30:54+02:00,https://t.me/idfofficial/16484,"IDF: A short while ago, sirens were sounded in several areas across the country following the identification of missiles launched from Iran toward the State of Israel. The public is requested to follow the instructions of the Home Front Command. At this time, the Israeli Air Force is operating to intercept and strike threats where necessary to remove the threat. The defense is not hermetic, and therefore it is essential that the public continue to adhere to the Home Front Command’s guidelines. The public is requested to continue to follow the instructions of the Home Front Command.",4.0,2026-02-28 12:29:00,348.0,broad,-1.9,0.9746666666666667,0.42800000000000005,high
tg_16486_1,16486,iran,missile,detection_before_alert,2026-02-28T13:05:43+02:00,https://t.me/idfofficial/16486,"IDF: A short while ago, the IDF identified missiles launched from Iran toward the territory of the State of Israel. Defensive systems are operating to intercept the threat. In the past few minutes, the Home Front Command has sent a precautionary directive directly to mobile phones in the relevant areas. The public is asked to act responsibly and follow the instructions—they save lives. Upon receiving an alert, the public is instructed to enter a protected space and remain there until further notice. Leaving a protected space is permitted only after receiving explicit instructions. The public is requested to continue acting in accordance with the Home Front Command’s guidelines",5.0,2026-02-28 13:08:00,241.0,broad,2.283333333333333,0.9048611111111111,0.0,high
tg_16487_1,16487,iran,missile,confirmation_after_alert,2026-02-28T13:09:33+02:00,https://t.me/idfofficial/16487,"IDF: A short while ago, sirens were sounded in several areas across the country following the identification of missiles launched from Iran toward the State of Israel. The public is requested to follow the instructions of the Home Front Command. At this time, the Israeli Air Force is operating to intercept and strike threats where necessary to remove the threat. The defense is not hermetic, and therefore it is essential that the public continue to adhere to the Home Front Command’s guidelines. The public is requested to continue to follow the instructions of the Home Front Command.",5.0,2026-02-28 13:08:00,241.0,broad,-1.55,0.9793333333333334,0.45933333333333337,high
tg_16490_1,16490,iran,missile,detection_before_alert,2026-02-28T14:21:20+02:00,https://t.me/idfofficial/16490,"IDF: A short while ago, the IDF identified missiles launched from Iran toward the territory of the State of Israel. Defensive systems are operating to intercept the threat. In the past few minutes, the Home Front Command has sent a precautionary directive directly to mobile phones in the relevant areas. The public is asked to act responsibly and follow the instructions—they save lives. Upon receiving an alert, the public is instructed to enter a protected space and remain there until further notice. Leaving a protected space is permitted only after receiving explicit instructions. The public is requested to continue acting in accordance with the Home Front Command’s guidelines.",,,,,,,,unmatched
tg_16492_1,16492,iran,missile,confirmation_after_alert,2026-02-28T14:44:01+02:00,https://t.me/idfofficial/16492,"IDF: A short while ago, sirens were sounded in several areas across the country following the identification of missiles launched from Iran toward the State of Israel. The public is requested to follow the instructions of the Home Front Command. At this time, the Israeli Air Force is operating to intercept and strike threats where necessary to remove the threat. The defense is not hermetic, and therefore it is essential that the public continue to adhere to the Home Front Command’s guidelines. The public is requested to continue to follow the instructions of the Home Front Command.",6.0,2026-02-28 14:43:00,501.0,broad,-1.0166666666666666,0.9864444444444445,0.0,high
tg_16495_1,16495,iran,missile,detection_before_alert,2026-02-28T15:25:52+02:00,https://t.me/idfofficial/16495,"IDF: A short while ago, the IDF identified missiles launched from Iran toward the territory of the State of Israel. Defensive systems are operating to intercept the threat. In the past few minutes, the Home Front Command has sent a precautionary directive directly to mobile phones in the relevant areas. The public is asked to act responsibly and follow the instructions—they save lives. Upon receiving an alert, the public is instructed to enter a protected space and remain there until further notice. Leaving a protected space is permitted only after receiving explicit instructions. The public is requested to continue acting in accordance with the Home Front Command’s guidelines.",7.0,2026-02-28 15:27:00,467.0,broad,1.1333333333333333,0.9527777777777777,0.0,high
tg_16496_1,16496,iran,missile,confirmation_after_alert,2026-02-28T15:28:49+02:00,https://t.me/idfofficial/16496,"IDF: A short while ago, sirens were sounded in several areas across the country following the identification of missiles launched from Iran toward the State of Israel. The public is requested to follow the instructions of the Home Front Command. At this time, the Israeli Air Force is operating to intercept and strike threats where necessary to remove the threat. The defense is not hermetic, and therefore it is essential that the public continue to adhere to the Home Front Command’s guidelines. The public is requested to continue to follow the instructions of the Home Front Command.",7.0,2026-02-28 15:27:00,467.0,broad,-1.8166666666666667,0.9757777777777777,0.3891111111111111,high
tg_16499_1,16499,iran,missile,confirmation_after_alert,2026-02-28T15:51:24+02:00,https://t.me/idfofficial/16499,"IDF: A short while ago, sirens were sounded in several areas across the country following the identification of missiles launched from Iran toward the State of Israel. The public is requested to follow the instructions of the Home Front Command. At this time, the Israeli Air Force is operating to intercept and strike threats where necessary to remove the threat. The defense is not hermetic, and therefore it is essential that the public continue to adhere to the Home Front Command’s guidelines. The public is requested to continue to follow the instructions of the Home Front Command.",8.0,2026-02-28 15:50:00,415.0,broad,-1.4,0.9813333333333334,0.6746666666666667,high
tg_16503_1,16503,iran,missile,detection_before_alert,2026-02-28T16:28:58+02:00,https://t.me/idfofficial/16503,"IDF: A short while ago, the IDF identified missiles launched from Iran toward the territory of the State of Israel. Defensive systems are operating to intercept the threat. In the past few minutes, the Home Front Command has sent a precautionary directive directly to mobile phones in the relevant areas. The public is asked to act responsibly and follow the instructions—they save lives. Upon receiving an alert, the public is instructed to enter a protected space and remain there until further notice. Leaving a protected space is permitted only after receiving explicit instructions. The public is requested to continue acting in accordance with the Home Front Command’s guidelines.",10.0,2026-02-28 16:34:00,355.0,broad,5.033333333333333,0.7902777777777777,0.0,medium
tg_16504_1,16504,iran,missile,confirmation_after_alert,2026-02-28T16:34:45+02:00,https://t.me/idfofficial/16504,"IDF: A short while ago, sirens were sounded in several areas across the country following the identification of a missile launched from Iran toward the State of Israel. The public is requested to follow the instructions of the Home Front Command. At this time, the Israeli Air Force is operating to intercept and strike threats where necessary to remove the threat. The defense is not hermetic, and therefore it is essential that the public continue to adhere to the Home Front Command’s guidelines. The public is requested to continue to follow the instructions of the Home Front Command.",10.0,2026-02-28 16:34:00,355.0,broad,-0.75,0.99,0.5900000000000001,high
tg_16508_1,16508,iran,missile,confirmation_after_alert,2026-02-28T17:31:30+02:00,https://t.me/idfofficial/16508,"IDF: A short while ago, sirens were sounded in several areas across the country following the identification of a missile launched from Iran toward the State of Israel. The public is requested to follow the instructions of the Home Front Command. At this time, the Israeli Air Force is operating to intercept and strike threats where necessary to remove the threat. The defense is not hermetic, and therefore it is essential that the public continue to adhere to the Home Front Command’s guidelines. The public is requested to continue to follow the instructions of the Home Front Command.",12.0,2026-02-28 17:13:00,163.0,broad,-18.5,0.7533333333333333,0.5,medium
tg_16509_1,16509,iran,uav,launch_report,2026-02-28T17:33:20+02:00,https://t.me/idfofficial/16509,IDF: In the last few hours the Israeli Air Force intercepted a number of hostile aircraft that were launched from Iran toward the State of Israel. Sirens were sounded in accordance to protocol and the Aerial Defense Array is currently identifying and intercepting threats. The public is requested to continue acting in accordance with the Home Front Command’s guidelines.,,,,,,,,not_eligible
tg_16510_1,16510,iran,missile,confirmation_after_alert,2026-02-28T17:36:06+02:00,https://t.me/idfofficial/16510,"IDF: A short while ago, sirens were sounded in several areas across the country following the identification of a missile launched from Iran toward the State of Israel. The public is requested to follow the instructions of the Home Front Command. At this time, the Israeli Air Force is operating to intercept and strike threats where necessary to remove the threat. The defense is not hermetic, and therefore it is essential that the public continue to adhere to the Home Front Command’s guidelines. The public is requested to continue to follow the instructions of the Home Front Command.",13.0,2026-02-28 17:35:00,770.0,broad,-1.1,0.9853333333333333,0.692,high
tg_16517_1,16517,iran,missile,confirmation_after_alert,2026-02-28T19:19:30+02:00,https://t.me/idfofficial/16517,"IDF: A short while ago, sirens were sounded in several areas across the country following the identification of a missile launched from Iran toward the State of Israel. At this time, the Israeli Air Force is operating to intercept and strike threats where necessary to remove the threat. The defense is not hermetic, and therefore it is essential that the public continue to adhere to the Home Front Command’s guidelines. The public is requested to continue to follow the instructions of the Home Front Command.",15.0,2026-02-28 18:45:00,528.0,broad,-34.5,0.54,0.4066666666666666,ambiguous
tg_16518_1,16518,iran,missile,confirmation_after_alert,2026-02-28T19:27:53+02:00,https://t.me/idfofficial/16518,"IDF: A short while ago, sirens were sounded in several areas across the country following the identification of a missile launched from Iran toward the State of Israel. At this time, the Israeli Air Force is operating to intercept and strike threats where necessary to remove the threat. The defense is not hermetic, and therefore it is essential that the public continue to adhere to the Home Front Command’s guidelines. The public is requested to continue to follow the instructions of the Home Front Command.",16.0,2026-02-28 19:26:00,154.0,broad,-1.8833333333333333,0.9748888888888889,0.4282222222222223,high
tg_16522_1,16522,iran,uav,confirmation_after_alert,2026-02-28T21:16:10+02:00,https://t.me/idfofficial/16522,"IDF: Following the sirens that sounded in several areas in northern and southern Israel, the Israeli Air Force intercepted a UAV launched from Iran toward several areas in the Arabah. Additionally, the Israeli Air Force intercepted several UAVs launched from Iran toward northern Israel. Sirens were sounded in accordance with protocol.",,,,,,,,not_eligible
tg_16524_1,16524,iran,missile,detection_before_alert,2026-02-28T22:31:45+02:00,https://t.me/idfofficial/16524,"IDF: A short while ago, the IDF identified missiles launched from Iran toward the territory of the State of Israel. Defensive systems are operating to intercept the threat. In the past few minutes, the Home Front Command has sent a precautionary directive directly to mobile phones in the relevant areas. The public is asked to act responsibly and follow the instructions—they save lives. Upon receiving an alert, the public is instructed to enter a protected space and remain there until further notice. Leaving a protected space is permitted only after receiving explicit instructions. The public is requested to continue acting in accordance with the Home Front Command’s guidelines",17.0,2026-02-28 22:37:00,836.0,broad,5.25,0.78125,0.0,medium
tg_16525_1,16525,iran,missile,confirmation_after_alert,2026-02-28T22:37:35+02:00,https://t.me/idfofficial/16525,"IDF: A short while ago, sirens were sounded in several areas across the country, following the identification of missiles launched from Iran toward the State of Israel. The public is requested to follow the instructions of the Home Front Command. At this time, the Israeli Air Force is operating to intercept and strike threats where necessary to remove the threat. The defense is not hermetic, and therefore it is essential that the public continue to adhere to the Home Front Command’s guidelines. The public is requested to continue to follow the instructions of the Home Front Command. The Aerial Defense Array is currently identifying and intercepting threats.",17.0,2026-02-28 22:37:00,836.0,broad,-0.5833333333333334,0.9922222222222222,0.0,high
tg_16531_1,16531,iran,uav,confirmation_after_alert,2026-03-01T01:33:20+02:00,https://t.me/idfofficial/16531,"IDF: Following the sirens that sounded in several areas in northern and southern Israel regarding a hostile aircraft infiltration, two UAVs launched from Iran toward northern Israel were intercepted. Additionally, an UAV launched from Iran toward southern Israel was intercepted. Sirens were sounded in accordance with protocol. The public is requested to continue to follow the instructions of the Home Front Command.",,,,,,,,not_eligible
tg_16532_1,16532,iran,missile,detection_before_alert,2026-03-01T01:34:10+02:00,https://t.me/idfofficial/16532,"IDF: A short while ago, the IDF identified missiles launched from Iran toward the territory of the State of Israel. Defensive systems are operating to intercept the threat. In the past few minutes, the Home Front Command has sent a precautionary directive directly to mobile phones in the relevant areas. The public is asked to act responsibly and follow the instructions—they save lives. Upon receiving an alert, the public is instructed to enter a protected space and remain there until further notice. Leaving a protected space is permitted only after receiving explicit instructions. The public is requested to continue acting in accordance with the Home Front Command’s guidelines",18.0,2026-03-01 01:37:00,734.0,broad,2.8333333333333335,0.8819444444444444,0.0,high
tg_16533_1,16533,iran,missile,confirmation_after_alert,2026-03-01T01:39:01+02:00,https://t.me/idfofficial/16533,"IDF: A short while ago, sirens were sounded in several areas across the country, following the identification of missiles launched from Iran toward the State of Israel. The public is requested to follow the instructions of the Home Front Command. At this time, the Israeli Air Force is operating to intercept and strike threats where necessary to remove the threat. The defense is not hermetic, and therefore it is essential that the public continue to adhere to the Home Front Command’s guidelines.",18.0,2026-03-01 01:37:00,734.0,broad,-2.0166666666666666,0.9731111111111111,0.0,high
tg_16538_1,16538,iran,uav,confirmation_after_alert,2026-03-01T04:33:38+02:00,https://t.me/idfofficial/16538,"IDF: Following the sirens that sounded in northern Israel regarding a hostile aircraft infiltration, a UAV launched from Iran was intercepted. Sirens were sounded in accordance with protocol. The public is requested to continue to follow the instructions of the Home Front Command and the instructions sent to the public.",,,,,,,,not_eligible
tg_16539_1,16539,iran,uav,confirmation_after_alert,2026-03-01T06:07:07+02:00,https://t.me/idfofficial/16539,"IDF: Following the sirens that sounded in the Arabah region regarding a hostile aircraft infiltration, a UAV launched from Iran was intercepted. Additionally, following the sirens that sounded in the Eilat area, it was determined to be a false identification. Sirens were sounded in accordance with protocol. The public is requested to continue to follow the instructions of the Home Front Command and the instructions sent to the public.",,,,,,,,not_eligible
tg_16540_1,16540,iran,missile,detection_before_alert,2026-03-01T06:11:23+02:00,https://t.me/idfofficial/16540,"IDF: A short while ago, the IDF identified missiles launched from Iran toward the territory of the State of Israel. Defensive systems are operating to intercept the threat. In the past few minutes, the Home Front Command has sent a precautionary directive directly to mobile phones in the relevant areas. The public is asked to act responsibly and follow the instructions—they save lives. Upon receiving an alert, the public is instructed to enter a protected space and remain there until further notice. Leaving a protected space is permitted only after receiving explicit instructions. The public is requested to continue acting in accordance with the Home Front Command’s guidelines.",20.0,2026-03-01 06:16:00,218.0,broad,4.616666666666666,0.8076388888888889,0.0,medium
tg_16541_1,16541,iran,missile,confirmation_after_alert,2026-03-01T06:17:33+02:00,https://t.me/idfofficial/16541,"IDF: A short while ago, sirens were sounded in several areas across the country, following the identification of missiles launched from Iran toward the State of Israel. The public is requested to follow the instructions of the Home Front Command. At this time, the Israeli Air Force is operating to intercept and strike threats where necessary to remove the threat. The defense is not hermetic, and therefore it is essential that the public continue to adhere to the Home Front Command’s guidelines.",20.0,2026-03-01 06:16:00,218.0,broad,-1.55,0.9793333333333334,0.0,high
tg_16545_1,16545,iran,missile,detection_before_alert,2026-03-01T08:50:33+02:00,https://t.me/idfofficial/16545,"IDF: A short while ago, the IDF identified missiles launched from Iran toward the territory of the State of Israel. Defensive systems are operating to intercept the threat. In the past few minutes, the Home Front Command has sent a precautionary directive directly to mobile phones in the relevant areas. The public is asked to act responsibly and follow the instructions—they save lives. Upon receiving an alert, the public is instructed to enter a protected space and remain there until further notice. Leaving a protected space is permitted only after receiving explicit instructions. The public is requested to continue acting in accordance with the Home Front Command’s guidelines.",22.0,2026-03-01 08:54:00,641.0,broad,3.45,0.85625,0.0,high
tg_16546_1,16546,iran,missile,confirmation_after_alert,2026-03-01T08:55:24+02:00,https://t.me/idfofficial/16546,"IDF: A short while ago, sirens were sounded in several areas across the country, following the identification of missiles launched from Iran toward the State of Israel. The public is requested to follow the instructions of the Home Front Command. At this time, the Israeli Air Force is operating to intercept and strike threats where necessary to remove the threat. The defense is not hermetic, and therefore it is essential that the public continue to adhere to the Home Front Command’s guidelines.",22.0,2026-03-01 08:54:00,641.0,broad,-1.4,0.9813333333333334,0.0,high
tg_16548_1,16548,iran,missile,confirmation_after_alert,2026-03-01T09:58:24+02:00,https://t.me/idfofficial/16548,"IDF: A short while ago, sirens were sounded in several areas across the country, following the identification of missiles launched from Iran toward the State of Israel. The public is requested to follow the instructions of the Home Front Command. At this time, the Israeli Air Force is operating to intercept and strike threats where necessary to remove the threat. The defense is not hermetic, and therefore it is essential that the public continue to adhere to the Home Front Command’s guidelines.",23.0,2026-03-01 09:55:00,6.0,localized,-3.4,0.9546666666666667,0.0,high
tg_16555_1,16555,iran,missile,detection_before_alert,2026-03-01T12:39:20+02:00,https://t.me/idfofficial/16555,"IDF: A short while ago, the IDF identified missiles launched from Iran toward the territory of the State of Israel. Defensive systems are operating to intercept the threat. In the past few minutes, the Home Front Command has sent a precautionary directive directly to mobile phones in the relevant areas. The public is asked to act responsibly and follow the instructions—they save lives. Upon receiving an alert, the public is instructed to enter a protected space and remain there until further notice. Leaving a protected space is permitted only after receiving explicit instructions. The public is requested to continue acting in accordance with the Home Front Command’s guidelines.",25.0,2026-03-01 12:49:00,229.0,broad,9.666666666666666,0.5972222222222223,0.0,medium
tg_16556_1,16556,iran,missile,confirmation_after_alert,2026-03-01T12:43:26+02:00,https://t.me/idfofficial/16556,"IDF: A short while ago, sirens were sounded in several areas across the country, following the identification of missiles launched from Iran toward the State of Israel. The public is requested to follow the instructions of the Home Front Command. At this time, the Israeli Air Force is operating to intercept and strike threats where necessary to remove the threat. The defense is not hermetic, and therefore it is essential that the public continue to adhere to the Home Front Command’s guidelines.",,,,,,,,unmatched
tg_16560_1,16560,iran,missile,detection_before_alert,2026-03-01T13:23:16+02:00,https://t.me/idfofficial/16560,"IDF: A short while ago, the IDF identified missiles launched from Iran toward the territory of the State of Israel. Defensive systems are operating to intercept the threat. In the past few minutes, the Home Front Command has sent a precautionary directive directly to mobile phones in the relevant areas. The public is asked to act responsibly and follow the instructions—they save lives. Upon receiving an alert, the public is instructed to enter a protected space and remain there until further notice. Leaving a protected space is permitted only after receiving explicit instructions. The public is requested to continue acting in accordance with the Home Front Command’s guidelines.",26.0,2026-03-01 13:28:00,1135.0,broad,4.733333333333333,0.8027777777777778,0.0,medium
tg_16566_1,16566,iran,missile,detection_before_alert,2026-03-01T16:46:44+02:00,https://t.me/idfofficial/16566,"IDF: A short while ago, the IDF identified missiles launched from Iran toward the territory of the State of Israel. Defensive systems are operating to intercept the threat. In the past few minutes, the Home Front Command has sent a precautionary directive directly to mobile phones in the relevant areas. The public is asked to act responsibly and follow the instructions—they save lives. Upon receiving an alert, the public is instructed to enter a protected space and remain there until further notice. Leaving a protected space is permitted only after receiving explicit instructions. The public is requested to continue acting in accordance with the Home Front Command’s guidelines.",28.0,2026-03-01 16:48:00,190.0,broad,1.2666666666666666,0.9472222222222222,0.0,high
tg_16573_1,16573,iran,missile,detection_before_alert,2026-03-01T20:34:21+02:00,https://t.me/idfofficial/16573,"IDF: A short while ago, the IDF identified missiles launched from Iran toward the territory of the State of Israel. Defensive systems are operating to intercept the threat. In the past few minutes, the Home Front Command has sent a precautionary directive directly to mobile phones in the relevant areas. The public is asked to act responsibly and follow the instructions—they save lives. Upon receiving an alert, the public is instructed to enter a protected space and remain there until further notice. Leaving a protected space is permitted only after receiving explicit instructions. The public is requested to continue acting in accordance with the Home Front Command’s guidelines.",29.0,2026-03-01 20:37:00,159.0,broad,2.65,0.8895833333333334,0.0,high
tg_16578_1,16578,iran,missile,detection_before_alert,2026-03-01T21:02:22+02:00,https://t.me/idfofficial/16578,"IDF: A short while ago, the IDF identified missiles launched from Iran toward the territory of the State of Israel. Defensive systems are operating to intercept the threat. In the past few minutes, the Home Front Command has sent a precautionary directive directly to mobile phones in the relevant areas. The public is asked to act responsibly and follow the instructions—they save lives. Upon receiving an alert, the public is instructed to enter a protected space and remain there until further notice. Leaving a protected space is permitted only after receiving explicit instructions. The public is requested to continue acting in accordance with the Home Front Command’s guidelines.",30.0,2026-03-01 21:07:00,422.0,broad,4.633333333333334,0.8069444444444445,0.0,medium
tg_16580_1,16580,iran,missile,detection_before_alert,2026-03-01T22:29:38+02:00,https://t.me/idfofficial/16580,"IDF: A short while ago, the IDF identified missiles launched from Iran toward the territory of the State of Israel. Defensive systems are operating to intercept the threat. In the past few minutes, the Home Front Command has sent a precautionary directive directly to mobile phones in the relevant areas. The public is asked to act responsibly and follow the instructions—they save lives. Upon receiving an alert, the public is instructed to enter a protected space and remain there until further notice. Leaving a protected space is permitted only after receiving explicit instructions. The public is requested to continue acting in accordance with the Home Front Command’s guidelines.",32.0,2026-03-01 22:34:00,179.0,broad,4.366666666666666,0.8180555555555555,0.0,medium
tg_16583_1,16583,lebanon,projectile,launch_report,2026-03-02T01:05:05+02:00,https://t.me/idfofficial/16583,IDF: Initial report - Sirens sounded in several areas in northern Israel following projectiles launched from Lebanon. The details are under review.,34.0,2026-03-02 01:02:00,43.0,broad,-3.0833333333333335,0.943939393939394,0.6348484848484849,high
tg_16584_1,16584,lebanon,projectile,confirmation_after_alert,2026-03-02T01:28:06+02:00,https://t.me/idfofficial/16584,"IDF: Following the sirens that sounded in several areas in northern Israel, a projectile that crossed from Lebanon into Israeli territory was intercepted by the Israeli Air Force, and several projectiles fell in open areas in accordance with standard protocols. No injuries or damages were reported.",34.0,2026-03-02 01:02:00,43.0,broad,-26.1,0.6519999999999999,0.42533333333333334,medium
tg_16591_1,16591,iran,missile,detection_before_alert,2026-03-02T07:02:43+02:00,https://t.me/idfofficial/16591,"IDF: A short while ago, the IDF identified missiles launched from Iran toward the territory of the State of Israel. Defensive systems are operating to intercept the threat. In the past few minutes, the Home Front Command has sent a precautionary directive directly to mobile phones in the relevant areas. The public is asked to act responsibly and follow the instructions—they save lives. Upon receiving an alert, the public is instructed to enter a protected space and remain there until further notice. Leaving a protected space is permitted only after receiving explicit instructions. The public is requested to continue acting in accordance with the Home Front Command’s guidelines.",37.0,2026-03-02 07:07:00,676.0,broad,4.283333333333333,0.8215277777777777,0.0,high
tg_16594_1,16594,iran,missile,detection_before_alert,2026-03-02T07:31:10+02:00,https://t.me/idfofficial/16594,"IDF: A short while ago, the IDF identified missiles launched from Iran toward the territory of the State of Israel. Defensive systems are operating to intercept the threat. In the past few minutes, the Home Front Command has sent a precautionary directive directly to mobile phones in the relevant areas. The public is asked to act responsibly and follow the instructions—they save lives. Upon receiving an alert, the public is instructed to enter a protected space and remain there until further notice. Leaving a protected space is permitted only after receiving explicit instructions. The public is requested to continue acting in accordance with the Home Front Command’s guidelines.",38.0,2026-03-02 07:37:00,316.0,broad,5.833333333333333,0.7569444444444444,0.0,medium
tg_16602_1,16602,iran,missile,detection_before_alert,2026-03-02T12:03:22+02:00,https://t.me/idfofficial/16602,"IDF: A short while ago, the IDF identified missiles launched from Iran toward the territory of the State of Israel. Defensive systems are operating to intercept the threat. In the past few minutes, the Home Front Command has sent a precautionary directive directly to mobile phones in the relevant areas. The public is asked to act responsibly and follow the instructions—they save lives. Upon receiving an alert, the public is instructed to enter a protected space and remain there until further notice. Leaving a protected space is permitted only after receiving explicit instructions. The public is requested to continue acting in accordance with the Home Front Command’s guidelines.",40.0,2026-03-02 12:09:00,292.0,broad,5.633333333333334,0.7652777777777777,0.0,medium
tg_16604_1,16604,iran,missile,detection_before_alert,2026-03-02T12:32:44+02:00,https://t.me/idfofficial/16604,"IDF: A short while ago, the IDF identified missiles launched from Iran toward the territory of the State of Israel. Defensive systems are operating to intercept the threat. In the past few minutes, the Home Front Command has sent a precautionary directive directly to mobile phones in the relevant areas. The public is asked to act responsibly and follow the instructions—they save lives. Upon receiving an alert, the public is instructed to enter a protected space and remain there until further notice. Leaving a protected space is permitted only after receiving explicit instructions. The public is requested to continue acting in accordance with the Home Front Command’s guidelines.",41.0,2026-03-02 12:34:00,571.0,broad,1.2666666666666666,0.9472222222222222,0.0,high
tg_16617_1,16617,iran,missile,detection_before_alert,2026-03-02T17:27:21+02:00,https://t.me/idfofficial/16617,"IDF: A short while ago, the IDF identified missiles launched from Iran toward the territory of the State of Israel. Defensive systems are operating to intercept the threat. In the past few minutes, the Home Front Command has sent a precautionary directive directly to mobile phones in the relevant areas. The public is asked to act responsibly and follow the instructions—they save lives. Upon receiving an alert, the public is instructed to enter a protected space and remain there until further notice. Leaving a protected space is permitted only after receiving explicit instructions. The public is requested to continue acting in accordance with the Home Front Command’s guidelines.",44.0,2026-03-02 17:37:00,166.0,broad,9.65,0.5979166666666667,0.0,medium
tg_16622_1,16622,lebanon,uav,confirmation_after_alert,2026-03-02T19:30:26+02:00,https://t.me/idfofficial/16622,"IDF: Following the hostile aircraft infiltration sirens that sounded a short while ago in northern Israel, a UAV that was launched from Lebanon toward Israeli territory was successfully intercepted by the IAF.",,,,,,,,not_eligible
tg_16632_1,16632,iran,missile,detection_before_alert,2026-03-03T00:27:14+02:00,https://t.me/idfofficial/16632,"IDF: A short while ago, the IDF identified missiles launched from Iran toward the territory of the State of Israel. Defensive systems are operating to intercept the threat. In the past few minutes, the Home Front Command has sent a precautionary directive directly to mobile phones in the relevant areas. The public is asked to act responsibly and follow the instructions—they save lives. Upon receiving an alert, the public is instructed to enter a protected space and remain there until further notice. Leaving a protected space is permitted only after receiving explicit instructions. The public is requested to continue acting in accordance with the Home Front Command’s guidelines.",45.0,2026-03-03 00:29:00,946.0,broad,1.7666666666666666,0.9263888888888889,0.0,high
tg_16633_1,16633,iran,unknown,confirmation_after_alert,2026-03-03T01:01:42+02:00,https://t.me/idfofficial/16633,"IDF: Following the sirens activated over the past hour, launches from Iran toward several areas within Israeli territory were identified. The public is instructed to continue following the directives of the Home Front Command.",45.0,2026-03-03 00:29:00,946.0,broad,-32.7,0.564,0.4416666666666667,medium
tg_16643_1,16643,iran,missile,detection_before_alert,2026-03-03T11:08:28+02:00,https://t.me/idfofficial/16643,"IDF: A short while ago, the IDF identified missiles launched from Iran toward the territory of the State of Israel. Defensive systems are operating to intercept the threat. In the past few minutes, the Home Front Command has sent a precautionary directive directly to mobile phones in the relevant areas. The public is asked to act responsibly and follow the instructions—they save lives. Upon receiving an alert, the public is instructed to enter a protected space and remain there until further notice. Leaving a protected space is permitted only after receiving explicit instructions. The public is requested to continue acting in accordance with the Home Front Command’s guidelines.",53.0,2026-03-03 11:13:00,290.0,broad,4.533333333333333,0.8111111111111111,0.0,medium
tg_16648_1,16648,iran,missile,detection_before_alert,2026-03-03T12:23:05+02:00,https://t.me/idfofficial/16648,"IDF: A short while ago, the IDF identified missiles launched from Iran toward the territory of the State of Israel. Defensive systems are operating to intercept the threat. In the past few minutes, the Home Front Command has sent a precautionary directive directly to mobile phones in the relevant areas. The public is asked to act responsibly and follow the instructions—they save lives. Upon receiving an alert, the public is instructed to enter a protected space and remain there until further notice. Leaving a protected space is permitted only after receiving explicit instructions. The public is requested to continue acting in accordance with the Home Front Command’s guidelines.",54.0,2026-03-03 12:31:00,576.0,broad,7.916666666666667,0.6701388888888888,0.0,medium
tg_16652_1,16652,iran,missile,detection_before_alert,2026-03-03T14:32:36+02:00,https://t.me/idfofficial/16652,"IDF: A short while ago, the IDF identified missiles launched from Iran toward the territory of the State of Israel. Defensive systems are operating to intercept the threat. In the past few minutes, the Home Front Command has sent a precautionary directive directly to mobile phones in the relevant areas. The public is asked to act responsibly and follow the instructions—they save lives. Upon receiving an alert, the public is instructed to enter a protected space and remain there until further notice. Leaving a protected space is permitted only after receiving explicit instructions. The public is requested to continue acting in accordance with the Home Front Command’s guidelines.",56.0,2026-03-03 14:35:00,99.0,broad,2.4,0.9,0.0,high
tg_16656_1,16656,iran,missile,detection_before_alert,2026-03-03T15:36:41+02:00,https://t.me/idfofficial/16656,"IDF: A short while ago, the IDF identified missiles launched from Iran toward the territory of the State of Israel. Defensive systems are operating to intercept the threat. In the past few minutes, the Home Front Command has sent a precautionary directive directly to mobile phones in the relevant areas. The public is asked to act responsibly and follow the instructions—they save lives. Upon receiving an alert, the public is instructed to enter a protected space and remain there until further notice. Leaving a protected space is permitted only after receiving explicit instructions. The public is requested to continue acting in accordance with the Home Front Command’s guidelines.",58.0,2026-03-03 15:41:00,11.0,localized,4.316666666666666,0.8201388888888889,0.0,high
tg_16664_1,16664,lebanon,projectile,confirmation_after_alert,2026-03-03T20:11:28+02:00,https://t.me/idfofficial/16664,"IDF: Following the sirens that sounded in northern and central Israel, several projectiles that crossed from Lebanon into Israeli territory were identified. Majority of the projectiles were intercepted, and an additional projectile fell in an open area.",62.0,2026-03-03 19:55:00,68.0,broad,-16.466666666666665,0.7804444444444445,0.0,medium
tg_16667_1,16667,iran,missile,detection_before_alert,2026-03-03T22:42:53+02:00,https://t.me/idfofficial/16667,"IDF: A short while ago, the IDF identified missiles launched from Iran toward the territory of the State of Israel. Defensive systems are operating to intercept the threat. In the past few minutes, the Home Front Command has sent a precautionary directive directly to mobile phones in the relevant areas. The public is asked to act responsibly and follow the instructions—they save lives. Upon receiving an alert, the public is instructed to enter a protected space and remain there until further notice. Leaving a protected space is permitted only after receiving explicit instructions. The public is requested to continue acting in accordance with the Home Front Command’s guidelines.",63.0,2026-03-03 22:48:00,233.0,broad,5.116666666666666,0.7868055555555555,0.0,medium
tg_16670_1,16670,iran,missile,detection_before_alert,2026-03-03T23:09:24+02:00,https://t.me/idfofficial/16670,"IDF: A short while ago, the IDF identified missiles launched from Iran toward the territory of the State of Israel. Defensive systems are operating to intercept the threat. In the past few minutes, the Home Front Command has sent a precautionary directive directly to mobile phones in the relevant areas. The public is asked to act responsibly and follow the instructions—they save lives. Upon receiving an alert, the public is instructed to enter a protected space and remain there until further notice. Leaving a protected space is permitted only after receiving explicit instructions. The public is requested to continue acting in accordance with the Home Front Command’s guidelines.",64.0,2026-03-03 23:17:00,198.0,broad,7.6,0.6833333333333333,0.0,medium
tg_16673_1,16673,iran,missile,detection_before_alert,2026-03-04T00:02:21+02:00,https://t.me/idfofficial/16673,"IDF: A short while ago, the IDF identified missiles launched from Iran toward the territory of the State of Israel. Defensive systems are operating to intercept the threat. In the past few minutes, the Home Front Command has sent a precautionary directive directly to mobile phones in the relevant areas. The public is asked to act responsibly and follow the instructions—they save lives. Upon receiving an alert, the public is instructed to enter a protected space and remain there until further notice. Leaving a protected space is permitted only after receiving explicit instructions. The public is requested to continue acting in accordance with the Home Front Command’s guidelines.",65.0,2026-03-04 00:09:00,286.0,broad,6.65,0.7229166666666667,0.0,medium
tg_16675_1,16675,iran,missile,detection_before_alert,2026-03-04T00:52:29+02:00,https://t.me/idfofficial/16675,"IDF: A short while ago, the IDF identified missiles launched from Iran toward the territory of the State of Israel. Defensive systems are operating to intercept the threat. In the past few minutes, the Home Front Command has sent a precautionary directive directly to mobile phones in the relevant areas. The public is asked to act responsibly and follow the instructions—they save lives. Upon receiving an alert, the public is instructed to enter a protected space and remain there until further notice. Leaving a protected space is permitted only after receiving explicit instructions. The public is requested to continue acting in accordance with the Home Front Command’s guidelines.",66.0,2026-03-04 00:55:00,2.0,localized,2.5166666666666666,0.8951388888888889,0.0,high
tg_16678_1,16678,iran,missile,detection_before_alert,2026-03-04T04:18:05+02:00,https://t.me/idfofficial/16678,"IDF: A short while ago, the IDF identified missiles launched from Iran toward the territory of the State of Israel. Defensive systems are operating to intercept the threat. In the past few minutes, the Home Front Command has sent a precautionary directive directly to mobile phones in the relevant areas. The public is asked to act responsibly and follow the instructions—they save lives. Upon receiving an alert, the public is instructed to enter a protected space and remain there until further notice. Leaving a protected space is permitted only after receiving explicit instructions. The public is requested to continue acting in accordance with the Home Front Command’s guidelines.",72.0,2026-03-04 04:24:00,90.0,broad,5.916666666666667,0.7534722222222222,0.0,medium
tg_16679_1,16679,lebanon,projectile,confirmation_after_alert,2026-03-04T04:29:30+02:00,https://t.me/idfofficial/16679,"IDF: Following the sirens that sounded a short while ago in northern Israel, several projectiles that crossed from Lebanon into Israeli territory were identified. The majority of the projectiles were intercepted by the Israeli Air Force, and an additional projectile fell in the area. No injuries were reported.",72.0,2026-03-04 04:24:00,90.0,broad,-5.5,0.9266666666666666,0.5266666666666666,high
tg_16681_1,16681,iran,missile,detection_before_alert,2026-03-04T05:53:39+02:00,https://t.me/idfofficial/16681,"IDF: A short while ago, the IDF identified missiles launched from Iran toward the territory of the State of Israel. Defensive systems are operating to intercept the threat. In the past few minutes, the Home Front Command has sent a precautionary directive directly to mobile phones in the relevant areas. The public is asked to act responsibly and follow the instructions—they save lives. Upon receiving an alert, the public is instructed to enter a protected space and remain there until further notice. Leaving a protected space is permitted only after receiving explicit instructions. The public is requested to continue acting in accordance with the Home Front Command’s guidelines.",73.0,2026-03-04 05:58:00,255.0,broad,4.35,0.81875,0.3604166666666667,medium
tg_16691_1,16691,iran,missile,detection_before_alert,2026-03-04T13:48:46+02:00,https://t.me/idfofficial/16691,"IDF: A short while ago, the IDF identified missiles launched from Iran toward the territory of the State of Israel. Defensive systems are operating to intercept the threat. In the past few minutes, the Home Front Command has sent a precautionary directive directly to mobile phones in the relevant areas. The public is asked to act responsibly and follow the instructions—they save lives. Upon receiving an alert, the public is instructed to enter a protected space and remain there until further notice. Leaving a protected space is permitted only after receiving explicit instructions. The public is requested to continue acting in accordance with the Home Front Command’s guidelines.",81.0,2026-03-04 14:02:00,454.0,broad,13.233333333333333,0.4486111111111112,0.0,ambiguous
tg_16692_1,16692,lebanon,unknown,confirmation_after_alert,2026-03-04T14:20:40+02:00,https://t.me/idfofficial/16692,"IDF: Following the sirens that sounded in central Israel, several launches that were launched from Lebanon toward Israeli territory were successfully intercepted.",81.0,2026-03-04 14:02:00,454.0,broad,-18.666666666666668,0.7511111111111111,0.2977777777777778,medium
tg_16695_1,16695,iran,missile,detection_before_alert,2026-03-04T14:31:17+02:00,https://t.me/idfofficial/16695,"IDF: A short while ago, the IDF identified missiles launched from Iran toward the territory of the State of Israel. Defensive systems are operating to intercept the threat. In the past few minutes, the Home Front Command has sent a precautionary directive directly to mobile phones in the relevant areas. The public is asked to act responsibly and follow the instructions—they save lives. Upon receiving an alert, the public is instructed to enter a protected space and remain there until further notice. Leaving a protected space is permitted only after receiving explicit instructions. The public is requested to continue acting in accordance with the Home Front Command’s guidelines.",82.0,2026-03-04 14:31:00,415.0,broad,-0.2833333333333333,0.6916666666666667,0.0,medium
tg_16698_1,16698,lebanon,unknown,explicit_siren_time,2026-03-04T14:30:00+02:00,https://t.me/idfofficial/16698,"IDF: Following the sirens that sounded in northern Israel at 14:30, several launches that were launched from Lebanon toward Israeli territory were identified. The majority of the launches were intercepted. Additionally, following the sirens that sounded in northern Israel at 15:00, a launch that was launched from Lebanon toward Israeli territory was successfully intercepted.",82.0,2026-03-04 14:31:00,415.0,broad,1.0,0.875,0.0,high
tg_16698_2,16698,lebanon,unknown,explicit_siren_time,2026-03-04T15:00:00+02:00,https://t.me/idfofficial/16698,"IDF: Following the sirens that sounded in northern Israel at 14:30, several launches that were launched from Lebanon toward Israeli territory were identified. The majority of the launches were intercepted. Additionally, following the sirens that sounded in northern Israel at 15:00, a launch that was launched from Lebanon toward Israeli territory was successfully intercepted.",83.0,2026-03-04 15:00:00,2.0,localized,0.0,1.0,0.0,high
tg_16701_1,16701,iran,missile,detection_before_alert,2026-03-04T16:07:42+02:00,https://t.me/idfofficial/16701,"IDF: A short while ago, the IDF identified missiles launched from Iran toward the territory of the State of Israel. Defensive systems are operating to intercept the threat. In the past few minutes, the Home Front Command has sent a precautionary directive directly to mobile phones in the relevant areas. The public is asked to act responsibly and follow the instructions—they save lives. Upon receiving an alert, the public is instructed to enter a protected space and remain there until further notice. Leaving a protected space is permitted only after receiving explicit instructions. The public is requested to continue acting in accordance with the Home Front Command’s guidelines.",86.0,2026-03-04 16:07:00,362.0,broad,-0.7,0.65,0.4041666666666667,medium
tg_16706_1,16706,iran,missile,detection_before_alert,2026-03-04T18:55:11+02:00,https://t.me/idfofficial/16706,"IDF: A short while ago, the IDF identified missiles launched from Iran toward the territory of the State of Israel. Defensive systems are operating to intercept the threat. In the past few minutes, the Home Front Command has sent a precautionary directive directly to mobile phones in the relevant areas. The public is asked to act responsibly and follow the instructions—they save lives. Upon receiving an alert, the public is instructed to enter a protected space and remain there until further notice. Leaving a protected space is permitted only after receiving explicit instructions. The public is requested to continue acting in accordance with the Home Front Command’s guidelines.",92.0,2026-03-04 19:01:00,272.0,broad,5.816666666666666,0.7576388888888889,0.0,medium
tg_16717_1,16717,iran,missile,detection_before_alert,2026-03-05T02:24:13+02:00,https://t.me/idfofficial/16717,"IDF: A short while ago, the IDF identified missiles launched from Iran toward the territory of the State of Israel. Defensive systems are operating to intercept the threat. In the past few minutes, the Home Front Command has sent a precautionary directive directly to mobile phones in the relevant areas. The public is asked to act responsibly and follow the instructions—they save lives. Upon receiving an alert, the public is instructed to enter a protected space and remain there until further notice. Leaving a protected space is permitted only after receiving explicit instructions. The public is requested to continue acting in accordance with the Home Front Command’s guidelines.",96.0,2026-03-05 02:22:00,153.0,broad,-2.216666666666667,0.4983333333333333,0.0,ambiguous
tg_16719_1,16719,iran,missile,detection_before_alert,2026-03-05T03:05:10+02:00,https://t.me/idfofficial/16719,"IDF: A short while ago, the IDF identified missiles launched from Iran toward the territory of the State of Israel. Defensive systems are operating to intercept the threat. In the past few minutes, the Home Front Command has sent a precautionary directive directly to mobile phones in the relevant areas. The public is asked to act responsibly and follow the instructions—they save lives. Upon receiving an alert, the public is instructed to enter a protected space and remain there until further notice. Leaving a protected space is permitted only after receiving explicit instructions. The public is requested to continue acting in accordance with the Home Front Command’s guidelines.",97.0,2026-03-05 03:08:00,29.0,broad,2.8333333333333335,0.8819444444444444,0.0,high
tg_16721_1,16721,iran,missile,detection_before_alert,2026-03-05T03:56:07+02:00,https://t.me/idfofficial/16721,"IDF: A short while ago, the IDF identified missiles launched from Iran toward the territory of the State of Israel. Defensive systems are operating to intercept the threat. In the past few minutes, the Home Front Command has sent a precautionary directive directly to mobile phones in the relevant areas. The public is asked to act responsibly and follow the instructions—they save lives. Upon receiving an alert, the public is instructed to enter a protected space and remain there until further notice. Leaving a protected space is permitted only after receiving explicit instructions. The public is requested to continue acting in accordance with the Home Front Command’s guidelines.",99.0,2026-03-05 04:01:00,227.0,broad,4.883333333333334,0.7965277777777777,0.0,medium
tg_16727_1,16727,iran,missile,detection_before_alert,2026-03-05T10:26:19+02:00,https://t.me/idfofficial/16727,"IDF: A short while ago, the IDF identified missiles launched from Iran toward the territory of the State of Israel. Defensive systems are operating to intercept the threat. In the past few minutes, the Home Front Command has sent a precautionary directive directly to mobile phones in the relevant areas. The public is asked to act responsibly and follow the instructions—they save lives. Upon receiving an alert, the public is instructed to enter a protected space and remain there until further notice. Leaving a protected space is permitted only after receiving explicit instructions. The public is requested to continue acting in accordance with the Home Front Command’s guidelines.",102.0,2026-03-05 10:29:00,212.0,broad,2.683333333333333,0.8881944444444445,0.0,high
tg_16731_1,16731,iran,missile,detection_before_alert,2026-03-05T13:43:03+02:00,https://t.me/idfofficial/16731,"IDF: A short while ago, the IDF identified missiles launched from Iran toward the territory of the State of Israel. Defensive systems are operating to intercept the threat. In the past few minutes, the Home Front Command has sent a precautionary directive directly to mobile phones in the relevant areas. The public is asked to act responsibly and follow the instructions—they save lives. Upon receiving an alert, the public is instructed to enter a protected space and remain there until further notice. Leaving a protected space is permitted only after receiving explicit instructions. The public is requested to continue acting in accordance with the Home Front Command’s guidelines.",105.0,2026-03-05 13:47:00,455.0,broad,3.95,0.8354166666666667,0.0,high
tg_16735_1,16735,iran,missile,detection_before_alert,2026-03-05T16:25:41+02:00,https://t.me/idfofficial/16735,"IDF: A short while ago, the IDF identified missiles launched from Iran toward the territory of the State of Israel. Defensive systems are operating to intercept the threat. In the past few minutes, the Home Front Command has sent a precautionary directive directly to mobile phones in the relevant areas. The public is asked to act responsibly and follow the instructions—they save lives. Upon receiving an alert, the public is instructed to enter a protected space and remain there until further notice. Leaving a protected space is permitted only after receiving explicit instructions. The public is requested to continue acting in accordance with the Home Front Command’s guidelines.",107.0,2026-03-05 16:30:00,258.0,broad,4.316666666666666,0.8201388888888889,0.0,high
tg_16740_1,16740,iran,missile,detection_before_alert,2026-03-05T20:30:10+02:00,https://t.me/idfofficial/16740,"IDF: A short while ago, the IDF identified missiles launched from Iran toward the territory of the State of Israel. Defensive systems are operating to intercept the threat. In the past few minutes, the Home Front Command has sent a precautionary directive directly to mobile phones in the relevant areas. The public is asked to act responsibly and follow the instructions—they save lives. Upon receiving an alert, the public is instructed to enter a protected space and remain there until further notice. Leaving a protected space is permitted only after receiving explicit instructions. The public is requested to continue acting in accordance with the Home Front Command’s guidelines.",111.0,2026-03-05 20:31:00,169.0,broad,0.8333333333333334,0.9652777777777778,0.0,high
tg_16745_1,16745,iran,missile,detection_before_alert,2026-03-05T22:36:01+02:00,https://t.me/idfofficial/16745,"IDF: A short while ago, the IDF identified missiles launched from Iran toward the territory of the State of Israel. Defensive systems are operating to intercept the threat. In the past few minutes, the Home Front Command has sent a precautionary directive directly to mobile phones in the relevant areas. The public is asked to act responsibly and follow the instructions—they save lives. Upon receiving an alert, the public is instructed to enter a protected space and remain there until further notice. Leaving a protected space is permitted only after receiving explicit instructions. The public is requested to continue acting in accordance with the Home Front Command’s guidelines.",114.0,2026-03-05 22:45:00,2.0,localized,8.983333333333333,0.6256944444444446,0.0,medium
tg_16751_1,16751,iran,missile,detection_before_alert,2026-03-06T10:12:15+02:00,https://t.me/idfofficial/16751,"IDF: A short while ago, the IDF identified missiles launched from Iran toward the territory of the State of Israel. Defensive systems are operating to intercept the threat. In the past few minutes, the Home Front Command has sent a precautionary directive directly to mobile phones in the relevant areas. The public is asked to act responsibly and follow the instructions—they save lives. Upon receiving an alert, the public is instructed to enter a protected space and remain there until further notice. Leaving a protected space is permitted only after receiving explicit instructions. The public is requested to continue acting in accordance with the Home Front Command’s guidelines.",120.0,2026-03-06 10:17:00,145.0,broad,4.75,0.8020833333333334,0.0,medium
tg_16757_1,16757,iran,missile,detection_before_alert,2026-03-06T13:26:12+02:00,https://t.me/idfofficial/16757,"IDF: A short while ago, the IDF identified missiles launched from Iran toward the territory of the State of Israel. Defensive systems are operating to intercept the threat. In the past few minutes, the Home Front Command has sent a precautionary directive directly to mobile phones in the relevant areas. The public is asked to act responsibly and follow the instructions—they save lives. Upon receiving an alert, the public is instructed to enter a protected space and remain there until further notice. Leaving a protected space is permitted only after receiving explicit instructions. The public is requested to continue acting in accordance with the Home Front Command’s guidelines.",124.0,2026-03-06 13:32:00,164.0,broad,5.8,0.7583333333333333,0.0,medium
tg_16765_1,16765,iran,missile,detection_before_alert,2026-03-06T19:17:46+02:00,https://t.me/idfofficial/16765,"IDF: A short while ago, the IDF identified missiles launched from Iran toward the territory of the State of Israel. Defensive systems are operating to intercept the threat. In the past few minutes, the Home Front Command has sent a precautionary directive directly to mobile phones in the relevant areas. The public is asked to act responsibly and follow the instructions—they save lives. Upon receiving an alert, the public is instructed to enter a protected space and remain there until further notice. Leaving a protected space is permitted only after receiving explicit instructions. The public is requested to continue acting in accordance with the Home Front Command’s guidelines.",129.0,2026-03-06 19:16:00,261.0,broad,-1.7666666666666666,0.5433333333333333,0.0,ambiguous
tg_16769_1,16769,iran,missile,detection_before_alert,2026-03-06T20:40:59+02:00,https://t.me/idfofficial/16769,"IDF: A short while ago, the IDF identified missiles launched from Iran toward the territory of the State of Israel. Defensive systems are operating to intercept the threat. In the past few minutes, the Home Front Command has sent a precautionary directive directly to mobile phones in the relevant areas. The public is asked to act responsibly and follow the instructions—they save lives. Upon receiving an alert, the public is instructed to enter a protected space and remain there until further notice. Leaving a protected space is permitted only after receiving explicit instructions. The public is requested to continue acting in accordance with the Home Front Command’s guidelines.",130.0,2026-03-06 20:41:00,255.0,broad,0.016666666666666666,0.9993055555555556,0.0,high
tg_16771_1,16771,iran,missile,detection_before_alert,2026-03-06T21:54:58+02:00,https://t.me/idfofficial/16771,"IDF: A short while ago, the IDF identified missiles launched from Iran toward the territory of the State of Israel. Defensive systems are operating to intercept the threat. In the past few minutes, the Home Front Command has sent a precautionary directive directly to mobile phones in the relevant areas. The public is asked to act responsibly and follow the instructions—they save lives. Upon receiving an alert, the public is instructed to enter a protected space and remain there until further notice. Leaving a protected space is permitted only after receiving explicit instructions. The public is requested to continue acting in accordance with the Home Front Command’s guidelines.",131.0,2026-03-06 21:57:00,226.0,broad,2.033333333333333,0.9152777777777777,0.0,high
tg_16773_1,16773,iran,missile,detection_before_alert,2026-03-07T00:23:20+02:00,https://t.me/idfofficial/16773,"IDF: A short while ago, the IDF identified missiles launched from Iran toward the territory of the State of Israel. Defensive systems are operating to intercept the threat. In the past few minutes, the Home Front Command has sent a precautionary directive directly to mobile phones in the relevant areas. The public is asked to act responsibly and follow the instructions—they save lives. Upon receiving an alert, the public is instructed to enter a protected space and remain there until further notice. Leaving a protected space is permitted only after receiving explicit instructions. The public is requested to continue acting in accordance with the Home Front Command’s guidelines.",134.0,2026-03-07 00:29:00,286.0,broad,5.666666666666667,0.7638888888888888,0.0,medium
tg_16776_1,16776,iran,missile,detection_before_alert,2026-03-07T04:37:20+02:00,https://t.me/idfofficial/16776,"IDF: A short while ago, the IDF identified missiles launched from Iran toward the territory of the State of Israel. Defensive systems are operating to intercept the threat. In the past few minutes, the Home Front Command has sent a precautionary directive directly to mobile phones in the relevant areas. The public is asked to act responsibly and follow the instructions—they save lives. Upon receiving an alert, the public is instructed to enter a protected space and remain there until further notice. Leaving a protected space is permitted only after receiving explicit instructions. The public is requested to continue acting in accordance with the Home Front Command’s guidelines.",138.0,2026-03-07 04:40:00,5.0,localized,2.6666666666666665,0.8888888888888888,0.0,high
tg_16778_1,16778,iran,missile,detection_before_alert,2026-03-07T04:57:33+02:00,https://t.me/idfofficial/16778,"IDF: A short while ago, the IDF identified missiles launched from Iran toward the territory of the State of Israel. Defensive systems are operating to intercept the threat. In the past few minutes, the Home Front Command has sent a precautionary directive directly to mobile phones in the relevant areas. The public is asked to act responsibly and follow the instructions—they save lives. Upon receiving an alert, the public is instructed to enter a protected space and remain there until further notice. Leaving a protected space is permitted only after receiving explicit instructions. The public is requested to continue acting in accordance with the Home Front Command’s guidelines.",139.0,2026-03-07 05:01:00,277.0,broad,3.45,0.85625,0.0,high
tg_16780_1,16780,iran,missile,detection_before_alert,2026-03-07T05:22:22+02:00,https://t.me/idfofficial/16780,"IDF: A short while ago, the IDF identified missiles launched from Iran toward the territory of the State of Israel. Defensive systems are operating to intercept the threat. In the past few minutes, the Home Front Command has sent a precautionary directive directly to mobile phones in the relevant areas. The public is asked to act responsibly and follow the instructions—they save lives. Upon receiving an alert, the public is instructed to enter a protected space and remain there until further notice. Leaving a protected space is permitted only after receiving explicit instructions. The public is requested to continue acting in accordance with the Home Front Command’s guidelines.",140.0,2026-03-07 05:27:00,196.0,broad,4.633333333333334,0.8069444444444445,0.39027777777777783,medium
tg_16782_1,16782,iran,missile,detection_before_alert,2026-03-07T06:20:56+02:00,https://t.me/idfofficial/16782,"IDF: A short while ago, the IDF identified missiles launched from Iran toward the territory of the State of Israel. Defensive systems are operating to intercept the threat. In the past few minutes, the Home Front Command has sent a precautionary directive directly to mobile phones in the relevant areas. The public is asked to act responsibly and follow the instructions—they save lives. Upon receiving an alert, the public is instructed to enter a protected space and remain there until further notice. Leaving a protected space is permitted only after receiving explicit instructions. The public is requested to continue acting in accordance with the Home Front Command’s guidelines.",143.0,2026-03-07 06:24:00,264.0,broad,3.066666666666667,0.8722222222222222,0.0,high
tg_16788_1,16788,iran,missile,detection_before_alert,2026-03-07T11:24:12+02:00,https://t.me/idfofficial/16788,"IDF: A short while ago, the IDF identified missiles launched from Iran toward the territory of the State of Israel. Defensive systems are operating to intercept the threat. In the past few minutes, the Home Front Command has sent a precautionary directive directly to mobile phones in the relevant areas. The public is asked to act responsibly and follow the instructions—they save lives. Upon receiving an alert, the public is instructed to enter a protected space and remain there until further notice. Leaving a protected space is permitted only after receiving explicit instructions. The public is requested to continue acting in accordance with the Home Front Command’s guidelines.",145.0,2026-03-07 11:27:00,236.0,broad,2.8,0.8833333333333333,0.0,high
tg_16792_1,16792,iran,missile,detection_before_alert,2026-03-07T14:50:44+02:00,https://t.me/idfofficial/16792,"IDF: A short while ago, the IDF identified missiles launched from Iran toward the territory of the State of Israel. Defensive systems are operating to intercept the threat. In the past few minutes, the Home Front Command has sent a precautionary directive directly to mobile phones in the relevant areas. The public is asked to act responsibly and follow the instructions—they save lives. Upon receiving an alert, the public is instructed to enter a protected space and remain there until further notice. Leaving a protected space is permitted only after receiving explicit instructions. The public is requested to continue acting in accordance with the Home Front Command’s guidelines.",152.0,2026-03-07 14:57:00,279.0,broad,6.266666666666667,0.7388888888888889,0.0,medium
tg_16794_1,16794,iran,missile,detection_before_alert,2026-03-07T15:26:14+02:00,https://t.me/idfofficial/16794,"IDF: A short while ago, the IDF identified missiles launched from Iran toward the territory of the State of Israel. Defensive systems are operating to intercept the threat. In the past few minutes, the Home Front Command has sent a precautionary directive directly to mobile phones in the relevant areas. The public is asked to act responsibly and follow the instructions—they save lives. Upon receiving an alert, the public is instructed to enter a protected space and remain there until further notice. Leaving a protected space is permitted only after receiving explicit instructions. The public is requested to continue acting in accordance with the Home Front Command’s guidelines.",154.0,2026-03-07 15:32:00,340.0,broad,5.766666666666667,0.7597222222222222,0.0,medium
tg_16801_1,16801,iran,missile,detection_before_alert,2026-03-07T19:32:44+02:00,https://t.me/idfofficial/16801,"IDF: A short while ago, the IDF identified missiles launched from Iran toward the territory of the State of Israel. Defensive systems are operating to intercept the threat. In the past few minutes, the Home Front Command has sent a precautionary directive directly to mobile phones in the relevant areas. The public is asked to act responsibly and follow the instructions—they save lives. Upon receiving an alert, the public is instructed to enter a protected space and remain there until further notice. Leaving a protected space is permitted only after receiving explicit instructions. The public is requested to continue acting in accordance with the Home Front Command’s guidelines.",158.0,2026-03-07 19:36:00,142.0,broad,3.2666666666666666,0.8638888888888889,0.0,high
tg_16805_1,16805,iran,missile,detection_before_alert,2026-03-07T20:30:06+02:00,https://t.me/idfofficial/16805,"IDF: A short while ago, the IDF identified missiles launched from Iran toward the territory of the State of Israel. Defensive systems are operating to intercept the threat. In the past few minutes, the Home Front Command has sent a precautionary directive directly to mobile phones in the relevant areas. The public is asked to act responsibly and follow the instructions—they save lives. Upon receiving an alert, the public is instructed to enter a protected space and remain there until further notice. Leaving a protected space is permitted only after receiving explicit instructions. The public is requested to continue acting in accordance with the Home Front Command’s guidelines.",161.0,2026-03-07 20:32:00,304.0,broad,1.9,0.9208333333333334,0.37916666666666665,high
tg_16808_1,16808,iran,missile,detection_before_alert,2026-03-07T21:46:52+02:00,https://t.me/idfofficial/16808,"IDF: A short while ago, the IDF identified missiles launched from Iran toward the territory of the State of Israel. Defensive systems are operating to intercept the threat. In the past few minutes, the Home Front Command has sent a precautionary directive directly to mobile phones in the relevant areas. The public is asked to act responsibly and follow the instructions—they save lives. Upon receiving an alert, the public is instructed to enter a protected space and remain there until further notice. Leaving a protected space is permitted only after receiving explicit instructions. The public is requested to continue acting in accordance with the Home Front Command’s guidelines.",164.0,2026-03-07 21:47:00,185.0,broad,0.13333333333333333,0.9944444444444445,0.0,high
tg_16810_1,16810,iran,missile,detection_before_alert,2026-03-07T22:54:26+02:00,https://t.me/idfofficial/16810,"IDF: A short while ago, the IDF identified missiles launched from Iran toward the territory of the State of Israel. Defensive systems are operating to intercept the threat. In the past few minutes, the Home Front Command has sent a precautionary directive directly to mobile phones in the relevant areas. The public is asked to act responsibly and follow the instructions—they save lives. Upon receiving an alert, the public is instructed to enter a protected space and remain there until further notice. Leaving a protected space is permitted only after receiving explicit instructions. The public is requested to continue acting in accordance with the Home Front Command’s guidelines.",167.0,2026-03-07 23:00:00,75.0,broad,5.566666666666666,0.7680555555555556,0.0,medium
tg_16815_1,16815,iran,missile,detection_before_alert,2026-03-08T02:19:17+02:00,https://t.me/idfofficial/16815,"IDF: A short while ago, the IDF identified missiles launched from Iran toward the territory of the State of Israel. Defensive systems are operating to intercept the threat. In the past few minutes, the Home Front Command has sent a precautionary directive directly to mobile phones in the relevant areas. The public is asked to act responsibly and follow the instructions—they save lives. Upon receiving an alert, the public is instructed to enter a protected space and remain there until further notice. Leaving a protected space is permitted only after receiving explicit instructions. The public is requested to continue acting in accordance with the Home Front Command’s guidelines.",172.0,2026-03-08 02:21:00,183.0,broad,1.7166666666666666,0.9284722222222223,0.0,high
tg_16818_1,16818,iran,missile,detection_before_alert,2026-03-08T05:40:49+02:00,https://t.me/idfofficial/16818,"IDF: A short while ago, the IDF identified missiles launched from Iran toward the territory of the State of Israel. Defensive systems are operating to intercept the threat. In the past few minutes, the Home Front Command has sent a precautionary directive directly to mobile phones in the relevant areas. The public is asked to act responsibly and follow the instructions—they save lives. Upon receiving an alert, the public is instructed to enter a protected space and remain there until further notice. Leaving a protected space is permitted only after receiving explicit instructions. The public is requested to continue acting in accordance with the Home Front Command’s guidelines.",175.0,2026-03-08 05:45:00,255.0,broad,4.183333333333334,0.8256944444444444,0.0,high
tg_16820_1,16820,iran,missile,detection_before_alert,2026-03-08T06:16:07+02:00,https://t.me/idfofficial/16820,"IDF: A short while ago, the IDF identified missiles launched from Iran toward the territory of the State of Israel. Defensive systems are operating to intercept the threat. In the past few minutes, the Home Front Command has sent a precautionary directive directly to mobile phones in the relevant areas. The public is asked to act responsibly and follow the instructions—they save lives. Upon receiving an alert, the public is instructed to enter a protected space and remain there until further notice. Leaving a protected space is permitted only after receiving explicit instructions. The public is requested to continue acting in accordance with the Home Front Command’s guidelines.",176.0,2026-03-08 06:22:00,77.0,broad,5.883333333333334,0.7548611111111111,0.0,medium
tg_16823_1,16823,iran,missile,detection_before_alert,2026-03-08T07:24:37+02:00,https://t.me/idfofficial/16823,"IDF: A short while ago, the IDF identified missiles launched from Iran toward the territory of the State of Israel. Defensive systems are operating to intercept the threat. In the past few minutes, the Home Front Command has sent a precautionary directive directly to mobile phones in the relevant areas. The public is asked to act responsibly and follow the instructions—they save lives. Upon receiving an alert, the public is instructed to enter a protected space and remain there until further notice. Leaving a protected space is permitted only after receiving explicit instructions. The public is requested to continue acting in accordance with the Home Front Command’s guidelines.",178.0,2026-03-08 07:27:00,356.0,broad,2.3833333333333333,0.9006944444444445,0.4423611111111111,high
tg_16828_1,16828,iran,missile,detection_before_alert,2026-03-08T13:43:58+02:00,https://t.me/idfofficial/16828,"IDF: A short while ago, the IDF identified missiles launched from Iran toward the territory of the State of Israel. Defensive systems are operating to intercept the threat. In the past few minutes, the Home Front Command has sent a precautionary directive directly to mobile phones in the relevant areas. The public is asked to act responsibly and follow the instructions—they save lives. Upon receiving an alert, the public is instructed to enter a protected space and remain there until further notice. Leaving a protected space is permitted only after receiving explicit instructions. The public is requested to continue acting in accordance with the Home Front Command’s guidelines.",184.0,2026-03-08 13:49:00,181.0,broad,5.033333333333333,0.7902777777777777,0.0,medium
tg_16831_1,16831,iran,missile,detection_before_alert,2026-03-08T14:21:59+02:00,https://t.me/idfofficial/16831,"IDF: A short while ago, the IDF identified missiles launched from Iran toward the territory of the State of Israel. Defensive systems are operating to intercept the threat. In the past few minutes, the Home Front Command has sent a precautionary directive directly to mobile phones in the relevant areas. The public is asked to act responsibly and follow the instructions—they save lives. Upon receiving an alert, the public is instructed to enter a protected space and remain there until further notice. Leaving a protected space is permitted only after receiving explicit instructions. The public is requested to continue acting in accordance with the Home Front Command’s guidelines.",186.0,2026-03-08 14:25:00,256.0,broad,3.0166666666666666,0.8743055555555556,0.0,high
tg_16839_1,16839,iran,missile,detection_before_alert,2026-03-08T16:40:27+02:00,https://t.me/idfofficial/16839,"IDF: A short while ago, the IDF identified missiles launched from Iran toward the territory of the State of Israel. Defensive systems are operating to intercept the threat. In the past few minutes, the Home Front Command has sent a precautionary directive directly to mobile phones in the relevant areas. The public is asked to act responsibly and follow the instructions—they save lives. Upon receiving an alert, the public is instructed to enter a protected space and remain there until further notice. Leaving a protected space is permitted only after receiving explicit instructions. The public is requested to continue acting in accordance with the Home Front Command’s guidelines.",190.0,2026-03-08 16:43:00,373.0,broad,2.55,0.89375,0.0,high
tg_16843_1,16843,iran,missile,detection_before_alert,2026-03-08T18:28:49+02:00,https://t.me/idfofficial/16843,"IDF: A short while ago, the IDF identified missiles launched from Iran toward the territory of the State of Israel. Defensive systems are operating to intercept the threat. In the past few minutes, the Home Front Command has sent a precautionary directive directly to mobile phones in the relevant areas. The public is asked to act responsibly and follow the instructions—they save lives. Upon receiving an alert, the public is instructed to enter a protected space and remain there until further notice. Leaving a protected space is permitted only after receiving explicit instructions. The public is requested to continue acting in accordance with the Home Front Command’s guidelines.",194.0,2026-03-08 18:35:00,509.0,broad,6.183333333333334,0.742361111111111,0.0,medium
tg_16850_1,16850,iran,missile,detection_before_alert,2026-03-09T01:10:48+02:00,https://t.me/idfofficial/16850,"IDF: A short while ago, the IDF identified missiles launched from Iran toward the territory of the State of Israel. Defensive systems are operating to intercept the threat. In the past few minutes, the Home Front Command has sent a precautionary directive directly to mobile phones in the relevant areas. The public is asked to act responsibly and follow the instructions—they save lives. Upon receiving an alert, the public is instructed to enter a protected space and remain there until further notice. Leaving a protected space is permitted only after receiving explicit instructions. The public is requested to continue acting in accordance with the Home Front Command’s guidelines.",197.0,2026-03-09 01:13:00,105.0,broad,2.2,0.9083333333333333,0.4916666666666667,high
tg_16852_1,16852,iran,missile,detection_before_alert,2026-03-09T01:29:28+02:00,https://t.me/idfofficial/16852,"IDF: A short while ago, the IDF identified missiles launched from Iran toward the territory of the State of Israel. Defensive systems are operating to intercept the threat. In the past few minutes, the Home Front Command has sent a precautionary directive directly to mobile phones in the relevant areas. The public is asked to act responsibly and follow the instructions—they save lives. Upon receiving an alert, the public is instructed to enter a protected space and remain there until further notice. Leaving a protected space is permitted only after receiving explicit instructions. The public is requested to continue acting in accordance with the Home Front Command’s guidelines.",199.0,2026-03-09 01:35:00,419.0,broad,5.533333333333333,0.7694444444444445,0.0,medium
tg_16854_1,16854,iran,missile,detection_before_alert,2026-03-09T03:58:14+02:00,https://t.me/idfofficial/16854,"IDF: A short while ago, the IDF identified missiles launched from Iran toward the territory of the State of Israel. Defensive systems are operating to intercept the threat. In the past few minutes, the Home Front Command has sent a precautionary directive directly to mobile phones in the relevant areas. The public is asked to act responsibly and follow the instructions—they save lives. Upon receiving an alert, the public is instructed to enter a protected space and remain there until further notice. Leaving a protected space is permitted only after receiving explicit instructions. The public is requested to continue acting in accordance with the Home Front Command’s guidelines.",200.0,2026-03-09 04:01:00,272.0,broad,2.7666666666666666,0.8847222222222222,0.0,high
tg_16859_1,16859,iran,missile,detection_before_alert,2026-03-09T08:08:22+02:00,https://t.me/idfofficial/16859,"IDF: A short while ago, the IDF identified missiles launched from Iran toward the territory of the State of Israel. Defensive systems are operating to intercept the threat. In the past few minutes, the Home Front Command has sent a precautionary directive directly to mobile phones in the relevant areas. The public is asked to act responsibly and follow the instructions—they save lives. Upon receiving an alert, the public is instructed to enter a protected space and remain there until further notice. Leaving a protected space is permitted only after receiving explicit instructions. The public is requested to continue acting in accordance with the Home Front Command’s guidelines.",203.0,2026-03-09 08:15:00,211.0,broad,6.633333333333334,0.7236111111111111,0.0,medium
tg_16862_1,16862,iran,missile,detection_before_alert,2026-03-09T10:13:10+02:00,https://t.me/idfofficial/16862,"IDF: A short while ago, the IDF identified missiles launched from Iran toward the territory of the State of Israel. Defensive systems are operating to intercept the threat. In the past few minutes, the Home Front Command has sent a precautionary directive directly to mobile phones in the relevant areas. The public is asked to act responsibly and follow the instructions—they save lives. Upon receiving an alert, the public is instructed to enter a protected space and remain there until further notice. Leaving a protected space is permitted only after receiving explicit instructions. The public is requested to continue acting in accordance with the Home Front Command’s guidelines.",205.0,2026-03-09 10:19:00,584.0,broad,5.833333333333333,0.7569444444444444,0.0,medium
tg_16864_1,16864,iran,missile,detection_before_alert,2026-03-09T10:36:07+02:00,https://t.me/idfofficial/16864,"IDF: A short while ago, the IDF identified missiles launched from Iran toward the territory of the State of Israel. Defensive systems are operating to intercept the threat. In the past few minutes, the Home Front Command has sent a precautionary directive directly to mobile phones in the relevant areas. The public is asked to act responsibly and follow the instructions—they save lives. Upon receiving an alert, the public is instructed to enter a protected space and remain there until further notice. Leaving a protected space is permitted only after receiving explicit instructions. The public is requested to continue acting in accordance with the Home Front Command’s guidelines.",206.0,2026-03-09 10:36:00,198.0,broad,-0.11666666666666667,0.7083333333333333,0.0,medium
tg_16867_1,16867,iran,missile,detection_before_alert,2026-03-09T11:08:58+02:00,https://t.me/idfofficial/16867,"IDF: A short while ago, the IDF identified missiles launched from Iran toward the territory of the State of Israel. Defensive systems are operating to intercept the threat. In the past few minutes, the Home Front Command has sent a precautionary directive directly to mobile phones in the relevant areas. The public is asked to act responsibly and follow the instructions—they save lives. Upon receiving an alert, the public is instructed to enter a protected space and remain there until further notice. Leaving a protected space is permitted only after receiving explicit instructions. The public is requested to continue acting in accordance with the Home Front Command’s guidelines.",207.0,2026-03-09 11:15:00,238.0,broad,6.033333333333333,0.7486111111111111,0.0,medium
tg_16875_1,16875,iran,missile,detection_before_alert,2026-03-09T16:31:49+02:00,https://t.me/idfofficial/16875,"IDF: A short while ago, the IDF identified missiles launched from Iran toward the territory of the State of Israel. Defensive systems are operating to intercept the threat. In the past few minutes, the Home Front Command has sent a precautionary directive directly to mobile phones in the relevant areas. The public is asked to act responsibly and follow the instructions—they save lives. Upon receiving an alert, the public is instructed to enter a protected space and remain there until further notice. Leaving a protected space is permitted only after receiving explicit instructions. The public is requested to continue acting in accordance with the Home Front Command’s guidelines.",,,,,,,,unmatched
tg_16877_1,16877,lebanon,projectile,confirmation_after_alert,2026-03-09T17:30:43+02:00,https://t.me/idfofficial/16877,"IDF: Following the sirens that sounded in several areas in Israel, several projectiles that crossed from Lebanon into Israeli territory were identified. The Israeli Air Force intercepted several launches and several additional launches fell in an open area. Additionally, a report was received regarding an impact in central Israel. Search and Rescue forces are operating in the locations where reports of fallen projectiles were received. The circumstances of the incident are under review. The public is requested to continue to follow the Home Front Command instructions.",215.0,2026-03-09 17:21:00,2.0,localized,-9.716666666666667,0.8704444444444445,0.6037777777777777,high
tg_16878_1,16878,iran,missile,detection_before_alert,2026-03-09T17:47:21+02:00,https://t.me/idfofficial/16878,"IDF: A short while ago, the IDF identified missiles launched from Iran toward the territory of the State of Israel. Defensive systems are operating to intercept the threat. In the past few minutes, the Home Front Command has sent a precautionary directive directly to mobile phones in the relevant areas. The public is asked to act responsibly and follow the instructions—they save lives. Upon receiving an alert, the public is instructed to enter a protected space and remain there until further notice. Leaving a protected space is permitted only after receiving explicit instructions. The public is requested to continue acting in accordance with the Home Front Command’s guidelines.",216.0,2026-03-09 17:49:00,7.0,localized,1.65,0.93125,0.0,high
tg_16880_1,16880,iran,mixed,launch_report,2026-03-09T18:24:18+02:00,https://t.me/idfofficial/16880,"IDF: The IDF Deepens strikes on Iranian terror regime’s launch capabilities: IRGC UAV headquarters targeted The IDF continues to deepen damage done to the Iranian terror regime's military systems and capabilities. The Israeli Air Force, acting on IDF intelligence, completed an additional wave of strikes on dozens of infrastructure sites belonging to the Iranian regime across several areas in Iran. As part of the strikes, the IDF targeted an IRGC UAV headquarters. From there, the Iranian terror regime launched UAVs toward the State of Israel and stored within it additional UAVs that were prepared for launch. The combined effort to further degrade the regime's firing capabilities and defense capabilities continues at these moment, alongside the continued expansion of strikes on the ballistic-missile production infrastructure throughout Iran. The completed strikes are part of the phase aimed at deepening the damage to the core military arrays and systems of the Iranian terror regime. Attached is a related graphic of the UAV headquarters: https://IDFANC.activetrail.biz/ANC0903202668498435792879359472",217.0,2026-03-09 18:31:00,1.0,localized,6.7,0.8781818181818182,0.35818181818181827,high
tg_16884_1,16884,iran,missile,detection_before_alert,2026-03-09T20:53:08+02:00,https://t.me/idfofficial/16884,"IDF: A short while ago, the IDF identified missiles launched from Iran toward the territory of the State of Israel. Defensive systems are operating to intercept the threat. In the past few minutes, the Home Front Command has sent a precautionary directive directly to mobile phones in the relevant areas. The public is asked to act responsibly and follow the instructions—they save lives. Upon receiving an alert, the public is instructed to enter a protected space and remain there until further notice. Leaving a protected space is permitted only after receiving explicit instructions. The public is requested to continue acting in accordance with the Home Front Command’s guidelines.",219.0,2026-03-09 20:58:00,30.0,broad,4.866666666666666,0.7972222222222223,0.0,medium
tg_16887_1,16887,iran,missile,detection_before_alert,2026-03-09T21:36:10+02:00,https://t.me/idfofficial/16887,"IDF: A short while ago, the IDF identified missiles launched from Iran toward the territory of the State of Israel. Defensive systems are operating to intercept the threat. In the past few minutes, the Home Front Command has sent a precautionary directive directly to mobile phones in the relevant areas. The public is asked to act responsibly and follow the instructions—they save lives. Upon receiving an alert, the public is instructed to enter a protected space and remain there until further notice. Leaving a protected space is permitted only after receiving explicit instructions. The public is requested to continue acting in accordance with the Home Front Command’s guidelines.",220.0,2026-03-09 21:37:00,175.0,broad,0.8333333333333334,0.9652777777777778,0.0,high
tg_16891_1,16891,iran,missile,detection_before_alert,2026-03-09T23:54:33+02:00,https://t.me/idfofficial/16891,"IDF: A short while ago, the IDF identified missiles launched from Iran toward the territory of the State of Israel. Defensive systems are operating to intercept the threat. In the past few minutes, the Home Front Command has sent a precautionary directive directly to mobile phones in the relevant areas. The public is asked to act responsibly and follow the instructions—they save lives. Upon receiving an alert, the public is instructed to enter a protected space and remain there until further notice. Leaving a protected space is permitted only after receiving explicit instructions. The public is requested to continue acting in accordance with the Home Front Command’s guidelines.",222.0,2026-03-09 23:59:00,269.0,broad,4.45,0.8145833333333333,0.0,medium
tg_16894_1,16894,iran,missile,detection_before_alert,2026-03-10T09:54:38+02:00,https://t.me/idfofficial/16894,"IDF: A short while ago, the IDF identified missiles launched from Iran toward the territory of the State of Israel. Defensive systems are operating to intercept the threat. In the past few minutes, the Home Front Command has sent a precautionary directive directly to mobile phones in the relevant areas. The public is asked to act responsibly and follow the instructions—they save lives. Upon receiving an alert, the public is instructed to enter a protected space and remain there until further notice. Leaving a protected space is permitted only after receiving explicit instructions. The public is requested to continue acting in accordance with the Home Front Command’s guidelines.",230.0,2026-03-10 09:59:00,316.0,broad,4.366666666666666,0.8180555555555555,0.0,medium
tg_16901_1,16901,iran,missile,detection_before_alert,2026-03-10T13:23:21+02:00,https://t.me/idfofficial/16901,"IDF: A short while ago, the IDF identified missiles launched from Iran toward the territory of the State of Israel. Defensive systems are operating to intercept the threat. In the past few minutes, the Home Front Command has sent a precautionary directive directly to mobile phones in the relevant areas. The public is asked to act responsibly and follow the instructions—they save lives. Upon receiving an alert, the public is instructed to enter a protected space and remain there until further notice. Leaving a protected space is permitted only after receiving explicit instructions. The public is requested to continue acting in accordance with the Home Front Command’s guidelines.",231.0,2026-03-10 13:29:00,417.0,broad,5.65,0.7645833333333333,0.0,medium
tg_16904_1,16904,iran,missile,detection_before_alert,2026-03-10T14:22:01+02:00,https://t.me/idfofficial/16904,"IDF: A short while ago, the IDF identified missiles launched from Iran toward the territory of the State of Israel. Defensive systems are operating to intercept the threat. In the past few minutes, the Home Front Command has sent a precautionary directive directly to mobile phones in the relevant areas. The public is asked to act responsibly and follow the instructions—they save lives. Upon receiving an alert, the public is instructed to enter a protected space and remain there until further notice. Leaving a protected space is permitted only after receiving explicit instructions. The public is requested to continue acting in accordance with the Home Front Command’s guidelines.",232.0,2026-03-10 14:27:00,495.0,broad,4.983333333333333,0.7923611111111111,0.0,medium
tg_16910_1,16910,iran,missile,detection_before_alert,2026-03-10T17:08:53+02:00,https://t.me/idfofficial/16910,"IDF: A short while ago, the IDF identified missiles launched from Iran toward the territory of the State of Israel. Defensive systems are operating to intercept the threat. In the past few minutes, the Home Front Command has sent a precautionary directive directly to mobile phones in the relevant areas. The public is asked to act responsibly and follow the instructions—they save lives. Upon receiving an alert, the public is instructed to enter a protected space and remain there until further notice. Leaving a protected space is permitted only after receiving explicit instructions. The public is requested to continue acting in accordance with the Home Front Command’s guidelines.",237.0,2026-03-10 17:12:00,245.0,broad,3.1166666666666667,0.8701388888888889,0.0,high
tg_16913_1,16913,iran,missile,detection_before_alert,2026-03-10T19:44:20+02:00,https://t.me/idfofficial/16913,"IDF: A short while ago, the IDF identified missiles launched from Iran toward the territory of the State of Israel. Defensive systems are operating to intercept the threat. In the past few minutes, the Home Front Command has sent a precautionary directive directly to mobile phones in the relevant areas. The public is asked to act responsibly and follow the instructions—they save lives. Upon receiving an alert, the public is instructed to enter a protected space and remain there until further notice. Leaving a protected space is permitted only after receiving explicit instructions. The public is requested to continue acting in accordance with the Home Front Command’s guidelines.",241.0,2026-03-10 19:48:00,184.0,broad,3.6666666666666665,0.8472222222222222,0.0,high
tg_16920_1,16920,iran,missile,detection_before_alert,2026-03-10T23:33:07+02:00,https://t.me/idfofficial/16920,"IDF: A short while ago, the IDF identified missiles launched from Iran toward the territory of the State of Israel. Defensive systems are operating to intercept the threat. In the past few minutes, the Home Front Command has sent a precautionary directive directly to mobile phones in the relevant areas. The public is asked to act responsibly and follow the instructions—they save lives. Upon receiving an alert, the public is instructed to enter a protected space and remain there until further notice. Leaving a protected space is permitted only after receiving explicit instructions. The public is requested to continue acting in accordance with the Home Front Command’s guidelines.",244.0,2026-03-10 23:36:00,318.0,broad,2.8833333333333333,0.8798611111111111,0.0,high
tg_16923_1,16923,iran,missile,detection_before_alert,2026-03-11T00:50:24+02:00,https://t.me/idfofficial/16923,"IDF: A short while ago, the IDF identified missiles launched from Iran toward the territory of the State of Israel. Defensive systems are operating to intercept the threat. In the past few minutes, the Home Front Command has sent a precautionary directive directly to mobile phones in the relevant areas. The public is asked to act responsibly and follow the instructions—they save lives. Upon receiving an alert, the public is instructed to enter a protected space and remain there until further notice. Leaving a protected space is permitted only after receiving explicit instructions. The public is requested to continue acting in accordance with the Home Front Command’s guidelines.",245.0,2026-03-11 00:55:00,165.0,broad,4.6,0.8083333333333333,0.2666666666666666,medium
tg_16925_1,16925,iran,missile,detection_before_alert,2026-03-11T03:41:59+02:00,https://t.me/idfofficial/16925,"IDF: A short while ago, the IDF identified missiles launched from Iran toward the territory of the State of Israel. Defensive systems are operating to intercept the threat. In the past few minutes, the Home Front Command has sent a precautionary directive directly to mobile phones in the relevant areas. The public is asked to act responsibly and follow the instructions—they save lives. Upon receiving an alert, the public is instructed to enter a protected space and remain there until further notice. Leaving a protected space is permitted only after receiving explicit instructions. The public is requested to continue acting in accordance with the Home Front Command’s guidelines.",248.0,2026-03-11 03:47:00,287.0,broad,5.016666666666667,0.7909722222222222,0.0,medium
tg_16927_1,16927,iran,missile,detection_before_alert,2026-03-11T04:32:58+02:00,https://t.me/idfofficial/16927,"IDF: A short while ago, the IDF identified missiles launched from Iran toward the territory of the State of Israel. Defensive systems are operating to intercept the threat. In the past few minutes, the Home Front Command has sent a precautionary directive directly to mobile phones in the relevant areas. The public is asked to act responsibly and follow the instructions—they save lives. Upon receiving an alert, the public is instructed to enter a protected space and remain there until further notice. Leaving a protected space is permitted only after receiving explicit instructions. The public is requested to continue acting in accordance with the Home Front Command’s guidelines.",250.0,2026-03-11 04:38:00,150.0,broad,5.033333333333333,0.7902777777777777,0.0,medium
tg_16933_1,16933,iran,missile,detection_before_alert,2026-03-11T13:42:52+02:00,https://t.me/idfofficial/16933,"IDF: A short while ago, the IDF identified missiles launched from Iran toward the territory of the State of Israel. Defensive systems are operating to intercept the threat. In the past few minutes, the Home Front Command has sent a precautionary directive directly to mobile phones in the relevant areas. The public is asked to act responsibly and follow the instructions—they save lives. Upon receiving an alert, the public is instructed to enter a protected space and remain there until further notice. Leaving a protected space is permitted only after receiving explicit instructions. The public is requested to continue acting in accordance with the Home Front Command’s guidelines.",251.0,2026-03-11 13:48:00,343.0,broad,5.133333333333334,0.7861111111111111,0.0,medium
tg_16941_1,16941,iran,missile,detection_before_alert,2026-03-11T19:40:16+02:00,https://t.me/idfofficial/16941,"IDF: A short while ago, the IDF identified missiles launched from Iran toward the territory of the State of Israel. Defensive systems are operating to intercept the threat. In the past few minutes, the Home Front Command has sent a precautionary directive directly to mobile phones in the relevant areas. The public is asked to act responsibly and follow the instructions—they save lives. Upon receiving an alert, the public is instructed to enter a protected space and remain there until further notice. Leaving a protected space is permitted only after receiving explicit instructions. The public is requested to continue acting in accordance with the Home Front Command’s guidelines.",254.0,2026-03-11 19:46:00,500.0,broad,5.733333333333333,0.7611111111111111,0.0,medium
tg_16945_1,16945,iran,missile,detection_before_alert,2026-03-12T00:31:16+02:00,https://t.me/idfofficial/16945,"IDF: A short while ago, the IDF identified missiles launched from Iran toward the territory of the State of Israel. Defensive systems are operating to intercept the threat. In the past few minutes, the Home Front Command has sent a precautionary directive directly to mobile phones in the relevant areas. The public is asked to act responsibly and follow the instructions—they save lives. Upon receiving an alert, the public is instructed to enter a protected space and remain there until further notice. Leaving a protected space is permitted only after receiving explicit instructions. The public is requested to continue acting in accordance with the Home Front Command’s guidelines.",,,,,,,,unmatched
tg_16949_1,16949,iran,missile,detection_before_alert,2026-03-12T04:00:17+02:00,https://t.me/idfofficial/16949,"IDF: A short while ago, the IDF identified missiles launched from Iran toward the territory of the State of Israel. Defensive systems are operating to intercept the threat. In the past few minutes, the Home Front Command has sent a precautionary directive directly to mobile phones in the relevant areas. The public is asked to act responsibly and follow the instructions—they save lives. Upon receiving an alert, the public is instructed to enter a protected space and remain there until further notice. Leaving a protected space is permitted only after receiving explicit instructions. The public is requested to continue acting in accordance with the Home Front Command’s guidelines.",265.0,2026-03-12 04:05:00,272.0,broad,4.716666666666667,0.8034722222222223,0.0,medium
tg_16951_1,16951,iran,missile,detection_before_alert,2026-03-12T06:29:43+02:00,https://t.me/idfofficial/16951,"IDF: A short while ago, the IDF identified missiles launched from Iran toward the territory of the State of Israel. Defensive systems are operating to intercept the threat. In the past few minutes, the Home Front Command has sent a precautionary directive directly to mobile phones in the relevant areas. The public is asked to act responsibly and follow the instructions—they save lives. Upon receiving an alert, the public is instructed to enter a protected space and remain there until further notice. Leaving a protected space is permitted only after receiving explicit instructions. The public is requested to continue acting in accordance with the Home Front Command’s guidelines.",266.0,2026-03-12 06:35:00,261.0,broad,5.283333333333333,0.7798611111111111,0.0,medium
tg_16954_1,16954,iran,missile,detection_before_alert,2026-03-12T09:23:06+02:00,https://t.me/idfofficial/16954,"IDF: A short while ago, the IDF identified missiles launched from Iran toward the territory of the State of Israel. Defensive systems are operating to intercept the threat. In the past few minutes, the Home Front Command has sent a precautionary directive directly to mobile phones in the relevant areas. The public is asked to act responsibly and follow the instructions—they save lives. Upon receiving an alert, the public is instructed to enter a protected space and remain there until further notice. Leaving a protected space is permitted only after receiving explicit instructions. The public is requested to continue acting in accordance with the Home Front Command’s guidelines.",267.0,2026-03-12 09:26:00,174.0,broad,2.9,0.8791666666666667,0.0,high
tg_16962_1,16962,iran,missile,detection_before_alert,2026-03-12T14:58:12+02:00,https://t.me/idfofficial/16962,"IDF: A short while ago, the IDF identified missiles launched from Iran toward the territory of the State of Israel. Defensive systems are operating to intercept the threat. In the past few minutes, the Home Front Command has sent a precautionary directive directly to mobile phones in the relevant areas. The public is asked to act responsibly and follow the instructions—they save lives. Upon receiving an alert, the public is instructed to enter a protected space and remain there until further notice. Leaving a protected space is permitted only after receiving explicit instructions. The public is requested to continue acting in accordance with the Home Front Command’s guidelines.",,,,,,,,unmatched
tg_16975_1,16975,iran,missile,detection_before_alert,2026-03-12T21:39:19+02:00,https://t.me/idfofficial/16975,"IDF: A short while ago, the IDF identified missiles launched from Iran toward the territory of the State of Israel. Defensive systems are operating to intercept the threat. In the past few minutes, the Home Front Command has sent a precautionary directive directly to mobile phones in the relevant areas. The public is asked to act responsibly and follow the instructions—they save lives. Upon receiving an alert, the public is instructed to enter a protected space and remain there until further notice. Leaving a protected space is permitted only after receiving explicit instructions. The public is requested to continue acting in accordance with the Home Front Command’s guidelines.",279.0,2026-03-12 21:43:00,148.0,broad,3.683333333333333,0.8465277777777778,0.0,high
tg_16978_1,16978,iran,missile,detection_before_alert,2026-03-13T01:47:11+02:00,https://t.me/idfofficial/16978,"IDF: A short while ago, the IDF identified missiles launched from Iran toward the territory of the State of Israel. Defensive systems are operating to intercept the threat. In the past few minutes, the Home Front Command has sent a precautionary directive directly to mobile phones in the relevant areas. The public is asked to act responsibly and follow the instructions—they save lives. Upon receiving an alert, the public is instructed to enter a protected space and remain there until further notice. Leaving a protected space is permitted only after receiving explicit instructions. The public is requested to continue acting in accordance with the Home Front Command’s guidelines.",282.0,2026-03-13 01:53:00,212.0,broad,5.816666666666666,0.7576388888888889,0.0,medium
tg_16980_1,16980,iran,missile,detection_before_alert,2026-03-13T02:17:52+02:00,https://t.me/idfofficial/16980,"IDF: A short while ago, the IDF identified missiles launched from Iran toward the territory of the State of Israel. Defensive systems are operating to intercept the threat. In the past few minutes, the Home Front Command has sent a precautionary directive directly to mobile phones in the relevant areas. The public is asked to act responsibly and follow the instructions—they save lives. Upon receiving an alert, the public is instructed to enter a protected space and remain there until further notice. Leaving a protected space is permitted only after receiving explicit instructions. The public is requested to continue acting in accordance with the Home Front Command’s guidelines.",283.0,2026-03-13 02:23:00,268.0,broad,5.133333333333334,0.7861111111111111,0.0,medium
tg_16985_1,16985,iran,missile,detection_before_alert,2026-03-13T08:00:05+02:00,https://t.me/idfofficial/16985,"IDF: A short while ago, the IDF identified missiles launched from Iran toward the territory of the State of Israel. Defensive systems are operating to intercept the threat. In the past few minutes, the Home Front Command has sent a precautionary directive directly to mobile phones in the relevant areas. The public is asked to act responsibly and follow the instructions—they save lives. Upon receiving an alert, the public is instructed to enter a protected space and remain there until further notice. Leaving a protected space is permitted only after receiving explicit instructions. The public is requested to continue acting in accordance with the Home Front Command’s guidelines.",286.0,2026-03-13 08:07:00,3.0,localized,6.916666666666667,0.7118055555555556,0.0,medium
tg_16992_1,16992,iran,missile,detection_before_alert,2026-03-13T13:27:40+02:00,https://t.me/idfofficial/16992,"IDF: A short while ago, the IDF identified missiles launched from Iran toward the territory of the State of Israel. Defensive systems are operating to intercept the threat. In the past few minutes, the Home Front Command has sent a precautionary directive directly to mobile phones in the relevant areas. The public is asked to act responsibly and follow the instructions—they save lives. Upon receiving an alert, the public is instructed to enter a protected space and remain there until further notice. Leaving a protected space is permitted only after receiving explicit instructions. The public is requested to continue acting in accordance with the Home Front Command’s guidelines.",292.0,2026-03-13 13:34:00,256.0,broad,6.333333333333333,0.7361111111111112,0.0,medium
tg_16995_1,16995,iran,missile,detection_before_alert,2026-03-13T16:59:57+02:00,https://t.me/idfofficial/16995,"IDF: A short while ago, the IDF identified missiles launched from Iran toward the territory of the State of Israel. Defensive systems are operating to intercept the threat. In the past few minutes, the Home Front Command has sent a precautionary directive directly to mobile phones in the relevant areas. The public is asked to act responsibly and follow the instructions—they save lives. Upon receiving an alert, the public is instructed to enter a protected space and remain there until further notice. Leaving a protected space is permitted only after receiving explicit instructions. The public is requested to continue acting in accordance with the Home Front Command’s guidelines.",298.0,2026-03-13 17:05:00,185.0,broad,5.05,0.7895833333333333,0.0,medium
tg_17004_1,17004,iran,missile,detection_before_alert,2026-03-13T19:26:53+02:00,https://t.me/idfofficial/17004,"IDF: A short while ago, the IDF identified missiles launched from Iran toward the territory of the State of Israel. Defensive systems are operating to intercept the threat. In the past few minutes, the Home Front Command has sent a precautionary directive directly to mobile phones in the relevant areas. The public is asked to act responsibly and follow the instructions—they save lives. Upon receiving an alert, the public is instructed to enter a protected space and remain there until further notice. Leaving a protected space is permitted only after receiving explicit instructions. The public is requested to continue acting in accordance with the Home Front Command’s guidelines.",301.0,2026-03-13 19:32:00,301.0,broad,5.116666666666666,0.7868055555555555,0.0,medium
tg_17011_1,17011,iran,missile,detection_before_alert,2026-03-13T23:10:38+02:00,https://t.me/idfofficial/17011,"IDF: A short while ago, the IDF identified missiles launched from Iran toward the territory of the State of Israel. Defensive systems are operating to intercept the threat. In the past few minutes, the Home Front Command has sent a precautionary directive directly to mobile phones in the relevant areas. The public is asked to act responsibly and follow the instructions—they save lives. Upon receiving an alert, the public is instructed to enter a protected space and remain there until further notice. Leaving a protected space is permitted only after receiving explicit instructions. The public is requested to continue acting in accordance with the Home Front Command’s guidelines.",304.0,2026-03-13 23:15:00,377.0,broad,4.366666666666666,0.8180555555555555,0.0,medium
tg_17013_1,17013,iran,missile,detection_before_alert,2026-03-14T02:22:40+02:00,https://t.me/idfofficial/17013,"IDF: A short while ago, the IDF identified missiles launched from Iran toward the territory of the State of Israel. Defensive systems are operating to intercept the threat. In the past few minutes, the Home Front Command has sent a precautionary directive directly to mobile phones in the relevant areas. The public is asked to act responsibly and follow the instructions—they save lives. Upon receiving an alert, the public is instructed to enter a protected space and remain there until further notice. Leaving a protected space is permitted only after receiving explicit instructions. The public is requested to continue acting in accordance with the Home Front Command’s guidelines.",305.0,2026-03-14 02:26:00,200.0,broad,3.3333333333333335,0.8611111111111112,0.0,high
tg_17018_1,17018,iran,missile,detection_before_alert,2026-03-14T12:41:18+02:00,https://t.me/idfofficial/17018,"IDF: A short while ago, the IDF identified missiles launched from Iran toward the territory of the State of Israel. Defensive systems are operating to intercept the threat. In the past few minutes, the Home Front Command has sent a precautionary directive directly to mobile phones in the relevant areas. The public is asked to act responsibly and follow the instructions—they save lives. Upon receiving an alert, the public is instructed to enter a protected space and remain there until further notice. Leaving a protected space is permitted only after receiving explicit instructions. The public is requested to continue acting in accordance with the Home Front Command’s guidelines.",316.0,2026-03-14 12:47:00,3.0,localized,5.7,0.7625,0.0,medium
tg_17021_1,17021,iran,missile,detection_before_alert,2026-03-14T14:39:55+02:00,https://t.me/idfofficial/17021,"IDF: A short while ago, the IDF identified missiles launched from Iran toward the territory of the State of Israel. Defensive systems are operating to intercept the threat. In the past few minutes, the Home Front Command has sent a precautionary directive directly to mobile phones in the relevant areas. The public is asked to act responsibly and follow the instructions—they save lives. Upon receiving an alert, the public is instructed to enter a protected space and remain there until further notice. Leaving a protected space is permitted only after receiving explicit instructions. The public is requested to continue acting in accordance with the Home Front Command’s guidelines.",319.0,2026-03-14 14:43:00,142.0,broad,3.0833333333333335,0.8715277777777778,0.0,high
tg_17023_1,17023,iran,missile,detection_before_alert,2026-03-14T15:00:48+02:00,https://t.me/idfofficial/17023,"IDF: A short while ago, the IDF identified missiles launched from Iran toward the territory of the State of Israel. Defensive systems are operating to intercept the threat. In the past few minutes, the Home Front Command has sent a precautionary directive directly to mobile phones in the relevant areas. The public is asked to act responsibly and follow the instructions—they save lives. Upon receiving an alert, the public is instructed to enter a protected space and remain there until further notice. Leaving a protected space is permitted only after receiving explicit instructions. The public is requested to continue acting in accordance with the Home Front Command’s guidelines.",320.0,2026-03-14 15:02:00,134.0,broad,1.2,0.95,0.0,high
tg_17027_1,17027,iran,missile,detection_before_alert,2026-03-14T16:26:06+02:00,https://t.me/idfofficial/17027,"IDF: A short while ago, the IDF identified missiles launched from Iran toward the territory of the State of Israel. Defensive systems are operating to intercept the threat. In the past few minutes, the Home Front Command has sent a precautionary directive directly to mobile phones in the relevant areas. The public is asked to act responsibly and follow the instructions—they save lives. Upon receiving an alert, the public is instructed to enter a protected space and remain there until further notice. Leaving a protected space is permitted only after receiving explicit instructions. The public is requested to continue acting in accordance with the Home Front Command’s guidelines.",323.0,2026-03-14 16:29:00,394.0,broad,2.9,0.8791666666666667,0.0,high
tg_17034_1,17034,iran,missile,detection_before_alert,2026-03-14T19:08:36+02:00,https://t.me/idfofficial/17034,"IDF: A short while ago, the IDF identified missiles launched from Iran toward the territory of the State of Israel. Defensive systems are operating to intercept the threat. In the past few minutes, the Home Front Command has sent a precautionary directive directly to mobile phones in the relevant areas. The public is asked to act responsibly and follow the instructions—they save lives. Upon receiving an alert, the public is instructed to enter a protected space and remain there until further notice. Leaving a protected space is permitted only after receiving explicit instructions. The public is requested to continue acting in accordance with the Home Front Command’s guidelines.",328.0,2026-03-14 19:12:00,65.0,broad,3.4,0.8583333333333334,0.0,high
tg_17039_1,17039,iran,missile,detection_before_alert,2026-03-15T01:15:52+02:00,https://t.me/idfofficial/17039,"IDF: A short while ago, the IDF identified missiles launched from Iran toward the territory of the State of Israel. Defensive systems are operating to intercept the threat. In the past few minutes, the Home Front Command has sent a precautionary directive directly to mobile phones in the relevant areas. The public is asked to act responsibly and follow the instructions—they save lives. Upon receiving an alert, the public is instructed to enter a protected space and remain there until further notice. Leaving a protected space is permitted only after receiving explicit instructions. The public is requested to continue acting in accordance with the Home Front Command’s guidelines.",332.0,2026-03-15 01:21:00,3.0,localized,5.133333333333334,0.7861111111111111,0.0,medium
tg_17041_1,17041,iran,missile,detection_before_alert,2026-03-15T02:25:05+02:00,https://t.me/idfofficial/17041,"IDF: A short while ago, the IDF identified missiles launched from Iran toward the territory of the State of Israel. Defensive systems are operating to intercept the threat. In the past few minutes, the Home Front Command has sent a precautionary directive directly to mobile phones in the relevant areas. The public is asked to act responsibly and follow the instructions—they save lives. Upon receiving an alert, the public is instructed to enter a protected space and remain there until further notice. Leaving a protected space is permitted only after receiving explicit instructions. The public is requested to continue acting in accordance with the Home Front Command’s guidelines.",,,,,,,,unmatched
tg_17044_1,17044,iran,missile,detection_before_alert,2026-03-15T05:34:38+02:00,https://t.me/idfofficial/17044,"IDF: A short while ago, the IDF identified missiles launched from Iran toward the territory of the State of Israel. Defensive systems are operating to intercept the threat. In the past few minutes, the Home Front Command has sent a precautionary directive directly to mobile phones in the relevant areas. The public is asked to act responsibly and follow the instructions—they save lives. Upon receiving an alert, the public is instructed to enter a protected space and remain there until further notice. Leaving a protected space is permitted only after receiving explicit instructions. The public is requested to continue acting in accordance with the Home Front Command’s guidelines.",335.0,2026-03-15 05:38:00,137.0,broad,3.3666666666666667,0.8597222222222223,0.0,high
tg_17046_1,17046,iran,missile,detection_before_alert,2026-03-15T06:14:53+02:00,https://t.me/idfofficial/17046,"IDF: A short while ago, the IDF identified missiles launched from Iran toward the territory of the State of Israel. Defensive systems are operating to intercept the threat. In the past few minutes, the Home Front Command has sent a precautionary directive directly to mobile phones in the relevant areas. The public is asked to act responsibly and follow the instructions—they save lives. Upon receiving an alert, the public is instructed to enter a protected space and remain there until further notice. Leaving a protected space is permitted only after receiving explicit instructions. The public is requested to continue acting in accordance with the Home Front Command’s guidelines.",336.0,2026-03-15 06:20:00,224.0,broad,5.116666666666666,0.7868055555555555,0.0,medium
tg_17048_1,17048,iran,missile,detection_before_alert,2026-03-15T08:16:40+02:00,https://t.me/idfofficial/17048,"IDF: A short while ago, the IDF identified missiles launched from Iran toward the territory of the State of Israel. Defensive systems are operating to intercept the threat. In the past few minutes, the Home Front Command has sent a precautionary directive directly to mobile phones in the relevant areas. The public is asked to act responsibly and follow the instructions—they save lives. Upon receiving an alert, the public is instructed to enter a protected space and remain there until further notice. Leaving a protected space is permitted only after receiving explicit instructions. The public is requested to continue acting in accordance with the Home Front Command’s guidelines.",338.0,2026-03-15 08:19:00,33.0,broad,2.3333333333333335,0.9027777777777778,0.0,high
tg_17052_1,17052,iran,missile,detection_before_alert,2026-03-15T11:35:13+02:00,https://t.me/idfofficial/17052,"IDF: A short while ago, the IDF identified missiles launched from Iran toward the territory of the State of Israel. Defensive systems are operating to intercept the threat. In the past few minutes, the Home Front Command has sent a precautionary directive directly to mobile phones in the relevant areas. The public is asked to act responsibly and follow the instructions—they save lives. Upon receiving an alert, the public is instructed to enter a protected space and remain there until further notice. Leaving a protected space is permitted only after receiving explicit instructions. The public is requested to continue acting in accordance with the Home Front Command’s guidelines.",342.0,2026-03-15 11:40:00,3.0,localized,4.783333333333333,0.8006944444444445,0.4256944444444445,medium
tg_17056_1,17056,iran,missile,detection_before_alert,2026-03-15T13:15:52+02:00,https://t.me/idfofficial/17056,"IDF: A short while ago, the IDF identified missiles launched from Iran toward the territory of the State of Israel. Defensive systems are operating to intercept the threat. In the past few minutes, the Home Front Command has sent a precautionary directive directly to mobile phones in the relevant areas. The public is asked to act responsibly and follow the instructions—they save lives. Upon receiving an alert, the public is instructed to enter a protected space and remain there until further notice. Leaving a protected space is permitted only after receiving explicit instructions. The public is requested to continue acting in accordance with the Home Front Command’s guidelines.",,,,,,,,unmatched
tg_17067_1,17067,iran,missile,detection_before_alert,2026-03-16T01:27:33+02:00,https://t.me/idfofficial/17067,"IDF: A short while ago, the IDF identified missiles launched from Iran toward the territory of the State of Israel. Defensive systems are operating to intercept the threat. In the past few minutes, the Home Front Command has sent a precautionary directive directly to mobile phones in the relevant areas. The public is asked to act responsibly and follow the instructions—they save lives. Upon receiving an alert, the public is instructed to enter a protected space and remain there until further notice. Leaving a protected space is permitted only after receiving explicit instructions. The public is requested to continue acting in accordance with the Home Front Command’s guidelines.",359.0,2026-03-16 01:30:00,92.0,broad,2.45,0.8979166666666667,0.0,high
tg_17070_1,17070,iran,missile,detection_before_alert,2026-03-16T02:35:51+02:00,https://t.me/idfofficial/17070,"IDF: A short while ago, the IDF identified missiles launched from Iran toward the territory of the State of Israel. Defensive systems are operating to intercept the threat. In the past few minutes, the Home Front Command has sent a precautionary directive directly to mobile phones in the relevant areas. The public is asked to act responsibly and follow the instructions—they save lives. Upon receiving an alert, the public is instructed to enter a protected space and remain there until further notice. Leaving a protected space is permitted only after receiving explicit instructions. The public is requested to continue acting in accordance with the Home Front Command’s guidelines.",361.0,2026-03-16 02:40:00,76.0,broad,4.15,0.8270833333333333,0.0,high
tg_17074_1,17074,iran,missile,detection_before_alert,2026-03-16T10:02:58+02:00,https://t.me/idfofficial/17074,"IDF: A short while ago, the IDF identified missiles launched from Iran toward the territory of the State of Israel. Defensive systems are operating to intercept the threat. In the past few minutes, the Home Front Command has sent a precautionary directive directly to mobile phones in the relevant areas. The public is asked to act responsibly and follow the instructions—they save lives. Upon receiving an alert, the public is instructed to enter a protected space and remain there until further notice. Leaving a protected space is permitted only after receiving explicit instructions. The public is requested to continue acting in accordance with the Home Front Command’s guidelines.",364.0,2026-03-16 10:06:00,321.0,broad,3.033333333333333,0.8736111111111111,0.0,high
tg_17078_1,17078,iran,missile,detection_before_alert,2026-03-16T12:00:14+02:00,https://t.me/idfofficial/17078,"IDF: A short while ago, the IDF identified missiles launched from Iran toward the territory of the State of Israel. Defensive systems are operating to intercept the threat. In the past few minutes, the Home Front Command has sent a precautionary directive directly to mobile phones in the relevant areas. The public is asked to act responsibly and follow the instructions—they save lives. Upon receiving an alert, the public is instructed to enter a protected space and remain there until further notice. Leaving a protected space is permitted only after receiving explicit instructions. The public is requested to continue acting in accordance with the Home Front Command’s guidelines.",367.0,2026-03-16 12:05:00,568.0,broad,4.766666666666667,0.8013888888888889,0.0,medium
tg_17082_1,17082,iran,missile,detection_before_alert,2026-03-16T14:59:19+02:00,https://t.me/idfofficial/17082,"IDF: A short while ago, the IDF identified missiles launched from Iran toward the territory of the State of Israel. Defensive systems are operating to intercept the threat. In the past few minutes, the Home Front Command has sent a precautionary directive directly to mobile phones in the relevant areas. The public is asked to act responsibly and follow the instructions—they save lives. Upon receiving an alert, the public is instructed to enter a protected space and remain there until further notice. Leaving a protected space is permitted only after receiving explicit instructions. The public is requested to continue acting in accordance with the Home Front Command’s guidelines.",372.0,2026-03-16 15:04:00,231.0,broad,4.683333333333334,0.8048611111111111,0.0,medium
tg_17090_1,17090,iran,missile,detection_before_alert,2026-03-16T20:59:32+02:00,https://t.me/idfofficial/17090,"IDF: A short while ago, the IDF identified missiles launched from Iran toward the territory of the State of Israel. Defensive systems are operating to intercept the threat. In the past few minutes, the Home Front Command has sent a precautionary directive directly to mobile phones in the relevant areas. The public is asked to act responsibly and follow the instructions—they save lives. Upon receiving an alert, the public is instructed to enter a protected space and remain there until further notice. Leaving a protected space is permitted only after receiving explicit instructions. The public is requested to continue acting in accordance with the Home Front Command’s guidelines.",378.0,2026-03-16 21:02:00,355.0,broad,2.466666666666667,0.8972222222222223,0.0,high
tg_17094_1,17094,iran,missile,detection_before_alert,2026-03-16T22:17:21+02:00,https://t.me/idfofficial/17094,"IDF: A short while ago, the IDF identified missiles launched from Iran toward the territory of the State of Israel. Defensive systems are operating to intercept the threat. In the past few minutes, the Home Front Command has sent a precautionary directive directly to mobile phones in the relevant areas. The public is asked to act responsibly and follow the instructions—they save lives. Upon receiving an alert, the public is instructed to enter a protected space and remain there until further notice. Leaving a protected space is permitted only after receiving explicit instructions. The public is requested to continue acting in accordance with the Home Front Command’s guidelines.",380.0,2026-03-16 22:20:00,186.0,broad,2.65,0.8895833333333334,0.0,high
tg_17096_1,17096,iran,missile,detection_before_alert,2026-03-17T01:00:53+02:00,https://t.me/idfofficial/17096,"IDF: A short while ago, the IDF identified missiles launched from Iran toward the territory of the State of Israel. Defensive systems are operating to intercept the threat. In the past few minutes, the Home Front Command has sent a precautionary directive directly to mobile phones in the relevant areas. The public is asked to act responsibly and follow the instructions—they save lives. Upon receiving an alert, the public is instructed to enter a protected space and remain there until further notice. Leaving a protected space is permitted only after receiving explicit instructions. The public is requested to continue acting in accordance with the Home Front Command’s guidelines.",381.0,2026-03-17 01:03:00,19.0,localized,2.1166666666666667,0.9118055555555555,0.0,high
tg_17098_1,17098,iran,missile,detection_before_alert,2026-03-17T03:31:02+02:00,https://t.me/idfofficial/17098,"IDF: A short while ago, the IDF identified missiles launched from Iran toward the territory of the State of Israel. Defensive systems are operating to intercept the threat. In the past few minutes, the Home Front Command has sent a precautionary directive directly to mobile phones in the relevant areas. The public is asked to act responsibly and follow the instructions—they save lives. Upon receiving an alert, the public is instructed to enter a protected space and remain there until further notice. Leaving a protected space is permitted only after receiving explicit instructions. The public is requested to continue acting in accordance with the Home Front Command’s guidelines.",382.0,2026-03-17 03:35:00,335.0,broad,3.966666666666667,0.8347222222222223,0.0,high
tg_17106_1,17106,iran,missile,detection_before_alert,2026-03-17T11:46:27+02:00,https://t.me/idfofficial/17106,"IDF: A short while ago, the IDF identified missiles launched from Iran toward the territory of the State of Israel. Defensive systems are operating to intercept the threat. In the past few minutes, the Home Front Command has sent a precautionary directive directly to mobile phones in the relevant areas. The public is asked to act responsibly and follow the instructions—they save lives. Upon receiving an alert, the public is instructed to enter a protected space and remain there until further notice. Leaving a protected space is permitted only after receiving explicit instructions. The public is requested to continue acting in accordance with the Home Front Command’s guidelines.",389.0,2026-03-17 11:50:00,18.0,localized,3.55,0.8520833333333333,0.0,high
tg_17108_1,17108,iran,missile,detection_before_alert,2026-03-17T12:32:40+02:00,https://t.me/idfofficial/17108,"IDF: A short while ago, the IDF identified missiles launched from Iran toward the territory of the State of Israel. Defensive systems are operating to intercept the threat. In the past few minutes, the Home Front Command has sent a precautionary directive directly to mobile phones in the relevant areas. The public is asked to act responsibly and follow the instructions—they save lives. Upon receiving an alert, the public is instructed to enter a protected space and remain there until further notice. Leaving a protected space is permitted only after receiving explicit instructions. The public is requested to continue acting in accordance with the Home Front Command’s guidelines.",390.0,2026-03-17 12:36:00,173.0,broad,3.3333333333333335,0.8611111111111112,0.0,high
tg_17113_1,17113,iran,missile,detection_before_alert,2026-03-17T13:51:59+02:00,https://t.me/idfofficial/17113,"IDF: A short while ago, the IDF identified missiles launched from Iran toward the territory of the State of Israel. Defensive systems are operating to intercept the threat. In the past few minutes, the Home Front Command has sent a precautionary directive directly to mobile phones in the relevant areas. The public is asked to act responsibly and follow the instructions—they save lives. Upon receiving an alert, the public is instructed to enter a protected space and remain there until further notice. Leaving a protected space is permitted only after receiving explicit instructions. The public is requested to continue acting in accordance with the Home Front Command’s guidelines.",391.0,2026-03-17 13:56:00,135.0,broad,4.016666666666667,0.8326388888888889,0.0,high
tg_17116_1,17116,iran,missile,detection_before_alert,2026-03-17T15:24:50+02:00,https://t.me/idfofficial/17116,"IDF: A short while ago, the IDF identified missiles launched from Iran toward the territory of the State of Israel. Defensive systems are operating to intercept the threat. In the past few minutes, the Home Front Command has sent a precautionary directive directly to mobile phones in the relevant areas. The public is asked to act responsibly and follow the instructions—they save lives. Upon receiving an alert, the public is instructed to enter a protected space and remain there until further notice. Leaving a protected space is permitted only after receiving explicit instructions. The public is requested to continue acting in accordance with the Home Front Command’s guidelines.",392.0,2026-03-17 15:29:00,166.0,broad,4.166666666666667,0.8263888888888888,0.0,high
tg_17122_1,17122,iran,missile,detection_before_alert,2026-03-17T17:40:02+02:00,https://t.me/idfofficial/17122,"IDF: A short while ago, the IDF identified missiles launched from Iran toward the territory of the State of Israel. Defensive systems are operating to intercept the threat. In the past few minutes, the Home Front Command has sent a precautionary directive directly to mobile phones in the relevant areas. The public is asked to act responsibly and follow the instructions—they save lives. Upon receiving an alert, the public is instructed to enter a protected space and remain there until further notice. Leaving a protected space is permitted only after receiving explicit instructions. The public is requested to continue acting in accordance with the Home Front Command’s guidelines.",393.0,2026-03-17 17:44:00,597.0,broad,3.966666666666667,0.8347222222222223,0.0,high
tg_17124_1,17124,iran,missile,detection_before_alert,2026-03-17T18:04:05+02:00,https://t.me/idfofficial/17124,"IDF: A short while ago, the IDF identified missiles launched from Iran toward the territory of the State of Israel. Defensive systems are operating to intercept the threat. In the past few minutes, the Home Front Command has sent a precautionary directive directly to mobile phones in the relevant areas. The public is asked to act responsibly and follow the instructions—they save lives. Upon receiving an alert, the public is instructed to enter a protected space and remain there until further notice. Leaving a protected space is permitted only after receiving explicit instructions. The public is requested to continue acting in accordance with the Home Front Command’s guidelines.",394.0,2026-03-17 18:09:00,130.0,broad,4.916666666666667,0.7951388888888888,0.0,medium
tg_17130_1,17130,iran,missile,detection_before_alert,2026-03-17T21:40:13+02:00,https://t.me/idfofficial/17130,"IDF: A short while ago, the IDF identified missiles launched from Iran toward the territory of the State of Israel. Defensive systems are operating to intercept the threat. In the past few minutes, the Home Front Command has sent a precautionary directive directly to mobile phones in the relevant areas. The public is asked to act responsibly and follow the instructions—they save lives. Upon receiving an alert, the public is instructed to enter a protected space and remain there until further notice. Leaving a protected space is permitted only after receiving explicit instructions. The public is requested to continue acting in accordance with the Home Front Command’s guidelines.",398.0,2026-03-17 21:44:00,30.0,broad,3.783333333333333,0.8423611111111111,0.0,high
tg_17133_1,17133,iran,missile,detection_before_alert,2026-03-18T00:12:38+02:00,https://t.me/idfofficial/17133,"IDF: A short while ago, the IDF identified missiles launched from Iran toward the territory of the State of Israel. Defensive systems are operating to intercept the threat. In the past few minutes, the Home Front Command has sent a precautionary directive directly to mobile phones in the relevant areas. The public is asked to act responsibly and follow the instructions—they save lives. Upon receiving an alert, the public is instructed to enter a protected space and remain there until further notice. Leaving a protected space is permitted only after receiving explicit instructions. The public is requested to continue acting in accordance with the Home Front Command’s guidelines.",400.0,2026-03-18 00:16:00,425.0,broad,3.3666666666666667,0.8597222222222223,0.0,high
tg_17137_1,17137,iran,missile,detection_before_alert,2026-03-18T03:50:57+02:00,https://t.me/idfofficial/17137,"IDF: A short while ago, the IDF identified missiles launched from Iran toward the territory of the State of Israel. Defensive systems are operating to intercept the threat. In the past few minutes, the Home Front Command has sent a precautionary directive directly to mobile phones in the relevant areas. The public is asked to act responsibly and follow the instructions—they save lives. Upon receiving an alert, the public is instructed to enter a protected space and remain there until further notice. Leaving a protected space is permitted only after receiving explicit instructions. The public is requested to continue acting in accordance with the Home Front Command’s guidelines.",403.0,2026-03-18 03:56:00,40.0,broad,5.05,0.7895833333333333,0.0,medium
tg_17139_1,17139,iran,missile,detection_before_alert,2026-03-18T04:34:03+02:00,https://t.me/idfofficial/17139,"IDF: A short while ago, the IDF identified missiles launched from Iran toward the territory of the State of Israel. Defensive systems are operating to intercept the threat. In the past few minutes, the Home Front Command has sent a precautionary directive directly to mobile phones in the relevant areas. The public is asked to act responsibly and follow the instructions—they save lives. Upon receiving an alert, the public is instructed to enter a protected space and remain there until further notice. Leaving a protected space is permitted only after receiving explicit instructions. The public is requested to continue acting in accordance with the Home Front Command’s guidelines.",404.0,2026-03-18 04:39:00,150.0,broad,4.95,0.79375,0.0,medium
tg_17144_1,17144,iran,missile,detection_before_alert,2026-03-18T07:52:49+02:00,https://t.me/idfofficial/17144,"IDF: A short while ago, the IDF identified missiles launched from Iran toward the territory of the State of Israel. Defensive systems are operating to intercept the threat. In the past few minutes, the Home Front Command has sent a precautionary directive directly to mobile phones in the relevant areas. The public is asked to act responsibly and follow the instructions—they save lives. Upon receiving an alert, the public is instructed to enter a protected space and remain there until further notice. Leaving a protected space is permitted only after receiving explicit instructions. The public is requested to continue acting in accordance with the Home Front Command’s guidelines.",405.0,2026-03-18 07:57:00,170.0,broad,4.183333333333334,0.8256944444444444,0.0,high
tg_17148_1,17148,iran,missile,detection_before_alert,2026-03-18T11:04:00+02:00,https://t.me/idfofficial/17148,"IDF: A short while ago, the IDF identified missiles launched from Iran toward the territory of the State of Israel. Defensive systems are operating to intercept the threat. In the past few minutes, the Home Front Command has sent a precautionary directive directly to mobile phones in the relevant areas. The public is asked to act responsibly and follow the instructions—they save lives. Upon receiving an alert, the public is instructed to enter a protected space and remain there until further notice. Leaving a protected space is permitted only after receiving explicit instructions. The public is requested to continue acting in accordance with the Home Front Command’s guidelines.",407.0,2026-03-18 11:07:00,43.0,broad,3.0,0.875,0.0,high
tg_17153_1,17153,iran,missile,detection_before_alert,2026-03-18T13:15:32+02:00,https://t.me/idfofficial/17153,"IDF: A short while ago, the IDF identified missiles launched from Iran toward the territory of the State of Israel. Defensive systems are operating to intercept the threat. In the past few minutes, the Home Front Command has sent a precautionary directive directly to mobile phones in the relevant areas. The public is asked to act responsibly and follow the instructions—they save lives. Upon receiving an alert, the public is instructed to enter a protected space and remain there until further notice. Leaving a protected space is permitted only after receiving explicit instructions. The public is requested to continue acting in accordance with the Home Front Command’s guidelines.",408.0,2026-03-18 13:18:00,47.0,broad,2.466666666666667,0.8972222222222223,0.0,high
tg_17155_1,17155,iran,missile,detection_before_alert,2026-03-18T15:34:25+02:00,https://t.me/idfofficial/17155,"IDF: A short while ago, the IDF identified missiles launched from Iran toward the territory of the State of Israel. Defensive systems are operating to intercept the threat. In the past few minutes, the Home Front Command has sent a precautionary directive directly to mobile phones in the relevant areas. The public is asked to act responsibly and follow the instructions—they save lives. Upon receiving an alert, the public is instructed to enter a protected space and remain there until further notice. Leaving a protected space is permitted only after receiving explicit instructions. The public is requested to continue acting in accordance with the Home Front Command’s guidelines.",411.0,2026-03-18 15:39:00,150.0,broad,4.583333333333333,0.8090277777777778,0.0,medium
tg_17159_1,17159,iran,missile,detection_before_alert,2026-03-18T16:30:25+02:00,https://t.me/idfofficial/17159,"IDF: A short while ago, the IDF identified missiles launched from Iran toward the territory of the State of Israel. Defensive systems are operating to intercept the threat. In the past few minutes, the Home Front Command has sent a precautionary directive directly to mobile phones in the relevant areas. The public is asked to act responsibly and follow the instructions—they save lives. Upon receiving an alert, the public is instructed to enter a protected space and remain there until further notice. Leaving a protected space is permitted only after receiving explicit instructions. The public is requested to continue acting in accordance with the Home Front Command’s guidelines.",412.0,2026-03-18 16:33:00,3.0,localized,2.5833333333333335,0.8923611111111112,0.0,high
tg_17163_1,17163,iran,missile,detection_before_alert,2026-03-18T17:50:46+02:00,https://t.me/idfofficial/17163,"IDF: A short while ago, the IDF identified missiles launched from Iran toward the territory of the State of Israel. Defensive systems are operating to intercept the threat. In the past few minutes, the Home Front Command has sent a precautionary directive directly to mobile phones in the relevant areas. The public is asked to act responsibly and follow the instructions—they save lives. Upon receiving an alert, the public is instructed to enter a protected space and remain there until further notice. Leaving a protected space is permitted only after receiving explicit instructions. The public is requested to continue acting in accordance with the Home Front Command’s guidelines.",413.0,2026-03-18 17:52:00,165.0,broad,1.2333333333333334,0.9486111111111111,0.0,high
tg_17173_1,17173,iran,missile,detection_before_alert,2026-03-18T22:03:44+02:00,https://t.me/idfofficial/17173,"IDF: A short while ago, the IDF identified missiles launched from Iran toward the territory of the State of Israel. Defensive systems are operating to intercept the threat. In the past few minutes, the Home Front Command has sent a precautionary directive directly to mobile phones in the relevant areas. The public is asked to act responsibly and follow the instructions—they save lives. Upon receiving an alert, the public is instructed to enter a protected space and remain there until further notice. Leaving a protected space is permitted only after receiving explicit instructions. The public is requested to continue acting in accordance with the Home Front Command’s guidelines.",418.0,2026-03-18 22:07:00,104.0,broad,3.2666666666666666,0.8638888888888889,0.0,high
tg_17176_1,17176,iran,missile,detection_before_alert,2026-03-18T23:30:47+02:00,https://t.me/idfofficial/17176,"IDF: A short while ago, the IDF identified missiles launched from Iran toward the territory of the State of Israel. Defensive systems are operating to intercept the threat. In the past few minutes, the Home Front Command has sent a precautionary directive directly to mobile phones in the relevant areas. The public is asked to act responsibly and follow the instructions—they save lives. Upon receiving an alert, the public is instructed to enter a protected space and remain there until further notice. Leaving a protected space is permitted only after receiving explicit instructions. The public is requested to continue acting in accordance with the Home Front Command’s guidelines.",420.0,2026-03-18 23:35:00,117.0,broad,4.216666666666667,0.8243055555555555,0.0,high
tg_17180_1,17180,iran,missile,detection_before_alert,2026-03-19T03:12:09+02:00,https://t.me/idfofficial/17180,"IDF: A short while ago, the IDF identified missiles launched from Iran toward the territory of the State of Israel. Defensive systems are operating to intercept the threat. In the past few minutes, the Home Front Command has sent a precautionary directive directly to mobile phones in the relevant areas. The public is asked to act responsibly and follow the instructions—they save lives. Upon receiving an alert, the public is instructed to enter a protected space and remain there until further notice. Leaving a protected space is permitted only after receiving explicit instructions. The public is requested to continue acting in accordance with the Home Front Command’s guidelines.",425.0,2026-03-19 03:16:00,119.0,broad,3.85,0.8395833333333333,0.0,high
tg_17182_1,17182,iran,missile,detection_before_alert,2026-03-19T04:42:18+02:00,https://t.me/idfofficial/17182,"IDF: A short while ago, the IDF identified missiles launched from Iran toward the territory of the State of Israel. Defensive systems are operating to intercept the threat. In the past few minutes, the Home Front Command has sent a precautionary directive directly to mobile phones in the relevant areas. The public is asked to act responsibly and follow the instructions—they save lives. Upon receiving an alert, the public is instructed to enter a protected space and remain there until further notice. Leaving a protected space is permitted only after receiving explicit instructions. The public is requested to continue acting in accordance with the Home Front Command’s guidelines.",428.0,2026-03-19 04:45:00,53.0,broad,2.7,0.8875,0.0,high
tg_17184_1,17184,iran,missile,detection_before_alert,2026-03-19T05:20:16+02:00,https://t.me/idfofficial/17184,"IDF: A short while ago, the IDF identified missiles launched from Iran toward the territory of the State of Israel. Defensive systems are operating to intercept the threat. In the past few minutes, the Home Front Command has sent a precautionary directive directly to mobile phones in the relevant areas. The public is asked to act responsibly and follow the instructions—they save lives. Upon receiving an alert, the public is instructed to enter a protected space and remain there until further notice. Leaving a protected space is permitted only after receiving explicit instructions. The public is requested to continue acting in accordance with the Home Front Command’s guidelines.",429.0,2026-03-19 05:23:00,165.0,broad,2.7333333333333334,0.8861111111111111,0.0,high
tg_17186_1,17186,iran,missile,detection_before_alert,2026-03-19T05:44:40+02:00,https://t.me/idfofficial/17186,"IDF: A short while ago, the IDF identified missiles launched from Iran toward the territory of the State of Israel. Defensive systems are operating to intercept the threat. In the past few minutes, the Home Front Command has sent a precautionary directive directly to mobile phones in the relevant areas. The public is asked to act responsibly and follow the instructions—they save lives. Upon receiving an alert, the public is instructed to enter a protected space and remain there until further notice. Leaving a protected space is permitted only after receiving explicit instructions. The public is requested to continue acting in accordance with the Home Front Command’s guidelines.",430.0,2026-03-19 05:46:00,160.0,broad,1.3333333333333333,0.9444444444444444,0.0,high
tg_17188_1,17188,iran,missile,detection_before_alert,2026-03-19T06:50:07+02:00,https://t.me/idfofficial/17188,"IDF: A short while ago, the IDF identified missiles launched from Iran toward the territory of the State of Israel. Defensive systems are operating to intercept the threat. In the past few minutes, the Home Front Command has sent a precautionary directive directly to mobile phones in the relevant areas. The public is asked to act responsibly and follow the instructions—they save lives. Upon receiving an alert, the public is instructed to enter a protected space and remain there until further notice. Leaving a protected space is permitted only after receiving explicit instructions. The public is requested to continue acting in accordance with the Home Front Command’s guidelines.",431.0,2026-03-19 06:54:00,202.0,broad,3.8833333333333333,0.8381944444444445,0.0,high
tg_17190_1,17190,iran,missile,detection_before_alert,2026-03-19T07:32:43+02:00,https://t.me/idfofficial/17190,"IDF: A short while ago, the IDF identified missiles launched from Iran toward the territory of the State of Israel. Defensive systems are operating to intercept the threat. In the past few minutes, the Home Front Command has sent a precautionary directive directly to mobile phones in the relevant areas. The public is asked to act responsibly and follow the instructions—they save lives. Upon receiving an alert, the public is instructed to enter a protected space and remain there until further notice. Leaving a protected space is permitted only after receiving explicit instructions. The public is requested to continue acting in accordance with the Home Front Command’s guidelines.",432.0,2026-03-19 07:35:00,177.0,broad,2.283333333333333,0.9048611111111111,0.0,high
tg_17194_1,17194,iran,missile,detection_before_alert,2026-03-19T10:49:42+02:00,https://t.me/idfofficial/17194,"IDF: A short while ago, the IDF identified missiles launched from Iran toward the territory of the State of Israel. Defensive systems are operating to intercept the threat. In the past few minutes, the Home Front Command has sent a precautionary directive directly to mobile phones in the relevant areas. The public is asked to act responsibly and follow the instructions—they save lives. Upon receiving an alert, the public is instructed to enter a protected space and remain there until further notice. Leaving a protected space is permitted only after receiving explicit instructions. The public is requested to continue acting in accordance with the Home Front Command’s guidelines.",434.0,2026-03-19 10:52:00,144.0,broad,2.3,0.9041666666666667,0.0,high
tg_17197_1,17197,iran,missile,detection_before_alert,2026-03-19T11:39:02+02:00,https://t.me/idfofficial/17197,"IDF: A short while ago, the IDF identified missiles launched from Iran toward the territory of the State of Israel. Defensive systems are operating to intercept the threat. In the past few minutes, the Home Front Command has sent a precautionary directive directly to mobile phones in the relevant areas. The public is asked to act responsibly and follow the instructions—they save lives. Upon receiving an alert, the public is instructed to enter a protected space and remain there until further notice. Leaving a protected space is permitted only after receiving explicit instructions. The public is requested to continue acting in accordance with the Home Front Command’s guidelines.",435.0,2026-03-19 11:43:00,177.0,broad,3.966666666666667,0.8347222222222223,0.0,high
tg_17202_1,17202,iran,missile,detection_before_alert,2026-03-19T16:40:07+02:00,https://t.me/idfofficial/17202,"IDF: A short while ago, the IDF identified missiles launched from Iran toward the territory of the State of Israel. Defensive systems are operating to intercept the threat. In the past few minutes, the Home Front Command has sent a precautionary directive directly to mobile phones in the relevant areas. The public is asked to act responsibly and follow the instructions—they save lives. Upon receiving an alert, the public is instructed to enter a protected space and remain there until further notice. Leaving a protected space is permitted only after receiving explicit instructions. The public is requested to continue acting in accordance with the Home Front Command’s guidelines.",442.0,2026-03-19 16:42:00,355.0,broad,1.8833333333333333,0.9215277777777777,0.0,high
tg_17206_1,17206,iran,missile,detection_before_alert,2026-03-19T18:45:33+02:00,https://t.me/idfofficial/17206,"IDF: A short while ago, the IDF identified missiles launched from Iran toward the territory of the State of Israel. Defensive systems are operating to intercept the threat. In the past few minutes, the Home Front Command has sent a precautionary directive directly to mobile phones in the relevant areas. The public is asked to act responsibly and follow the instructions—they save lives. Upon receiving an alert, the public is instructed to enter a protected space and remain there until further notice. Leaving a protected space is permitted only after receiving explicit instructions. The public is requested to continue acting in accordance with the Home Front Command’s guidelines.",445.0,2026-03-19 18:48:00,150.0,broad,2.45,0.8979166666666667,0.3979166666666667,high
tg_17209_1,17209,iran,missile,detection_before_alert,2026-03-19T20:51:25+02:00,https://t.me/idfofficial/17209,"IDF: A short while ago, the IDF identified missiles launched from Iran toward the territory of the State of Israel. Defensive systems are operating to intercept the threat. In the past few minutes, the Home Front Command has sent a precautionary directive directly to mobile phones in the relevant areas. The public is asked to act responsibly and follow the instructions—they save lives. Upon receiving an alert, the public is instructed to enter a protected space and remain there until further notice. Leaving a protected space is permitted only after receiving explicit instructions. The public is requested to continue acting in accordance with the Home Front Command’s guidelines.",448.0,2026-03-19 20:55:00,271.0,broad,3.5833333333333335,0.8506944444444444,0.0,high
tg_17212_1,17212,iran,missile,detection_before_alert,2026-03-19T22:42:36+02:00,https://t.me/idfofficial/17212,"IDF: A short while ago, the IDF identified missiles launched from Iran toward the territory of the State of Israel. Defensive systems are operating to intercept the threat. In the past few minutes, the Home Front Command has sent a precautionary directive directly to mobile phones in the relevant areas. The public is asked to act responsibly and follow the instructions—they save lives. Upon receiving an alert, the public is instructed to enter a protected space and remain there until further notice. Leaving a protected space is permitted only after receiving explicit instructions. The public is requested to continue acting in accordance with the Home Front Command’s guidelines.",449.0,2026-03-19 22:44:00,155.0,broad,1.4,0.9416666666666667,0.0,high
tg_17215_1,17215,iran,missile,detection_before_alert,2026-03-19T23:27:49+02:00,https://t.me/idfofficial/17215,"IDF: A short while ago, the IDF identified missiles launched from Iran toward the territory of the State of Israel. Defensive systems are operating to intercept the threat. In the past few minutes, the Home Front Command has sent a precautionary directive directly to mobile phones in the relevant areas. The public is asked to act responsibly and follow the instructions—they save lives. Upon receiving an alert, the public is instructed to enter a protected space and remain there until further notice. Leaving a protected space is permitted only after receiving explicit instructions. The public is requested to continue acting in accordance with the Home Front Command’s guidelines.",450.0,2026-03-19 23:31:00,188.0,broad,3.183333333333333,0.8673611111111111,0.28402777777777777,high
tg_17217_1,17217,iran,missile,detection_before_alert,2026-03-19T23:47:56+02:00,https://t.me/idfofficial/17217,"IDF: A short while ago, the IDF identified missiles launched from Iran toward the territory of the State of Israel. Defensive systems are operating to intercept the threat. In the past few minutes, the Home Front Command has sent a precautionary directive directly to mobile phones in the relevant areas. The public is asked to act responsibly and follow the instructions—they save lives. Upon receiving an alert, the public is instructed to enter a protected space and remain there until further notice. Leaving a protected space is permitted only after receiving explicit instructions. The public is requested to continue acting in accordance with the Home Front Command’s guidelines.",451.0,2026-03-19 23:45:00,147.0,broad,-2.933333333333333,0.42666666666666664,0.0,ambiguous
tg_17219_1,17219,iran,missile,detection_before_alert,2026-03-20T02:47:25+02:00,https://t.me/idfofficial/17219,"IDF: A short while ago, the IDF identified missiles launched from Iran toward the territory of the State of Israel. Defensive systems are operating to intercept the threat. In the past few minutes, the Home Front Command has sent a precautionary directive directly to mobile phones in the relevant areas. The public is asked to act responsibly and follow the instructions—they save lives. Upon receiving an alert, the public is instructed to enter a protected space and remain there until further notice. Leaving a protected space is permitted only after receiving explicit instructions. The public is requested to continue acting in accordance with the Home Front Command’s guidelines.",456.0,2026-03-20 02:49:00,317.0,broad,1.5833333333333333,0.9340277777777778,0.0,high
tg_17223_1,17223,iran,missile,detection_before_alert,2026-03-20T08:09:39+02:00,https://t.me/idfofficial/17223,"IDF: A short while ago, the IDF identified missiles launched from Iran toward the territory of the State of Israel. Defensive systems are operating to intercept the threat. In the past few minutes, the Home Front Command has sent a precautionary directive directly to mobile phones in the relevant areas. The public is asked to act responsibly and follow the instructions—they save lives. Upon receiving an alert, the public is instructed to enter a protected space and remain there until further notice. Leaving a protected space is permitted only after receiving explicit instructions. The public is requested to continue acting in accordance with the Home Front Command’s guidelines.",457.0,2026-03-20 08:12:00,119.0,broad,2.35,0.9020833333333333,0.0,high
tg_17225_1,17225,iran,missile,detection_before_alert,2026-03-20T08:41:57+02:00,https://t.me/idfofficial/17225,"IDF: A short while ago, the IDF identified missiles launched from Iran toward the territory of the State of Israel. Defensive systems are operating to intercept the threat. In the past few minutes, the Home Front Command has sent a precautionary directive directly to mobile phones in the relevant areas. The public is asked to act responsibly and follow the instructions—they save lives. Upon receiving an alert, the public is instructed to enter a protected space and remain there until further notice. Leaving a protected space is permitted only after receiving explicit instructions. The public is requested to continue acting in accordance with the Home Front Command’s guidelines.",458.0,2026-03-20 08:47:00,165.0,broad,5.05,0.7895833333333333,0.0,medium
tg_17227_1,17227,iran,missile,detection_before_alert,2026-03-20T10:38:32+02:00,https://t.me/idfofficial/17227,"IDF: A short while ago, the IDF identified missiles launched from Iran toward the territory of the State of Israel. Defensive systems are operating to intercept the threat. In the past few minutes, the Home Front Command has sent a precautionary directive directly to mobile phones in the relevant areas. The public is asked to act responsibly and follow the instructions—they save lives. Upon receiving an alert, the public is instructed to enter a protected space and remain there until further notice. Leaving a protected space is permitted only after receiving explicit instructions. The public is requested to continue acting in accordance with the Home Front Command’s guidelines.",461.0,2026-03-20 10:41:00,190.0,broad,2.466666666666667,0.8972222222222223,0.313888888888889,high
tg_17231_1,17231,iran,missile,detection_before_alert,2026-03-20T12:54:14+02:00,https://t.me/idfofficial/17231,"IDF: A short while ago, the IDF identified missiles launched from Iran toward the territory of the State of Israel. Defensive systems are operating to intercept the threat. In the past few minutes, the Home Front Command has sent a precautionary directive directly to mobile phones in the relevant areas. The public is asked to act responsibly and follow the instructions—they save lives. Upon receiving an alert, the public is instructed to enter a protected space and remain there until further notice. Leaving a protected space is permitted only after receiving explicit instructions. The public is requested to continue acting in accordance with the Home Front Command’s guidelines.",466.0,2026-03-20 12:57:00,15.0,localized,2.7666666666666666,0.8847222222222222,0.0,high
tg_17234_1,17234,iran,missile,detection_before_alert,2026-03-20T13:50:17+02:00,https://t.me/idfofficial/17234,"IDF: A short while ago, the IDF identified missiles launched from Iran toward the territory of the State of Israel. Defensive systems are operating to intercept the threat. In the past few minutes, the Home Front Command has sent a precautionary directive directly to mobile phones in the relevant areas. The public is asked to act responsibly and follow the instructions—they save lives. Upon receiving an alert, the public is instructed to enter a protected space and remain there until further notice. Leaving a protected space is permitted only after receiving explicit instructions. The public is requested to continue acting in accordance with the Home Front Command’s guidelines.",469.0,2026-03-20 13:49:00,571.0,broad,-1.2833333333333334,0.5916666666666666,0.0,medium
tg_17240_1,17240,iran,missile,detection_before_alert,2026-03-20T16:08:20+02:00,https://t.me/idfofficial/17240,"IDF: A short while ago, the IDF identified missiles launched from Iran toward the territory of the State of Israel. Defensive systems are operating to intercept the threat. In the past few minutes, the Home Front Command has sent a precautionary directive directly to mobile phones in the relevant areas. The public is asked to act responsibly and follow the instructions—they save lives. Upon receiving an alert, the public is instructed to enter a protected space and remain there until further notice. Leaving a protected space is permitted only after receiving explicit instructions. The public is requested to continue acting in accordance with the Home Front Command’s guidelines.",474.0,2026-03-20 16:09:00,107.0,broad,0.6666666666666666,0.9722222222222222,0.0,high
tg_17241_1,17241,iran,missile,detection_before_alert,2026-03-20T17:00:55+02:00,https://t.me/idfofficial/17241,"IDF: A short while ago, the IDF identified missiles launched from Iran toward the territory of the State of Israel. Defensive systems are operating to intercept the threat. In the past few minutes, the Home Front Command has sent a precautionary directive directly to mobile phones in the relevant areas. The public is asked to act responsibly and follow the instructions—they save lives. Upon receiving an alert, the public is instructed to enter a protected space and remain there until further notice. Leaving a protected space is permitted only after receiving explicit instructions. The public is requested to continue acting in accordance with the Home Front Command’s guidelines.",475.0,2026-03-20 17:01:00,131.0,broad,0.08333333333333333,0.9965277777777778,0.0,high
tg_17245_1,17245,iran,missile,detection_before_alert,2026-03-20T21:34:20+02:00,https://t.me/idfofficial/17245,"IDF: A short while ago, the IDF identified missiles launched from Iran toward the territory of the State of Israel. Defensive systems are operating to intercept the threat. In the past few minutes, the Home Front Command has sent a precautionary directive directly to mobile phones in the relevant areas. The public is asked to act responsibly and follow the instructions—they save lives. Upon receiving an alert, the public is instructed to enter a protected space and remain there until further notice. Leaving a protected space is permitted only after receiving explicit instructions. The public is requested to continue acting in accordance with the Home Front Command’s guidelines.",478.0,2026-03-20 21:39:00,402.0,broad,4.666666666666667,0.8055555555555556,0.0,medium
tg_17248_1,17248,iran,missile,detection_before_alert,2026-03-21T01:09:23+02:00,https://t.me/idfofficial/17248,"IDF: A short while ago, the IDF identified missiles launched from Iran toward the territory of the State of Israel. Defensive systems are operating to intercept the threat. In the past few minutes, the Home Front Command has sent a precautionary directive directly to mobile phones in the relevant areas. The public is asked to act responsibly and follow the instructions—they save lives. Upon receiving an alert, the public is instructed to enter a protected space and remain there until further notice. Leaving a protected space is permitted only after receiving explicit instructions. The public is requested to continue acting in accordance with the Home Front Command’s guidelines.",484.0,2026-03-21 01:14:00,17.0,localized,4.616666666666666,0.8076388888888889,0.0,medium
tg_17251_1,17251,iran,missile,detection_before_alert,2026-03-21T03:16:33+02:00,https://t.me/idfofficial/17251,"IDF: A short while ago, the IDF identified missiles launched from Iran toward the territory of the State of Israel. Defensive systems are operating to intercept the threat. In the past few minutes, the Home Front Command has sent a precautionary directive directly to mobile phones in the relevant areas. The public is asked to act responsibly and follow the instructions—they save lives. Upon receiving an alert, the public is instructed to enter a protected space and remain there until further notice. Leaving a protected space is permitted only after receiving explicit instructions. The public is requested to continue acting in accordance with the Home Front Command’s guidelines.",487.0,2026-03-21 03:21:00,235.0,broad,4.45,0.8145833333333333,0.0,medium
tg_17254_1,17254,iran,missile,detection_before_alert,2026-03-21T05:25:58+02:00,https://t.me/idfofficial/17254,"IDF: A short while ago, the IDF identified missiles launched from Iran toward the territory of the State of Israel. Defensive systems are operating to intercept the threat. In the past few minutes, the Home Front Command has sent a precautionary directive directly to mobile phones in the relevant areas. The public is asked to act responsibly and follow the instructions—they save lives. Upon receiving an alert, the public is instructed to enter a protected space and remain there until further notice. Leaving a protected space is permitted only after receiving explicit instructions. The public is requested to continue acting in accordance with the Home Front Command’s guidelines.",488.0,2026-03-21 05:30:00,10.0,localized,4.033333333333333,0.8319444444444445,0.0,high
tg_17256_1,17256,iran,missile,detection_before_alert,2026-03-21T08:25:37+02:00,https://t.me/idfofficial/17256,"IDF: A short while ago, the IDF identified missiles launched from Iran toward the territory of the State of Israel. Defensive systems are operating to intercept the threat. In the past few minutes, the Home Front Command has sent a precautionary directive directly to mobile phones in the relevant areas. The public is asked to act responsibly and follow the instructions—they save lives. Upon receiving an alert, the public is instructed to enter a protected space and remain there until further notice. Leaving a protected space is permitted only after receiving explicit instructions. The public is requested to continue acting in accordance with the Home Front Command’s guidelines.",490.0,2026-03-21 08:30:00,145.0,broad,4.383333333333334,0.8173611111111111,0.0,medium
tg_17263_1,17263,iran,missile,detection_before_alert,2026-03-21T16:54:31+02:00,https://t.me/idfofficial/17263,"IDF: A short while ago, the IDF identified missiles launched from Iran toward the territory of the State of Israel. Defensive systems are operating to intercept the threat. In the past few minutes, the Home Front Command has sent a precautionary directive directly to mobile phones in the relevant areas. The public is asked to act responsibly and follow the instructions—they save lives. Upon receiving an alert, the public is instructed to enter a protected space and remain there until further notice. Leaving a protected space is permitted only after receiving explicit instructions. The public is requested to continue acting in accordance with the Home Front Command’s guidelines.",499.0,2026-03-21 16:59:00,33.0,broad,4.483333333333333,0.8131944444444444,0.0,medium
tg_17268_1,17268,iran,missile,detection_before_alert,2026-03-21T18:43:34+02:00,https://t.me/idfofficial/17268,"IDF: A short while ago, the IDF identified missiles launched from Iran toward the territory of the State of Israel. Defensive systems are operating to intercept the threat. In the past few minutes, the Home Front Command has sent a precautionary directive directly to mobile phones in the relevant areas. The public is asked to act responsibly and follow the instructions—they save lives. Upon receiving an alert, the public is instructed to enter a protected space and remain there until further notice. Leaving a protected space is permitted only after receiving explicit instructions. The public is requested to continue acting in accordance with the Home Front Command’s guidelines.",504.0,2026-03-21 18:48:00,16.0,localized,4.433333333333334,0.8152777777777778,0.44027777777777777,medium
tg_17274_1,17274,iran,missile,detection_before_alert,2026-03-21T20:34:59+02:00,https://t.me/idfofficial/17274,"IDF: A short while ago, the IDF identified missiles launched from Iran toward the territory of the State of Israel. Defensive systems are operating to intercept the threat. In the past few minutes, the Home Front Command has sent a precautionary directive directly to mobile phones in the relevant areas. The public is asked to act responsibly and follow the instructions—they save lives. Upon receiving an alert, the public is instructed to enter a protected space and remain there until further notice. Leaving a protected space is permitted only after receiving explicit instructions. The public is requested to continue acting in accordance with the Home Front Command’s guidelines.",508.0,2026-03-21 20:40:00,4.0,localized,5.016666666666667,0.7909722222222222,0.0,medium
tg_17278_1,17278,iran,missile,detection_before_alert,2026-03-21T22:00:49+02:00,https://t.me/idfofficial/17278,"IDF: A short while ago, the IDF identified missiles launched from Iran toward the territory of the State of Israel. Defensive systems are operating to intercept the threat. In the past few minutes, the Home Front Command has sent a precautionary directive directly to mobile phones in the relevant areas. The public is asked to act responsibly and follow the instructions—they save lives. Upon receiving an alert, the public is instructed to enter a protected space and remain there until further notice. Leaving a protected space is permitted only after receiving explicit instructions. The public is requested to continue acting in accordance with the Home Front Command’s guidelines.",510.0,2026-03-21 22:05:00,19.0,localized,4.183333333333334,0.8256944444444444,0.0,high
tg_17280_1,17280,iran,missile,detection_before_alert,2026-03-21T22:22:25+02:00,https://t.me/idfofficial/17280,"IDF: A short while ago, the IDF identified missiles launched from Iran toward the territory of the State of Israel. Defensive systems are operating to intercept the threat. In the past few minutes, the Home Front Command has sent a precautionary directive directly to mobile phones in the relevant areas. The public is asked to act responsibly and follow the instructions—they save lives. Upon receiving an alert, the public is instructed to enter a protected space and remain there until further notice. Leaving a protected space is permitted only after receiving explicit instructions. The public is requested to continue acting in accordance with the Home Front Command’s guidelines.",,,,,,,,unmatched
tg_17287_1,17287,iran,missile,detection_before_alert,2026-03-22T07:02:37+02:00,https://t.me/idfofficial/17287,"IDF: A short while ago, the IDF identified missiles launched from Iran toward the territory of the State of Israel. Defensive systems are operating to intercept the threat. In the past few minutes, the Home Front Command has sent a precautionary directive directly to mobile phones in the relevant areas. The public is asked to act responsibly and follow the instructions—they save lives. Upon receiving an alert, the public is instructed to enter a protected space and remain there until further notice. Leaving a protected space is permitted only after receiving explicit instructions. The public is requested to continue acting in accordance with the Home Front Command’s guidelines.",514.0,2026-03-22 07:07:00,155.0,broad,4.383333333333334,0.8173611111111111,0.0,medium
tg_17291_1,17291,iran,missile,detection_before_alert,2026-03-22T07:47:02+02:00,https://t.me/idfofficial/17291,"IDF: A short while ago, the IDF identified missiles launched from Iran toward the territory of the State of Israel. Defensive systems are operating to intercept the threat. In the past few minutes, the Home Front Command has sent a precautionary directive directly to mobile phones in the relevant areas. The public is asked to act responsibly and follow the instructions—they save lives. Upon receiving an alert, the public is instructed to enter a protected space and remain there until further notice. Leaving a protected space is permitted only after receiving explicit instructions. The public is requested to continue acting in accordance with the Home Front Command’s guidelines.",515.0,2026-03-22 07:51:00,289.0,broad,3.966666666666667,0.8347222222222223,0.0,high
tg_17293_1,17293,iran,missile,detection_before_alert,2026-03-22T08:11:21+02:00,https://t.me/idfofficial/17293,"IDF: A short while ago, the IDF identified missiles launched from Iran toward the territory of the State of Israel. Defensive systems are operating to intercept the threat. In the past few minutes, the Home Front Command has sent a precautionary directive directly to mobile phones in the relevant areas. The public is asked to act responsibly and follow the instructions—they save lives. Upon receiving an alert, the public is instructed to enter a protected space and remain there until further notice. Leaving a protected space is permitted only after receiving explicit instructions. The public is requested to continue acting in accordance with the Home Front Command’s guidelines.",516.0,2026-03-22 08:17:00,97.0,broad,5.65,0.7645833333333333,0.0,medium
tg_17296_1,17296,iran,missile,detection_before_alert,2026-03-22T09:17:51+02:00,https://t.me/idfofficial/17296,"IDF: A short while ago, the IDF identified missiles launched from Iran toward the territory of the State of Israel. Defensive systems are operating to intercept the threat. In the past few minutes, the Home Front Command has sent a precautionary directive directly to mobile phones in the relevant areas. The public is asked to act responsibly and follow the instructions—they save lives. Upon receiving an alert, the public is instructed to enter a protected space and remain there until further notice. Leaving a protected space is permitted only after receiving explicit instructions. The public is requested to continue acting in accordance with the Home Front Command’s guidelines.",518.0,2026-03-22 09:25:00,130.0,broad,7.15,0.7020833333333334,0.0,medium
tg_17299_1,17299,iran,missile,detection_before_alert,2026-03-22T11:09:12+02:00,https://t.me/idfofficial/17299,"IDF: A short while ago, the IDF identified missiles launched from Iran toward the territory of the State of Israel. Defensive systems are operating to intercept the threat. In the past few minutes, the Home Front Command has sent a precautionary directive directly to mobile phones in the relevant areas. The public is asked to act responsibly and follow the instructions—they save lives. Upon receiving an alert, the public is instructed to enter a protected space and remain there until further notice. Leaving a protected space is permitted only after receiving explicit instructions. The public is requested to continue acting in accordance with the Home Front Command’s guidelines.",522.0,2026-03-22 11:14:00,145.0,broad,4.8,0.8,0.0,medium
tg_17303_1,17303,iran,missile,detection_before_alert,2026-03-22T11:59:16+02:00,https://t.me/idfofficial/17303,"IDF: A short while ago, the IDF identified missiles launched from Iran toward the territory of the State of Israel. Defensive systems are operating to intercept the threat. In the past few minutes, the Home Front Command has sent a precautionary directive directly to mobile phones in the relevant areas. The public is asked to act responsibly and follow the instructions—they save lives. Upon receiving an alert, the public is instructed to enter a protected space and remain there until further notice. Leaving a protected space is permitted only after receiving explicit instructions. The public is requested to continue acting in accordance with the Home Front Command’s guidelines.",523.0,2026-03-22 12:05:00,3.0,localized,5.733333333333333,0.7611111111111111,0.0,medium
tg_17310_1,17310,iran,missile,detection_before_alert,2026-03-22T15:04:12+02:00,https://t.me/idfofficial/17310,"IDF: A short while ago, the IDF identified missiles launched from Iran toward the territory of the State of Israel. Defensive systems are operating to intercept the threat. In the past few minutes, the Home Front Command has sent a precautionary directive directly to mobile phones in the relevant areas. The public is asked to act responsibly and follow the instructions—they save lives. Upon receiving an alert, the public is instructed to enter a protected space and remain there until further notice. Leaving a protected space is permitted only after receiving explicit instructions. The public is requested to continue acting in accordance with the Home Front Command’s guidelines.",527.0,2026-03-22 15:10:00,246.0,broad,5.8,0.7583333333333333,0.0,medium
tg_17313_1,17313,iran,missile,detection_before_alert,2026-03-22T18:23:03+02:00,https://t.me/idfofficial/17313,"IDF: A short while ago, the IDF identified missiles launched from Iran toward the territory of the State of Israel. Defensive systems are operating to intercept the threat. In the past few minutes, the Home Front Command has sent a precautionary directive directly to mobile phones in the relevant areas. The public is asked to act responsibly and follow the instructions—they save lives. Upon receiving an alert, the public is instructed to enter a protected space and remain there until further notice. Leaving a protected space is permitted only after receiving explicit instructions. The public is requested to continue acting in accordance with the Home Front Command’s guidelines.",532.0,2026-03-22 18:21:00,16.0,localized,-2.05,0.515,0.0,ambiguous
tg_17317_1,17317,iran,missile,detection_before_alert,2026-03-22T22:59:05+02:00,https://t.me/idfofficial/17317,"IDF: A short while ago, the IDF identified missiles launched from Iran toward the territory of the State of Israel. Defensive systems are operating to intercept the threat. In the past few minutes, the Home Front Command has sent a precautionary directive directly to mobile phones in the relevant areas. The public is asked to act responsibly and follow the instructions—they save lives. Upon receiving an alert, the public is instructed to enter a protected space and remain there until further notice. Leaving a protected space is permitted only after receiving explicit instructions. The public is requested to continue acting in accordance with the Home Front Command’s guidelines.",538.0,2026-03-22 23:00:00,74.0,broad,0.9166666666666666,0.9618055555555556,0.0,high
tg_17319_1,17319,iran,missile,detection_before_alert,2026-03-22T23:17:54+02:00,https://t.me/idfofficial/17319,"IDF: A short while ago, the IDF identified missiles launched from Iran toward the territory of the State of Israel. Defensive systems are operating to intercept the threat. In the past few minutes, the Home Front Command has sent a precautionary directive directly to mobile phones in the relevant areas. The public is asked to act responsibly and follow the instructions—they save lives. Upon receiving an alert, the public is instructed to enter a protected space and remain there until further notice. Leaving a protected space is permitted only after receiving explicit instructions. The public is requested to continue acting in accordance with the Home Front Command’s guidelines.",539.0,2026-03-22 23:19:00,59.0,broad,1.1,0.9541666666666666,0.0,high
tg_17321_1,17321,iran,missile,detection_before_alert,2026-03-22T23:58:51+02:00,https://t.me/idfofficial/17321,"IDF: A short while ago, the IDF identified missiles launched from Iran toward the territory of the State of Israel. Defensive systems are operating to intercept the threat. In the past few minutes, the Home Front Command has sent a precautionary directive directly to mobile phones in the relevant areas. The public is asked to act responsibly and follow the instructions—they save lives. Upon receiving an alert, the public is instructed to enter a protected space and remain there until further notice. Leaving a protected space is permitted only after receiving explicit instructions. The public is requested to continue acting in accordance with the Home Front Command’s guidelines.",540.0,2026-03-23 00:05:00,277.0,broad,6.15,0.7437499999999999,0.0,medium
tg_17325_1,17325,iran,missile,detection_before_alert,2026-03-23T06:53:34+02:00,https://t.me/idfofficial/17325,"IDF: A short while ago, the IDF identified missiles launched from Iran toward the territory of the State of Israel. Defensive systems are operating to intercept the threat. In the past few minutes, the Home Front Command has sent a precautionary directive directly to mobile phones in the relevant areas. The public is asked to act responsibly and follow the instructions—they save lives. Upon receiving an alert, the public is instructed to enter a protected space and remain there until further notice. Leaving a protected space is permitted only after receiving explicit instructions. The public is requested to continue acting in accordance with the Home Front Command’s guidelines.",544.0,2026-03-23 06:57:00,168.0,broad,3.433333333333333,0.8569444444444445,0.0,high
tg_17327_1,17327,iran,missile,detection_before_alert,2026-03-23T10:04:33+02:00,https://t.me/idfofficial/17327,"IDF: A short while ago, the IDF identified missiles launched from Iran toward the territory of the State of Israel. Defensive systems are operating to intercept the threat. In the past few minutes, the Home Front Command has sent a precautionary directive directly to mobile phones in the relevant areas. The public is asked to act responsibly and follow the instructions—they save lives. Upon receiving an alert, the public is instructed to enter a protected space and remain there until further notice. Leaving a protected space is permitted only after receiving explicit instructions. The public is requested to continue acting in accordance with the Home Front Command’s guidelines.",546.0,2026-03-23 10:09:00,316.0,broad,4.45,0.8145833333333333,0.0,medium
tg_17339_1,17339,iran,missile,detection_before_alert,2026-03-23T21:26:11+02:00,https://t.me/idfofficial/17339,"IDF: A short while ago, the IDF identified missiles launched from Iran toward the territory of the State of Israel. Defensive systems are operating to intercept the threat. In the past few minutes, the Home Front Command has sent a precautionary directive directly to mobile phones in the relevant areas. The public is asked to act responsibly and follow the instructions—they save lives. Upon receiving an alert, the public is instructed to enter a protected space and remain there until further notice. Leaving a protected space is permitted only after receiving explicit instructions. The public is requested to continue acting in accordance with the Home Front Command’s guidelines.",557.0,2026-03-23 21:28:00,3.0,localized,1.8166666666666667,0.9243055555555556,0.0,high
tg_17342_1,17342,iran,missile,detection_before_alert,2026-03-23T21:57:06+02:00,https://t.me/idfofficial/17342,"IDF: A short while ago, the IDF identified missiles launched from Iran toward the territory of the State of Israel. Defensive systems are operating to intercept the threat. In the past few minutes, the Home Front Command has sent a precautionary directive directly to mobile phones in the relevant areas. The public is asked to act responsibly and follow the instructions—they save lives. Upon receiving an alert, the public is instructed to enter a protected space and remain there until further notice. Leaving a protected space is permitted only after receiving explicit instructions. The public is requested to continue acting in accordance with the Home Front Command’s guidelines.",558.0,2026-03-23 22:03:00,3.0,localized,5.9,0.7541666666666667,0.0,medium
tg_17344_1,17344,iran,missile,detection_before_alert,2026-03-24T00:17:48+02:00,https://t.me/idfofficial/17344,"IDF: A short while ago, the IDF identified missiles launched from Iran toward the territory of the State of Israel. Defensive systems are operating to intercept the threat. In the past few minutes, the Home Front Command has sent a precautionary directive directly to mobile phones in the relevant areas. The public is asked to act responsibly and follow the instructions—they save lives. Upon receiving an alert, the public is instructed to enter a protected space and remain there until further notice. Leaving a protected space is permitted only after receiving explicit instructions. The public is requested to continue acting in accordance with the Home Front Command’s guidelines.",561.0,2026-03-24 00:22:00,182.0,broad,4.2,0.825,0.0,high
tg_17347_1,17347,iran,missile,detection_before_alert,2026-03-24T01:03:10+02:00,https://t.me/idfofficial/17347,"IDF: A short while ago, the IDF identified missiles launched from Iran toward the territory of the State of Israel. Defensive systems are operating to intercept the threat. In the past few minutes, the Home Front Command has sent a precautionary directive directly to mobile phones in the relevant areas. The public is asked to act responsibly and follow the instructions—they save lives. Upon receiving an alert, the public is instructed to enter a protected space and remain there until further notice. Leaving a protected space is permitted only after receiving explicit instructions. The public is requested to continue acting in accordance with the Home Front Command’s guidelines.",562.0,2026-03-24 01:07:00,115.0,broad,3.8333333333333335,0.8402777777777778,0.29861111111111116,high
tg_17349_1,17349,iran,missile,detection_before_alert,2026-03-24T03:55:23+02:00,https://t.me/idfofficial/17349,"IDF: A short while ago, the IDF identified missiles launched from Iran toward the territory of the State of Israel. Defensive systems are operating to intercept the threat. In the past few minutes, the Home Front Command has sent a precautionary directive directly to mobile phones in the relevant areas. The public is asked to act responsibly and follow the instructions—they save lives. Upon receiving an alert, the public is instructed to enter a protected space and remain there until further notice. Leaving a protected space is permitted only after receiving explicit instructions. The public is requested to continue acting in accordance with the Home Front Command’s guidelines.",565.0,2026-03-24 03:59:00,28.0,broad,3.6166666666666667,0.8493055555555555,0.0,high
tg_17351_1,17351,iran,missile,detection_before_alert,2026-03-24T04:27:30+02:00,https://t.me/idfofficial/17351,"IDF: A short while ago, the IDF identified missiles launched from Iran toward the territory of the State of Israel. Defensive systems are operating to intercept the threat. In the past few minutes, the Home Front Command has sent a precautionary directive directly to mobile phones in the relevant areas. The public is asked to act responsibly and follow the instructions—they save lives. Upon receiving an alert, the public is instructed to enter a protected space and remain there until further notice. Leaving a protected space is permitted only after receiving explicit instructions. The public is requested to continue acting in accordance with the Home Front Command’s guidelines.",566.0,2026-03-24 04:30:00,121.0,broad,2.5,0.8958333333333334,0.0,high
tg_17353_1,17353,iran,missile,detection_before_alert,2026-03-24T06:10:29+02:00,https://t.me/idfofficial/17353,"IDF: A short while ago, the IDF identified missiles launched from Iran toward the territory of the State of Israel. Defensive systems are operating to intercept the threat. In the past few minutes, the Home Front Command has sent a precautionary directive directly to mobile phones in the relevant areas. The public is asked to act responsibly and follow the instructions—they save lives. Upon receiving an alert, the public is instructed to enter a protected space and remain there until further notice. Leaving a protected space is permitted only after receiving explicit instructions. The public is requested to continue acting in accordance with the Home Front Command’s guidelines.",567.0,2026-03-24 06:16:00,84.0,broad,5.516666666666667,0.7701388888888889,0.0,medium
tg_17356_1,17356,iran,missile,detection_before_alert,2026-03-24T07:29:06+02:00,https://t.me/idfofficial/17356,"IDF: A short while ago, the IDF identified missiles launched from Iran toward the territory of the State of Israel. Defensive systems are operating to intercept the threat. In the past few minutes, the Home Front Command has sent a precautionary directive directly to mobile phones in the relevant areas. The public is asked to act responsibly and follow the instructions—they save lives. Upon receiving an alert, the public is instructed to enter a protected space and remain there until further notice. Leaving a protected space is permitted only after receiving explicit instructions. The public is requested to continue acting in accordance with the Home Front Command’s guidelines.",568.0,2026-03-24 07:32:00,175.0,broad,2.9,0.8791666666666667,0.0,high
tg_17360_1,17360,iran,missile,detection_before_alert,2026-03-24T08:59:51+02:00,https://t.me/idfofficial/17360,"IDF: A short while ago, the IDF identified missiles launched from Iran toward the territory of the State of Israel. Defensive systems are operating to intercept the threat. In the past few minutes, the Home Front Command has sent a precautionary directive directly to mobile phones in the relevant areas. The public is asked to act responsibly and follow the instructions—they save lives. Upon receiving an alert, the public is instructed to enter a protected space and remain there until further notice. Leaving a protected space is permitted only after receiving explicit instructions. The public is requested to continue acting in accordance with the Home Front Command’s guidelines.",569.0,2026-03-24 09:05:00,30.0,broad,5.15,0.7854166666666667,0.0,medium
tg_17367_1,17367,iran,missile,detection_before_alert,2026-03-24T12:43:41+02:00,https://t.me/idfofficial/17367,"IDF: A short while ago, the IDF identified missiles launched from Iran toward the territory of the State of Israel. Defensive systems are operating to intercept the threat. In the past few minutes, the Home Front Command has sent a precautionary directive directly to mobile phones in the relevant areas. The public is asked to act responsibly and follow the instructions—they save lives. Upon receiving an alert, the public is instructed to enter a protected space and remain there until further notice. Leaving a protected space is permitted only after receiving explicit instructions. The public is requested to continue acting in accordance with the Home Front Command’s guidelines.",573.0,2026-03-24 12:48:00,92.0,broad,4.316666666666666,0.8201388888888889,0.0,high
tg_17369_1,17369,iran,missile,detection_before_alert,2026-03-24T14:38:25+02:00,https://t.me/idfofficial/17369,"IDF: A short while ago, the IDF identified missiles launched from Iran toward the territory of the State of Israel. Defensive systems are operating to intercept the threat. In the past few minutes, the Home Front Command has sent a precautionary directive directly to mobile phones in the relevant areas. The public is asked to act responsibly and follow the instructions—they save lives. Upon receiving an alert, the public is instructed to enter a protected space and remain there until further notice. Leaving a protected space is permitted only after receiving explicit instructions. The public is requested to continue acting in accordance with the Home Front Command’s guidelines.",574.0,2026-03-24 14:43:00,43.0,broad,4.583333333333333,0.8090277777777778,0.0,medium
tg_17373_1,17373,iran,missile,detection_before_alert,2026-03-24T15:40:07+02:00,https://t.me/idfofficial/17373,"IDF: A short while ago, the IDF identified missiles launched from Iran toward the territory of the State of Israel. Defensive systems are operating to intercept the threat. In the past few minutes, the Home Front Command has sent a precautionary directive directly to mobile phones in the relevant areas. The public is asked to act responsibly and follow the instructions—they save lives. Upon receiving an alert, the public is instructed to enter a protected space and remain there until further notice. Leaving a protected space is permitted only after receiving explicit instructions. The public is requested to continue acting in accordance with the Home Front Command’s guidelines.",,,,,,,,unmatched
tg_17377_1,17377,iran,missile,detection_before_alert,2026-03-24T18:58:14+02:00,https://t.me/idfofficial/17377,"IDF: A short while ago, the IDF identified missiles launched from Iran toward the territory of the State of Israel. Defensive systems are operating to intercept the threat. In the past few minutes, the Home Front Command has sent a precautionary directive directly to mobile phones in the relevant areas. The public is asked to act responsibly and follow the instructions—they save lives. Upon receiving an alert, the public is instructed to enter a protected space and remain there until further notice. Leaving a protected space is permitted only after receiving explicit instructions. The public is requested to continue acting in accordance with the Home Front Command’s guidelines.",580.0,2026-03-24 19:00:00,232.0,broad,1.7666666666666666,0.9263888888888889,0.0,high
tg_17383_1,17383,iran,missile,detection_before_alert,2026-03-24T20:35:10+02:00,https://t.me/idfofficial/17383,"IDF: A short while ago, the IDF identified missiles launched from Iran toward the territory of the State of Israel. Defensive systems are operating to intercept the threat. In the past few minutes, the Home Front Command has sent a precautionary directive directly to mobile phones in the relevant areas. The public is asked to act responsibly and follow the instructions—they save lives. Upon receiving an alert, the public is instructed to enter a protected space and remain there until further notice. Leaving a protected space is permitted only after receiving explicit instructions. The public is requested to continue acting in accordance with the Home Front Command’s guidelines.",582.0,2026-03-24 20:40:00,146.0,broad,4.833333333333333,0.7986111111111112,0.0,medium
tg_17388_1,17388,iran,missile,detection_before_alert,2026-03-24T23:29:53+02:00,https://t.me/idfofficial/17388,"IDF: A short while ago, the IDF identified missiles launched from Iran toward the territory of the State of Israel. Defensive systems are operating to intercept the threat. In the past few minutes, the Home Front Command has sent a precautionary directive directly to mobile phones in the relevant areas. The public is asked to act responsibly and follow the instructions—they save lives. Upon receiving an alert, the public is instructed to enter a protected space and remain there until further notice. Leaving a protected space is permitted only after receiving explicit instructions. The public is requested to continue acting in accordance with the Home Front Command’s guidelines.",584.0,2026-03-24 23:36:00,3.0,localized,6.116666666666666,0.7451388888888889,0.0,medium
tg_17390_1,17390,iran,missile,detection_before_alert,2026-03-25T00:36:47+02:00,https://t.me/idfofficial/17390,"IDF: A short while ago, the IDF identified missiles launched from Iran toward the territory of the State of Israel. Defensive systems are operating to intercept the threat. In the past few minutes, the Home Front Command has sent a precautionary directive directly to mobile phones in the relevant areas. The public is asked to act responsibly and follow the instructions—they save lives. Upon receiving an alert, the public is instructed to enter a protected space and remain there until further notice. Leaving a protected space is permitted only after receiving explicit instructions. The public is requested to continue acting in accordance with the Home Front Command’s guidelines.",586.0,2026-03-25 00:42:00,3.0,localized,5.216666666666667,0.7826388888888889,0.0,medium
tg_17393_1,17393,iran,missile,detection_before_alert,2026-03-25T02:49:51+02:00,https://t.me/idfofficial/17393,"IDF: A short while ago, the IDF identified missiles launched from Iran toward the territory of the State of Israel. Defensive systems are operating to intercept the threat. In the past few minutes, the Home Front Command has sent a precautionary directive directly to mobile phones in the relevant areas. The public is asked to act responsibly and follow the instructions—they save lives. Upon receiving an alert, the public is instructed to enter a protected space and remain there until further notice. Leaving a protected space is permitted only after receiving explicit instructions. The public is requested to continue acting in accordance with the Home Front Command’s guidelines.",588.0,2026-03-25 02:53:00,140.0,broad,3.15,0.86875,0.0,high
tg_17396_1,17396,iran,missile,detection_before_alert,2026-03-25T07:09:07+02:00,https://t.me/idfofficial/17396,"IDF: A short while ago, the IDF identified missiles launched from Iran toward the territory of the State of Israel. Defensive systems are operating to intercept the threat. In the past few minutes, the Home Front Command has sent a precautionary directive directly to mobile phones in the relevant areas. The public is asked to act responsibly and follow the instructions—they save lives. Upon receiving an alert, the public is instructed to enter a protected space and remain there until further notice. Leaving a protected space is permitted only after receiving explicit instructions. The public is requested to continue acting in accordance with the Home Front Command’s guidelines.",593.0,2026-03-25 07:14:00,36.0,broad,4.883333333333334,0.7965277777777777,0.0,medium
tg_17400_1,17400,iran,missile,detection_before_alert,2026-03-25T10:42:57+02:00,https://t.me/idfofficial/17400,"IDF: A short while ago, the IDF identified missiles launched from Iran toward the territory of the State of Israel. Defensive systems are operating to intercept the threat. In the past few minutes, the Home Front Command has sent a precautionary directive directly to mobile phones in the relevant areas. The public is asked to act responsibly and follow the instructions—they save lives. Upon receiving an alert, the public is instructed to enter a protected space and remain there until further notice. Leaving a protected space is permitted only after receiving explicit instructions. The public is requested to continue acting in accordance with the Home Front Command’s guidelines.",595.0,2026-03-25 10:46:00,468.0,broad,3.05,0.8729166666666667,0.0,high
tg_17402_1,17402,iran,missile,detection_before_alert,2026-03-25T11:14:45+02:00,https://t.me/idfofficial/17402,"IDF: A short while ago, the IDF identified missiles launched from Iran toward the territory of the State of Israel. Defensive systems are operating to intercept the threat. In the past few minutes, the Home Front Command has sent a precautionary directive directly to mobile phones in the relevant areas. The public is asked to act responsibly and follow the instructions—they save lives. Upon receiving an alert, the public is instructed to enter a protected space and remain there until further notice. Leaving a protected space is permitted only after receiving explicit instructions. The public is requested to continue acting in accordance with the Home Front Command’s guidelines.",596.0,2026-03-25 11:20:00,183.0,broad,5.25,0.78125,0.28125,medium
tg_17407_1,17407,iran,missile,detection_before_alert,2026-03-25T14:13:59+02:00,https://t.me/idfofficial/17407,"IDF: A short while ago, the IDF identified missiles launched from Iran toward the territory of the State of Israel. Defensive systems are operating to intercept the threat. In the past few minutes, the Home Front Command has sent a precautionary directive directly to mobile phones in the relevant areas. The public is asked to act responsibly and follow the instructions—they save lives. Upon receiving an alert, the public is instructed to enter a protected space and remain there until further notice. Leaving a protected space is permitted only after receiving explicit instructions. The public is requested to continue acting in accordance with the Home Front Command’s guidelines.",603.0,2026-03-25 14:19:00,22.0,localized,5.016666666666667,0.7909722222222222,0.2909722222222223,medium
tg_17411_1,17411,iran,missile,detection_before_alert,2026-03-25T16:10:15+02:00,https://t.me/idfofficial/17411,"IDF: A short while ago, the IDF identified missiles launched from Iran toward the territory of the State of Israel. Defensive systems are operating to intercept the threat. In the past few minutes, the Home Front Command has sent a precautionary directive directly to mobile phones in the relevant areas. The public is asked to act responsibly and follow the instructions—they save lives. Upon receiving an alert, the public is instructed to enter a protected space and remain there until further notice. Leaving a protected space is permitted only after receiving explicit instructions. The public is requested to continue acting in accordance with the Home Front Command’s guidelines.",606.0,2026-03-25 16:15:00,11.0,localized,4.75,0.8020833333333334,0.0,medium
tg_17420_1,17420,iran,missile,detection_before_alert,2026-03-26T06:49:46+02:00,https://t.me/idfofficial/17420,"IDF: A short while ago, the IDF identified missiles launched from Iran toward the territory of the State of Israel. Defensive systems are operating to intercept the threat. In the past few minutes, the Home Front Command has sent a precautionary directive directly to mobile phones in the relevant areas. The public is asked to act responsibly and follow the instructions—they save lives. Upon receiving an alert, the public is instructed to enter a protected space and remain there until further notice. Leaving a protected space is permitted only after receiving explicit instructions. The public is requested to continue acting in accordance with the Home Front Command’s guidelines.",626.0,2026-03-26 06:54:00,276.0,broad,4.233333333333333,0.8236111111111111,0.0,high
tg_17422_1,17422,iran,missile,detection_before_alert,2026-03-26T07:11:33+02:00,https://t.me/idfofficial/17422,"IDF: A short while ago, the IDF identified missiles launched from Iran toward the territory of the State of Israel. Defensive systems are operating to intercept the threat. In the past few minutes, the Home Front Command has sent a precautionary directive directly to mobile phones in the relevant areas. The public is asked to act responsibly and follow the instructions—they save lives. Upon receiving an alert, the public is instructed to enter a protected space and remain there until further notice. Leaving a protected space is permitted only after receiving explicit instructions. The public is requested to continue acting in accordance with the Home Front Command’s guidelines.",627.0,2026-03-26 07:16:00,214.0,broad,4.45,0.8145833333333333,0.0,medium
tg_17425_1,17425,iran,missile,detection_before_alert,2026-03-26T08:19:30+02:00,https://t.me/idfofficial/17425,"IDF: A short while ago, the IDF identified missiles launched from Iran toward the territory of the State of Israel. Defensive systems are operating to intercept the threat. In the past few minutes, the Home Front Command has sent a precautionary directive directly to mobile phones in the relevant areas. The public is asked to act responsibly and follow the instructions—they save lives. Upon receiving an alert, the public is instructed to enter a protected space and remain there until further notice. Leaving a protected space is permitted only after receiving explicit instructions. The public is requested to continue acting in accordance with the Home Front Command’s guidelines.",628.0,2026-03-26 08:24:00,339.0,broad,4.5,0.8125,0.0,medium
tg_17427_1,17427,iran,missile,detection_before_alert,2026-03-26T08:55:31+02:00,https://t.me/idfofficial/17427,"IDF: A short while ago, the IDF identified missiles launched from Iran toward the territory of the State of Israel. Defensive systems are operating to intercept the threat. In the past few minutes, the Home Front Command has sent a precautionary directive directly to mobile phones in the relevant areas. The public is asked to act responsibly and follow the instructions—they save lives. Upon receiving an alert, the public is instructed to enter a protected space and remain there until further notice. Leaving a protected space is permitted only after receiving explicit instructions. The public is requested to continue acting in accordance with the Home Front Command’s guidelines.",629.0,2026-03-26 08:59:00,440.0,broad,3.4833333333333334,0.8548611111111111,0.0,high
tg_17430_1,17430,iran,missile,detection_before_alert,2026-03-26T10:33:53+02:00,https://t.me/idfofficial/17430,"IDF: A short while ago, the IDF identified missiles launched from Iran toward the territory of the State of Israel. Defensive systems are operating to intercept the threat. In the past few minutes, the Home Front Command has sent a precautionary directive directly to mobile phones in the relevant areas. The public is asked to act responsibly and follow the instructions—they save lives. Upon receiving an alert, the public is instructed to enter a protected space and remain there until further notice. Leaving a protected space is permitted only after receiving explicit instructions. The public is requested to continue acting in accordance with the Home Front Command’s guidelines.",631.0,2026-03-26 10:38:00,173.0,broad,4.116666666666666,0.8284722222222223,0.0,high
tg_17432_1,17432,iran,missile,detection_before_alert,2026-03-26T10:53:55+02:00,https://t.me/idfofficial/17432,"IDF: A short while ago, the IDF identified missiles launched from Iran toward the territory of the State of Israel. Defensive systems are operating to intercept the threat. In the past few minutes, the Home Front Command has sent a precautionary directive directly to mobile phones in the relevant areas. The public is asked to act responsibly and follow the instructions—they save lives. Upon receiving an alert, the public is instructed to enter a protected space and remain there until further notice. Leaving a protected space is permitted only after receiving explicit instructions. The public is requested to continue acting in accordance with the Home Front Command’s guidelines.",632.0,2026-03-26 10:55:00,121.0,broad,1.0833333333333333,0.9548611111111112,0.0,high
tg_17435_1,17435,iran,missile,detection_before_alert,2026-03-26T13:18:10+02:00,https://t.me/idfofficial/17435,"IDF: A short while ago, the IDF identified missiles launched from Iran toward the territory of the State of Israel. Defensive systems are operating to intercept the threat. In the past few minutes, the Home Front Command has sent a precautionary directive directly to mobile phones in the relevant areas. The public is asked to act responsibly and follow the instructions—they save lives. Upon receiving an alert, the public is instructed to enter a protected space and remain there until further notice. Leaving a protected space is permitted only after receiving explicit instructions. The public is requested to continue acting in accordance with the Home Front Command’s guidelines.",636.0,2026-03-26 13:23:00,260.0,broad,4.833333333333333,0.7986111111111112,0.0,medium
tg_17442_1,17442,iran,missile,detection_before_alert,2026-03-26T17:02:41+02:00,https://t.me/idfofficial/17442,"IDF: A short while ago, the IDF identified missiles launched from Iran toward the territory of the State of Israel. Defensive systems are operating to intercept the threat. In the past few minutes, the Home Front Command has sent a precautionary directive directly to mobile phones in the relevant areas. The public is asked to act responsibly and follow the instructions—they save lives. Upon receiving an alert, the public is instructed to enter a protected space and remain there until further notice. Leaving a protected space is permitted only after receiving explicit instructions. The public is requested to continue acting in accordance with the Home Front Command’s guidelines.",646.0,2026-03-26 17:08:00,180.0,broad,5.316666666666666,0.7784722222222222,0.0,medium
tg_17445_1,17445,iran,missile,detection_before_alert,2026-03-26T17:43:15+02:00,https://t.me/idfofficial/17445,"IDF: A short while ago, the IDF identified missiles launched from Iran toward the territory of the State of Israel. Defensive systems are operating to intercept the threat. In the past few minutes, the Home Front Command has sent a precautionary directive directly to mobile phones in the relevant areas. The public is asked to act responsibly and follow the instructions—they save lives. Upon receiving an alert, the public is instructed to enter a protected space and remain there until further notice. Leaving a protected space is permitted only after receiving explicit instructions. The public is requested to continue acting in accordance with the Home Front Command’s guidelines.",647.0,2026-03-26 17:50:00,224.0,broad,6.75,0.71875,0.0,medium
tg_17457_1,17457,iran,missile,detection_before_alert,2026-03-26T23:52:32+02:00,https://t.me/idfofficial/17457,"IDF: A short while ago, the IDF identified missiles launched from Iran toward the territory of the State of Israel. Defensive systems are operating to intercept the threat. In the past few minutes, the Home Front Command has sent a precautionary directive directly to mobile phones in the relevant areas. The public is asked to act responsibly and follow the instructions—they save lives. Upon receiving an alert, the public is instructed to enter a protected space and remain there until further notice. Leaving a protected space is permitted only after receiving explicit instructions. The public is requested to continue acting in accordance with the Home Front Command’s guidelines.",656.0,2026-03-26 23:58:00,76.0,broad,5.466666666666667,0.7722222222222223,0.0,medium
tg_17459_1,17459,iran,missile,detection_before_alert,2026-03-27T01:40:23+02:00,https://t.me/idfofficial/17459,"IDF: A short while ago, the IDF identified missiles launched from Iran toward the territory of the State of Israel. Defensive systems are operating to intercept the threat. In the past few minutes, the Home Front Command has sent a precautionary directive directly to mobile phones in the relevant areas. The public is asked to act responsibly and follow the instructions—they save lives. Upon receiving an alert, the public is instructed to enter a protected space and remain there until further notice. Leaving a protected space is permitted only after receiving explicit instructions. The public is requested to continue acting in accordance with the Home Front Command’s guidelines.",658.0,2026-03-27 01:46:00,270.0,broad,5.616666666666666,0.7659722222222223,0.0,medium
tg_17464_1,17464,iran,missile,detection_before_alert,2026-03-27T10:34:49+03:00,https://t.me/idfofficial/17464,"IDF: A short while ago, the IDF identified missiles launched from Iran toward the territory of the State of Israel. Defensive systems are operating to intercept the threat. In the past few minutes, the Home Front Command has sent a precautionary directive directly to mobile phones in the relevant areas. The public is asked to act responsibly and follow the instructions—they save lives. Upon receiving an alert, the public is instructed to enter a protected space and remain there until further notice. Leaving a protected space is permitted only after receiving explicit instructions. The public is requested to continue acting in accordance with the Home Front Command’s guidelines.",663.0,2026-03-27 10:40:00,60.0,broad,5.183333333333334,0.7840277777777778,0.0,medium
tg_17468_1,17468,iran,missile,detection_before_alert,2026-03-27T13:24:53+03:00,https://t.me/idfofficial/17468,"IDF: A short while ago, the IDF identified missiles launched from Iran toward the territory of the State of Israel. Defensive systems are operating to intercept the threat. In the past few minutes, the Home Front Command has sent a precautionary directive directly to mobile phones in the relevant areas. The public is asked to act responsibly and follow the instructions—they save lives. Upon receiving an alert, the public is instructed to enter a protected space and remain there until further notice. Leaving a protected space is permitted only after receiving explicit instructions. The public is requested to continue acting in accordance with the Home Front Command’s guidelines.",666.0,2026-03-27 13:30:00,156.0,broad,5.116666666666666,0.7868055555555555,0.0,medium
tg_17470_1,17470,iran,missile,detection_before_alert,2026-03-27T14:03:18+03:00,https://t.me/idfofficial/17470,"IDF: A short while ago, the IDF identified missiles launched from Iran toward the territory of the State of Israel. Defensive systems are operating to intercept the threat. In the past few minutes, the Home Front Command has sent a precautionary directive directly to mobile phones in the relevant areas. The public is asked to act responsibly and follow the instructions—they save lives. Upon receiving an alert, the public is instructed to enter a protected space and remain there until further notice. Leaving a protected space is permitted only after receiving explicit instructions. The public is requested to continue acting in accordance with the Home Front Command’s guidelines.",667.0,2026-03-27 14:08:00,302.0,broad,4.7,0.8041666666666667,0.0,medium
tg_17484_1,17484,iran,missile,detection_before_alert,2026-03-27T23:10:34+03:00,https://t.me/idfofficial/17484,"IDF: A short while ago, the IDF identified missiles launched from Iran toward the territory of the State of Israel. Defensive systems are operating to intercept the threat. In the past few minutes, the Home Front Command has sent a precautionary directive directly to mobile phones in the relevant areas. The public is asked to act responsibly and follow the instructions—they save lives. Upon receiving an alert, the public is instructed to enter a protected space and remain there until further notice. Leaving a protected space is permitted only after receiving explicit instructions. The public is requested to continue acting in accordance with the Home Front Command’s guidelines.",674.0,2026-03-27 23:16:00,126.0,broad,5.433333333333334,0.7736111111111111,0.0,medium
tg_17486_1,17486,iran,missile,detection_before_alert,2026-03-27T23:32:53+03:00,https://t.me/idfofficial/17486,"IDF: A short while ago, the IDF identified missiles launched from Iran toward the territory of the State of Israel. Defensive systems are operating to intercept the threat. In the past few minutes, the Home Front Command has sent a precautionary directive directly to mobile phones in the relevant areas. The public is asked to act responsibly and follow the instructions—they save lives. Upon receiving an alert, the public is instructed to enter a protected space and remain there until further notice. Leaving a protected space is permitted only after receiving explicit instructions. The public is requested to continue acting in accordance with the Home Front Command’s guidelines.",675.0,2026-03-27 23:38:00,443.0,broad,5.116666666666666,0.7868055555555555,0.0,medium
tg_17490_1,17490,iran,missile,detection_before_alert,2026-03-28T01:24:49+03:00,https://t.me/idfofficial/17490,"IDF: A short while ago, the IDF identified missiles launched from Iran toward the territory of the State of Israel. Defensive systems are operating to intercept the threat. In the past few minutes, the Home Front Command has sent a precautionary directive directly to mobile phones in the relevant areas. The public is asked to act responsibly and follow the instructions—they save lives. Upon receiving an alert, the public is instructed to enter a protected space and remain there until further notice. Leaving a protected space is permitted only after receiving explicit instructions. The public is requested to continue acting in accordance with the Home Front Command’s guidelines.",678.0,2026-03-28 01:30:00,121.0,broad,5.183333333333334,0.7840277777777778,0.0,medium
tg_17494_1,17494,iran,missile,detection_before_alert,2026-03-28T04:54:23+03:00,https://t.me/idfofficial/17494,"IDF: A short while ago, the IDF identified missiles launched from Iran toward the territory of the State of Israel. Defensive systems are operating to intercept the threat. In the past few minutes, the Home Front Command has sent a precautionary directive directly to mobile phones in the relevant areas. The public is asked to act responsibly and follow the instructions—they save lives. Upon receiving an alert, the public is instructed to enter a protected space and remain there until further notice. Leaving a protected space is permitted only after receiving explicit instructions. The public is requested to continue acting in accordance with the Home Front Command’s guidelines.",680.0,2026-03-28 04:56:00,21.0,localized,1.6166666666666667,0.9326388888888889,0.0,high
tg_17496_1,17496,iran,missile,detection_before_alert,2026-03-28T06:12:47+03:00,https://t.me/idfofficial/17496,"IDF: A short while ago, the IDF identified missiles launched from Iran toward the territory of the State of Israel. Defensive systems are operating to intercept the threat. In the past few minutes, the Home Front Command has sent a precautionary directive directly to mobile phones in the relevant areas. The public is asked to act responsibly and follow the instructions—they save lives. Upon receiving an alert, the public is instructed to enter a protected space and remain there until further notice. Leaving a protected space is permitted only after receiving explicit instructions. The public is requested to continue acting in accordance with the Home Front Command’s guidelines.",683.0,2026-03-28 06:18:00,145.0,broad,5.216666666666667,0.7826388888888889,0.0,medium
tg_17504_1,17504,iran,missile,detection_before_alert,2026-03-28T14:07:56+03:00,https://t.me/idfofficial/17504,"IDF: A short while ago, the IDF identified missiles launched from Iran toward the territory of the State of Israel. Defensive systems are operating to intercept the threat. In the past few minutes, the Home Front Command has sent a precautionary directive directly to mobile phones in the relevant areas. The public is asked to act responsibly and follow the instructions—they save lives. Upon receiving an alert, the public is instructed to enter a protected space and remain there until further notice. Leaving a protected space is permitted only after receiving explicit instructions. The public is requested to continue acting in accordance with the Home Front Command’s guidelines.",687.0,2026-03-28 14:12:00,368.0,broad,4.066666666666666,0.8305555555555556,0.0,high
tg_17509_1,17509,iran,missile,detection_before_alert,2026-03-28T17:53:04+03:00,https://t.me/idfofficial/17509,"IDF: A short while ago, the IDF identified missiles launched from Iran toward the territory of the State of Israel. Defensive systems are operating to intercept the threat. In the past few minutes, the Home Front Command has sent a precautionary directive directly to mobile phones in the relevant areas. The public is asked to act responsibly and follow the instructions—they save lives. Upon receiving an alert, the public is instructed to enter a protected space and remain there until further notice. Leaving a protected space is permitted only after receiving explicit instructions. The public is requested to continue acting in accordance with the Home Front Command’s guidelines.",691.0,2026-03-28 18:00:00,14.0,localized,6.933333333333334,0.711111111111111,0.0,medium
tg_17512_1,17512,iran,missile,detection_before_alert,2026-03-28T18:55:26+03:00,https://t.me/idfofficial/17512,"IDF: A short while ago, the IDF identified missiles launched from Iran toward the territory of the State of Israel. Defensive systems are operating to intercept the threat. In the past few minutes, the Home Front Command has sent a precautionary directive directly to mobile phones in the relevant areas. The public is asked to act responsibly and follow the instructions—they save lives. Upon receiving an alert, the public is instructed to enter a protected space and remain there until further notice. Leaving a protected space is permitted only after receiving explicit instructions. The public is requested to continue acting in accordance with the Home Front Command’s guidelines.",692.0,2026-03-28 18:58:00,44.0,broad,2.566666666666667,0.8930555555555555,0.0,high
tg_17517_1,17517,iran,missile,detection_before_alert,2026-03-28T20:59:17+03:00,https://t.me/idfofficial/17517,"IDF: A short while ago, the IDF identified missiles launched from Iran toward the territory of the State of Israel. Defensive systems are operating to intercept the threat. In the past few minutes, the Home Front Command has sent a precautionary directive directly to mobile phones in the relevant areas. The public is asked to act responsibly and follow the instructions—they save lives. Upon receiving an alert, the public is instructed to enter a protected space and remain there until further notice. Leaving a protected space is permitted only after receiving explicit instructions. The public is requested to continue acting in accordance with the Home Front Command’s guidelines.",694.0,2026-03-28 21:03:00,69.0,broad,3.716666666666667,0.8451388888888889,0.0,high
tg_17521_1,17521,iran,missile,detection_before_alert,2026-03-29T01:50:35+03:00,https://t.me/idfofficial/17521,"IDF: A short while ago, the IDF identified missiles launched from Iran toward the territory of the State of Israel. Defensive systems are operating to intercept the threat. In the past few minutes, the Home Front Command has sent a precautionary directive directly to mobile phones in the relevant areas. The public is asked to act responsibly and follow the instructions—they save lives. Upon receiving an alert, the public is instructed to enter a protected space and remain there until further notice. Leaving a protected space is permitted only after receiving explicit instructions. The public is requested to continue acting in accordance with the Home Front Command’s guidelines.",699.0,2026-03-29 01:56:00,157.0,broad,5.416666666666667,0.7743055555555556,0.35763888888888895,medium
tg_17523_1,17523,iran,missile,detection_before_alert,2026-03-29T05:20:22+03:00,https://t.me/idfofficial/17523,"IDF: A short while ago, the IDF identified missiles launched from Iran toward the territory of the State of Israel. Defensive systems are operating to intercept the threat. In the past few minutes, the Home Front Command has sent a precautionary directive directly to mobile phones in the relevant areas. The public is asked to act responsibly and follow the instructions—they save lives. Upon receiving an alert, the public is instructed to enter a protected space and remain there until further notice. Leaving a protected space is permitted only after receiving explicit instructions. The public is requested to continue acting in accordance with the Home Front Command’s guidelines.",704.0,2026-03-29 05:22:00,15.0,localized,1.6333333333333333,0.9319444444444445,0.0,high
tg_17529_1,17529,iran,missile,detection_before_alert,2026-03-29T09:55:46+03:00,https://t.me/idfofficial/17529,"IDF: A short while ago, the IDF identified missiles launched from Iran toward the territory of the State of Israel. Defensive systems are operating to intercept the threat. In the past few minutes, the Home Front Command has sent a precautionary directive directly to mobile phones in the relevant areas. The public is asked to act responsibly and follow the instructions—they save lives. Upon receiving an alert, the public is instructed to enter a protected space and remain there until further notice. Leaving a protected space is permitted only after receiving explicit instructions. The public is requested to continue acting in accordance with the Home Front Command’s guidelines.",706.0,2026-03-29 10:00:00,19.0,localized,4.233333333333333,0.8236111111111111,0.0,high
tg_17532_1,17532,iran,missile,detection_before_alert,2026-03-29T13:22:48+03:00,https://t.me/idfofficial/17532,"IDF: A short while ago, the IDF identified missiles launched from Iran toward the territory of the State of Israel. Defensive systems are operating to intercept the threat. In the past few minutes, the Home Front Command has sent a precautionary directive directly to mobile phones in the relevant areas. The public is asked to act responsibly and follow the instructions—they save lives. Upon receiving an alert, the public is instructed to enter a protected space and remain there until further notice. Leaving a protected space is permitted only after receiving explicit instructions. The public is requested to continue acting in accordance with the Home Front Command’s guidelines.",708.0,2026-03-29 13:27:00,240.0,broad,4.2,0.825,0.0,high
tg_17536_1,17536,iran,missile,detection_before_alert,2026-03-29T15:19:08+03:00,https://t.me/idfofficial/17536,"IDF: A short while ago, the IDF identified missiles launched from Iran toward the territory of the State of Israel. Defensive systems are operating to intercept the threat. In the past few minutes, the Home Front Command has sent a precautionary directive directly to mobile phones in the relevant areas. The public is asked to act responsibly and follow the instructions—they save lives. Upon receiving an alert, the public is instructed to enter a protected space and remain there until further notice. Leaving a protected space is permitted only after receiving explicit instructions. The public is requested to continue acting in accordance with the Home Front Command’s guidelines.",,,,,,,,unmatched
tg_17538_1,17538,iran,missile,detection_before_alert,2026-03-29T17:35:25+03:00,https://t.me/idfofficial/17538,"IDF: A short while ago, the IDF identified missiles launched from Iran toward the territory of the State of Israel. Defensive systems are operating to intercept the threat. In the past few minutes, the Home Front Command has sent a precautionary directive directly to mobile phones in the relevant areas. The public is asked to act responsibly and follow the instructions—they save lives. Upon receiving an alert, the public is instructed to enter a protected space and remain there until further notice. Leaving a protected space is permitted only after receiving explicit instructions. The public is requested to continue acting in accordance with the Home Front Command’s guidelines.",717.0,2026-03-29 17:40:00,112.0,broad,4.583333333333333,0.8090277777777778,0.0,medium
tg_17543_1,17543,iran,missile,detection_before_alert,2026-03-29T19:25:21+03:00,https://t.me/idfofficial/17543,"IDF: A short while ago, the IDF identified missiles launched from Iran toward the territory of the State of Israel. Defensive systems are operating to intercept the threat. In the past few minutes, the Home Front Command has sent a precautionary directive directly to mobile phones in the relevant areas. The public is asked to act responsibly and follow the instructions—they save lives. Upon receiving an alert, the public is instructed to enter a protected space and remain there until further notice. Leaving a protected space is permitted only after receiving explicit instructions. The public is requested to continue acting in accordance with the Home Front Command’s guidelines.",719.0,2026-03-29 19:30:00,86.0,broad,4.65,0.80625,0.0,medium
tg_17547_1,17547,iran,missile,detection_before_alert,2026-03-29T22:09:30+03:00,https://t.me/idfofficial/17547,"IDF: A short while ago, the IDF identified missiles launched from Iran toward the territory of the State of Israel. Defensive systems are operating to intercept the threat. In the past few minutes, the Home Front Command has sent a precautionary directive directly to mobile phones in the relevant areas. The public is asked to act responsibly and follow the instructions—they save lives. Upon receiving an alert, the public is instructed to enter a protected space and remain there until further notice. Leaving a protected space is permitted only after receiving explicit instructions. The public is requested to continue acting in accordance with the Home Front Command’s guidelines.",723.0,2026-03-29 22:11:00,50.0,broad,1.5,0.9375,0.0,high
tg_17550_1,17550,iran,missile,detection_before_alert,2026-03-29T23:06:49+03:00,https://t.me/idfofficial/17550,"IDF: A short while ago, the IDF identified missiles launched from Iran toward the territory of the State of Israel. Defensive systems are operating to intercept the threat. In the past few minutes, the Home Front Command has sent a precautionary directive directly to mobile phones in the relevant areas. The public is asked to act responsibly and follow the instructions—they save lives. Upon receiving an alert, the public is instructed to enter a protected space and remain there until further notice. Leaving a protected space is permitted only after receiving explicit instructions. The public is requested to continue acting in accordance with the Home Front Command’s guidelines.",724.0,2026-03-29 23:09:00,9.0,localized,2.183333333333333,0.9090277777777778,0.0,high
tg_17553_1,17553,yemen,uav,launch_report,2026-03-30T01:22:21+03:00,https://t.me/idfofficial/17553,"IDF: In the past hour, two UAVs launched from Yemen were intercepted by the Israeli Air Force.",,,,,,,,not_eligible
tg_17556_1,17556,iran,missile,detection_before_alert,2026-03-30T06:43:06+03:00,https://t.me/idfofficial/17556,"IDF: A short while ago, the IDF identified missiles launched from Iran toward the territory of the State of Israel. Defensive systems are operating to intercept the threat. In the past few minutes, the Home Front Command has sent a precautionary directive directly to mobile phones in the relevant areas. The public is asked to act responsibly and follow the instructions—they save lives. Upon receiving an alert, the public is instructed to enter a protected space and remain there until further notice. Leaving a protected space is permitted only after receiving explicit instructions. The public is requested to continue acting in accordance with the Home Front Command’s guidelines.",730.0,2026-03-30 06:48:00,17.0,localized,4.9,0.7958333333333333,0.0,medium
tg_17558_1,17558,iran,missile,detection_before_alert,2026-03-30T07:32:06+03:00,https://t.me/idfofficial/17558,"IDF: A short while ago, the IDF identified missiles launched from Iran toward the territory of the State of Israel. Defensive systems are operating to intercept the threat. In the past few minutes, the Home Front Command has sent a precautionary directive directly to mobile phones in the relevant areas. The public is asked to act responsibly and follow the instructions—they save lives. Upon receiving an alert, the public is instructed to enter a protected space and remain there until further notice. Leaving a protected space is permitted only after receiving explicit instructions. The public is requested to continue acting in accordance with the Home Front Command’s guidelines.",732.0,2026-03-30 07:37:00,81.0,broad,4.9,0.7958333333333333,0.0,medium
tg_17561_1,17561,iran,missile,detection_before_alert,2026-03-30T08:43:10+03:00,https://t.me/idfofficial/17561,"IDF: A short while ago, the IDF identified missiles launched from Iran toward the territory of the State of Israel. Defensive systems are operating to intercept the threat. In the past few minutes, the Home Front Command has sent a precautionary directive directly to mobile phones in the relevant areas. The public is asked to act responsibly and follow the instructions—they save lives. Upon receiving an alert, the public is instructed to enter a protected space and remain there until further notice. Leaving a protected space is permitted only after receiving explicit instructions. The public is requested to continue acting in accordance with the Home Front Command’s guidelines.",734.0,2026-03-30 08:46:00,18.0,localized,2.8333333333333335,0.8819444444444444,0.0,high
tg_17570_1,17570,iran,missile,detection_before_alert,2026-03-30T11:16:20+03:00,https://t.me/idfofficial/17570,"IDF: A short while ago, the IDF identified missiles launched from Iran toward the territory of the State of Israel. Defensive systems are operating to intercept the threat. In the past few minutes, the Home Front Command has sent a precautionary directive directly to mobile phones in the relevant areas. The public is asked to act responsibly and follow the instructions—they save lives. Upon receiving an alert, the public is instructed to enter a protected space and remain there until further notice. Leaving a protected space is permitted only after receiving explicit instructions. The public is requested to continue acting in accordance with the Home Front Command’s guidelines.",736.0,2026-03-30 11:21:00,271.0,broad,4.666666666666667,0.8055555555555556,0.0,medium
tg_17571_1,17571,iran,missile,detection_before_alert,2026-03-30T11:16:39+03:00,https://t.me/idfofficial/17571,"IDF: A short while ago, the IDF identified missiles launched from Iran toward the territory of the State of Israel. Defensive systems are operating to intercept the threat. In the past few minutes, the Home Front Command has sent a precautionary directive directly to mobile phones in the relevant areas. The public is asked to act responsibly and follow the instructions—they save lives. Upon receiving an alert, the public is instructed to enter a protected space and remain there until further notice. Leaving a protected space is permitted only after receiving explicit instructions. The public is requested to continue acting in accordance with the Home Front Command’s guidelines.",736.0,2026-03-30 11:21:00,271.0,broad,4.35,0.81875,0.0,medium
tg_17575_1,17575,iran,missile,detection_before_alert,2026-03-30T12:44:11+03:00,https://t.me/idfofficial/17575,"IDF: A short while ago, the IDF identified missiles launched from Iran toward the territory of the State of Israel. Defensive systems are operating to intercept the threat. In the past few minutes, the Home Front Command has sent a precautionary directive directly to mobile phones in the relevant areas. The public is asked to act responsibly and follow the instructions—they save lives. Upon receiving an alert, the public is instructed to enter a protected space and remain there until further notice. Leaving a protected space is permitted only after receiving explicit instructions. The public is requested to continue acting in accordance with the Home Front Command’s guidelines.",737.0,2026-03-30 12:49:00,22.0,localized,4.816666666666666,0.7993055555555556,0.0,medium
tg_17585_1,17585,iran,missile,detection_before_alert,2026-03-30T21:00:33+03:00,https://t.me/idfofficial/17585,"IDF: A short while ago, the IDF identified missiles launched from Iran toward the territory of the State of Israel. Defensive systems are operating to intercept the threat. In the past few minutes, the Home Front Command has sent a precautionary directive directly to mobile phones in the relevant areas. The public is asked to act responsibly and follow the instructions—they save lives. Upon receiving an alert, the public is instructed to enter a protected space and remain there until further notice. Leaving a protected space is permitted only after receiving explicit instructions. The public is requested to continue acting in accordance with the Home Front Command’s guidelines.",746.0,2026-03-30 21:04:00,192.0,broad,3.45,0.85625,0.0,high
tg_17587_1,17587,iran,missile,detection_before_alert,2026-03-30T21:28:41+03:00,https://t.me/idfofficial/17587,"IDF: A short while ago, the IDF identified missiles launched from Iran toward the territory of the State of Israel. Defensive systems are operating to intercept the threat. In the past few minutes, the Home Front Command has sent a precautionary directive directly to mobile phones in the relevant areas. The public is asked to act responsibly and follow the instructions—they save lives. Upon receiving an alert, the public is instructed to enter a protected space and remain there until further notice. Leaving a protected space is permitted only after receiving explicit instructions. The public is requested to continue acting in accordance with the Home Front Command’s guidelines.",747.0,2026-03-30 21:33:00,192.0,broad,4.316666666666666,0.8201388888888889,0.0,high
tg_17591_1,17591,iran,missile,detection_before_alert,2026-03-31T05:29:19+03:00,https://t.me/idfofficial/17591,"IDF: A short while ago, the IDF identified missiles launched from Iran toward the territory of the State of Israel. Defensive systems are operating to intercept the threat. In the past few minutes, the Home Front Command has sent a precautionary directive directly to mobile phones in the relevant areas. The public is asked to act responsibly and follow the instructions—they save lives. Upon receiving an alert, the public is instructed to enter a protected space and remain there until further notice. Leaving a protected space is permitted only after receiving explicit instructions. The public is requested to continue acting in accordance with the Home Front Command’s guidelines.",750.0,2026-03-31 05:33:00,243.0,broad,3.683333333333333,0.8465277777777778,0.0,high
tg_17596_1,17596,iran,missile,detection_before_alert,2026-03-31T09:26:36+03:00,https://t.me/idfofficial/17596,"IDF: A short while ago, the IDF identified missiles launched from Iran toward the territory of the State of Israel. Defensive systems are operating to intercept the threat. In the past few minutes, the Home Front Command has sent a precautionary directive directly to mobile phones in the relevant areas. The public is asked to act responsibly and follow the instructions—they save lives. Upon receiving an alert, the public is instructed to enter a protected space and remain there until further notice. Leaving a protected space is permitted only after receiving explicit instructions. The public is requested to continue acting in accordance with the Home Front Command’s guidelines.",751.0,2026-03-31 09:32:00,143.0,broad,5.4,0.775,0.0,medium
tg_17599_1,17599,iran,missile,detection_before_alert,2026-03-31T10:59:32+03:00,https://t.me/idfofficial/17599,"IDF: A short while ago, the IDF identified missiles launched from Iran toward the territory of the State of Israel. Defensive systems are operating to intercept the threat. In the past few minutes, the Home Front Command has sent a precautionary directive directly to mobile phones in the relevant areas. The public is asked to act responsibly and follow the instructions—they save lives. Upon receiving an alert, the public is instructed to enter a protected space and remain there until further notice. Leaving a protected space is permitted only after receiving explicit instructions. The public is requested to continue acting in accordance with the Home Front Command’s guidelines.",752.0,2026-03-31 11:02:00,173.0,broad,2.466666666666667,0.8972222222222223,0.0,high
tg_17623_1,17623,iran,missile,detection_before_alert,2026-04-01T07:48:05+03:00,https://t.me/idfofficial/17623,"IDF: A short while ago, the IDF identified missiles launched from Iran toward the territory of the State of Israel. Defensive systems are operating to intercept the threat. In the past few minutes, the Home Front Command has sent a precautionary directive directly to mobile phones in the relevant areas. The public is asked to act responsibly and follow the instructions—they save lives. Upon receiving an alert, the public is instructed to enter a protected space and remain there until further notice. Leaving a protected space is permitted only after receiving explicit instructions. The public is requested to continue acting in accordance with the Home Front Command’s guidelines.",776.0,2026-04-01 07:53:00,150.0,broad,4.916666666666667,0.7951388888888888,0.0,medium
tg_17626_1,17626,iran,missile,detection_before_alert,2026-04-01T08:27:39+03:00,https://t.me/idfofficial/17626,"IDF: A short while ago, the IDF identified missiles launched from Iran toward the territory of the State of Israel. Defensive systems are operating to intercept the threat. In the past few minutes, the Home Front Command has sent a precautionary directive directly to mobile phones in the relevant areas. The public is asked to act responsibly and follow the instructions—they save lives. Upon receiving an alert, the public is instructed to enter a protected space and remain there until further notice. Leaving a protected space is permitted only after receiving explicit instructions. The public is requested to continue acting in accordance with the Home Front Command’s guidelines.",777.0,2026-04-01 08:35:00,306.0,broad,7.35,0.6937500000000001,0.0,medium
tg_17629_1,17629,iran,missile,detection_before_alert,2026-04-01T09:00:47+03:00,https://t.me/idfofficial/17629,"IDF: A short while ago, the IDF identified missiles launched from Iran toward the territory of the State of Israel. Defensive systems are operating to intercept the threat. In the past few minutes, the Home Front Command has sent a precautionary directive directly to mobile phones in the relevant areas. The public is asked to act responsibly and follow the instructions—they save lives. Upon receiving an alert, the public is instructed to enter a protected space and remain there until further notice. Leaving a protected space is permitted only after receiving explicit instructions. The public is requested to continue acting in accordance with the Home Front Command’s guidelines.",778.0,2026-04-01 09:07:00,136.0,broad,6.216666666666667,0.7409722222222221,0.0,medium
tg_17632_1,17632,iran,missile,detection_before_alert,2026-04-01T09:45:33+03:00,https://t.me/idfofficial/17632,"IDF: A short while ago, the IDF identified missiles launched from Iran toward the territory of the State of Israel. Defensive systems are operating to intercept the threat. In the past few minutes, the Home Front Command has sent a precautionary directive directly to mobile phones in the relevant areas. The public is asked to act responsibly and follow the instructions—they save lives. Upon receiving an alert, the public is instructed to enter a protected space and remain there until further notice. Leaving a protected space is permitted only after receiving explicit instructions. The public is requested to continue acting in accordance with the Home Front Command’s guidelines.",780.0,2026-04-01 09:52:00,202.0,broad,6.45,0.73125,0.0,medium
tg_17639_1,17639,iran,missile,detection_before_alert,2026-04-01T17:16:52+03:00,https://t.me/idfofficial/17639,"IDF: A short while ago, the IDF identified missiles launched from Iran toward the territory of the State of Israel. Defensive systems are operating to intercept the threat. In the past few minutes, the Home Front Command has sent a precautionary directive directly to mobile phones in the relevant areas. The public is asked to act responsibly and follow the instructions—they save lives. Upon receiving an alert, the public is instructed to enter a protected space and remain there until further notice. Leaving a protected space is permitted only after receiving explicit instructions. The public is requested to continue acting in accordance with the Home Front Command’s guidelines.",789.0,2026-04-01 17:20:00,352.0,broad,3.1333333333333333,0.8694444444444445,0.0,high
tg_17643_1,17643,iran,missile,detection_before_alert,2026-04-01T18:03:08+03:00,https://t.me/idfofficial/17643,"IDF: A short while ago, the IDF identified missiles launched from Iran toward the territory of the State of Israel. Defensive systems are operating to intercept the threat. In the past few minutes, the Home Front Command has sent a precautionary directive directly to mobile phones in the relevant areas. The public is asked to act responsibly and follow the instructions—they save lives. Upon receiving an alert, the public is instructed to enter a protected space and remain there until further notice. Leaving a protected space is permitted only after receiving explicit instructions. The public is requested to continue acting in accordance with the Home Front Command’s guidelines.",790.0,2026-04-01 18:02:00,197.0,broad,-1.1333333333333333,0.6066666666666667,0.0,medium
tg_17646_1,17646,iran,missile,detection_before_alert,2026-04-02T01:36:07+03:00,https://t.me/idfofficial/17646,"IDF: A short while ago, the IDF identified missiles launched from Iran toward the territory of the State of Israel. Defensive systems are operating to intercept the threat. In the past few minutes, the Home Front Command has sent a precautionary directive directly to mobile phones in the relevant areas. The public is asked to act responsibly and follow the instructions—they save lives. Upon receiving an alert, the public is instructed to enter a protected space and remain there until further notice. Leaving a protected space is permitted only after receiving explicit instructions. The public is requested to continue acting in accordance with the Home Front Command’s guidelines.",801.0,2026-04-02 01:41:00,191.0,broad,4.883333333333334,0.7965277777777777,0.0,medium
tg_17648_1,17648,iran,missile,detection_before_alert,2026-04-02T03:24:23+03:00,https://t.me/idfofficial/17648,"IDF: A short while ago, the IDF identified missiles launched from Iran toward the territory of the State of Israel. Defensive systems are operating to intercept the threat. In the past few minutes, the Home Front Command has sent a precautionary directive directly to mobile phones in the relevant areas. The public is asked to act responsibly and follow the instructions—they save lives. Upon receiving an alert, the public is instructed to enter a protected space and remain there until further notice. Leaving a protected space is permitted only after receiving explicit instructions. The public is requested to continue acting in accordance with the Home Front Command’s guidelines.",802.0,2026-04-02 03:29:00,297.0,broad,4.616666666666666,0.8076388888888889,0.0,medium
tg_17650_1,17650,iran,missile,detection_before_alert,2026-04-02T04:43:13+03:00,https://t.me/idfofficial/17650,"IDF: A short while ago, the IDF identified missiles launched from Iran toward the territory of the State of Israel. Defensive systems are operating to intercept the threat. In the past few minutes, the Home Front Command has sent a precautionary directive directly to mobile phones in the relevant areas. The public is asked to act responsibly and follow the instructions—they save lives. Upon receiving an alert, the public is instructed to enter a protected space and remain there until further notice. Leaving a protected space is permitted only after receiving explicit instructions. The public is requested to continue acting in accordance with the Home Front Command’s guidelines.",803.0,2026-04-02 04:46:00,251.0,broad,2.783333333333333,0.8840277777777777,0.0,high
tg_17652_1,17652,iran,missile,detection_before_alert,2026-04-02T07:13:35+03:00,https://t.me/idfofficial/17652,"IDF: A short while ago, the IDF identified missiles launched from Iran toward the territory of the State of Israel. Defensive systems are operating to intercept the threat. In the past few minutes, the Home Front Command has sent a precautionary directive directly to mobile phones in the relevant areas. The public is asked to act responsibly and follow the instructions—they save lives. Upon receiving an alert, the public is instructed to enter a protected space and remain there until further notice. Leaving a protected space is permitted only after receiving explicit instructions. The public is requested to continue acting in accordance with the Home Front Command’s guidelines.",807.0,2026-04-02 07:19:00,119.0,broad,5.416666666666667,0.7743055555555556,0.0,medium
tg_17653_1,17653,iran,missile,detection_before_alert,2026-04-02T07:31:07+03:00,https://t.me/idfofficial/17653,"IDF: A short while ago, the IDF identified missiles launched from Iran IDF: Following the situational assessment, the Home Front Command has announced that it is now permitted to leave protected spaces in all areas of the country. The public is requested to continue to follow the Home Front Command instructions.",,,,,,,,unmatched
tg_17658_1,17658,iran,missile,detection_before_alert,2026-04-02T17:46:47+03:00,https://t.me/idfofficial/17658,"IDF: A short while ago, the IDF identified missiles launched from Iran toward the territory of the State of Israel. Defensive systems are operating to intercept the threat. In the past few minutes, the Home Front Command has sent a precautionary directive directly to mobile phones in the relevant areas. The public is asked to act responsibly and follow the instructions—they save lives. Upon receiving an alert, the public is instructed to enter a protected space and remain there until further notice. Leaving a protected space is permitted only after receiving explicit instructions. The public is requested to continue acting in accordance with the Home Front Command’s guidelines.",823.0,2026-04-02 17:49:00,255.0,broad,2.216666666666667,0.9076388888888889,0.0,high
tg_17662_1,17662,iran,missile,detection_before_alert,2026-04-02T19:20:43+03:00,https://t.me/idfofficial/17662,"IDF: A short while ago, the IDF identified missiles launched from Iran toward the territory of the State of Israel. Defensive systems are operating to intercept the threat. In the past few minutes, the Home Front Command has sent a precautionary directive directly to mobile phones in the relevant areas. The public is asked to act responsibly and follow the instructions—they save lives. Upon receiving an alert, the public is instructed to enter a protected space and remain there until further notice. Leaving a protected space is permitted only after receiving explicit instructions. The public is requested to continue acting in accordance with the Home Front Command’s guidelines.",827.0,2026-04-02 19:26:00,421.0,broad,5.283333333333333,0.7798611111111111,0.0,medium
tg_17668_1,17668,iran,missile,detection_before_alert,2026-04-03T03:09:50+03:00,https://t.me/idfofficial/17668,"IDF: A short while ago, the IDF identified missiles launched from Iran toward the territory of the State of Israel. Defensive systems are operating to intercept the threat. In the past few minutes, the Home Front Command has sent a precautionary directive directly to mobile phones in the relevant areas. The public is asked to act responsibly and follow the instructions—they save lives. Upon receiving an alert, the public is instructed to enter a protected space and remain there until further notice. Leaving a protected space is permitted only after receiving explicit instructions. The public is requested to continue acting in accordance with the Home Front Command’s guidelines.",833.0,2026-04-03 03:15:00,119.0,broad,5.166666666666667,0.7847222222222222,0.0,medium
tg_17670_1,17670,iran,missile,detection_before_alert,2026-04-03T10:48:52+03:00,https://t.me/idfofficial/17670,"IDF: A short while ago, the IDF identified missiles launched from Iran toward the territory of the State of Israel. Defensive systems are operating to intercept the threat. In the past few minutes, the Home Front Command has sent a precautionary directive directly to mobile phones in the relevant areas. The public is asked to act responsibly and follow the instructions—they save lives. Upon receiving an alert, the public is instructed to enter a protected space and remain there until further notice. Leaving a protected space is permitted only after receiving explicit instructions. The public is requested to continue acting in accordance with the Home Front Command’s guidelines.",842.0,2026-04-03 10:54:00,124.0,broad,5.133333333333334,0.7861111111111111,0.0,medium
tg_17676_1,17676,iran,missile,detection_before_alert,2026-04-03T16:08:32+03:00,https://t.me/idfofficial/17676,"IDF: A short while ago, the IDF identified missiles launched from Iran toward the territory of the State of Israel. Defensive systems are operating to intercept the threat. In the past few minutes, the Home Front Command has sent a precautionary directive directly to mobile phones in the relevant areas. The public is asked to act responsibly and follow the instructions—they save lives. Upon receiving an alert, the public is instructed to enter a protected space and remain there until further notice. Leaving a protected space is permitted only after receiving explicit instructions. The public is requested to continue acting in accordance with the Home Front Command’s guidelines.",848.0,2026-04-03 16:12:00,254.0,broad,3.466666666666667,0.8555555555555555,0.39722222222222225,high
tg_17682_1,17682,iran,missile,detection_before_alert,2026-04-03T18:20:47+03:00,https://t.me/idfofficial/17682,"IDF: A short while ago, the IDF identified missiles launched from Iran toward the territory of the State of Israel. Defensive systems are operating to intercept the threat. In the past few minutes, the Home Front Command has sent a precautionary directive directly to mobile phones in the relevant areas. The public is asked to act responsibly and follow the instructions—they save lives. Upon receiving an alert, the public is instructed to enter a protected space and remain there until further notice. Leaving a protected space is permitted only after receiving explicit instructions. The public is requested to continue acting in accordance with the Home Front Command’s guidelines.",853.0,2026-04-03 18:26:00,388.0,broad,5.216666666666667,0.7826388888888889,0.0,medium
tg_17685_1,17685,iran,missile,detection_before_alert,2026-04-03T19:25:01+03:00,https://t.me/idfofficial/17685,"IDF: A short while ago, the IDF identified missiles launched from Iran toward the territory of the State of Israel. Defensive systems are operating to intercept the threat. In the past few minutes, the Home Front Command has sent a precautionary directive directly to mobile phones in the relevant areas. The public is asked to act responsibly and follow the instructions—they save lives. Upon receiving an alert, the public is instructed to enter a protected space and remain there until further notice. Leaving a protected space is permitted only after receiving explicit instructions. The public is requested to continue acting in accordance with the Home Front Command’s guidelines.",855.0,2026-04-03 19:31:00,227.0,broad,5.983333333333333,0.7506944444444444,0.0,medium
tg_17688_1,17688,iran,missile,detection_before_alert,2026-04-03T20:53:41+03:00,https://t.me/idfofficial/17688,"IDF: A short while ago, the IDF identified missiles launched from Iran toward the territory of the State of Israel. Defensive systems are operating to intercept the threat. In the past few minutes, the Home Front Command has sent a precautionary directive directly to mobile phones in the relevant areas. The public is asked to act responsibly and follow the instructions—they save lives. Upon receiving an alert, the public is instructed to enter a protected space and remain there until further notice. Leaving a protected space is permitted only after receiving explicit instructions. The public is requested to continue acting in accordance with the Home Front Command’s guidelines.",,,,,,,,unmatched
tg_17692_1,17692,iran,missile,detection_before_alert,2026-04-04T01:26:26+03:00,https://t.me/idfofficial/17692,"IDF: A short while ago, the IDF identified missiles launched from Iran toward the territory of the State of Israel. Defensive systems are operating to intercept the threat. In the past few minutes, the Home Front Command has sent a precautionary directive directly to mobile phones in the relevant areas. The public is asked to act responsibly and follow the instructions—they save lives. Upon receiving an alert, the public is instructed to enter a protected space and remain there until further notice. Leaving a protected space is permitted only after receiving explicit instructions. The public is requested to continue acting in accordance with the Home Front Command’s guidelines.",862.0,2026-04-04 01:31:00,33.0,broad,4.566666666666666,0.8097222222222222,0.0,medium
tg_17694_1,17694,iran,missile,detection_before_alert,2026-04-04T01:55:27+03:00,https://t.me/idfofficial/17694,"IDF: A short while ago, the IDF identified missiles launched from Iran toward the territory of the State of Israel. Defensive systems are operating to intercept the threat. In the past few minutes, the Home Front Command has sent a precautionary directive directly to mobile phones in the relevant areas. The public is asked to act responsibly and follow the instructions—they save lives. Upon receiving an alert, the public is instructed to enter a protected space and remain there until further notice. Leaving a protected space is permitted only after receiving explicit instructions. The public is requested to continue acting in accordance with the Home Front Command’s guidelines.",863.0,2026-04-04 02:00:00,149.0,broad,4.55,0.8104166666666667,0.0,medium
tg_17698_1,17698,iran,missile,detection_before_alert,2026-04-04T11:45:25+03:00,https://t.me/idfofficial/17698,"IDF: A short while ago, the IDF identified missiles launched from Iran toward the territory of the State of Israel. Defensive systems are operating to intercept the threat. In the past few minutes, the Home Front Command has sent a precautionary directive directly to mobile phones in the relevant areas. The public is asked to act responsibly and follow the instructions—they save lives. Upon receiving an alert, the public is instructed to enter a protected space and remain there until further notice. Leaving a protected space is permitted only after receiving explicit instructions. The public is requested to continue acting in accordance with the Home Front Command’s guidelines.",867.0,2026-04-04 11:50:00,194.0,broad,4.583333333333333,0.8090277777777778,0.0,medium
tg_17703_1,17703,iran,missile,detection_before_alert,2026-04-04T14:51:17+03:00,https://t.me/idfofficial/17703,"IDF: A short while ago, the IDF identified missiles launched from Iran toward the territory of the State of Israel. Defensive systems are operating to intercept the threat. In the past few minutes, the Home Front Command has sent a precautionary directive directly to mobile phones in the relevant areas. The public is asked to act responsibly and follow the instructions—they save lives. Upon receiving an alert, the public is instructed to enter a protected space and remain there until further notice. Leaving a protected space is permitted only after receiving explicit instructions. The public is requested to continue acting in accordance with the Home Front Command’s guidelines.",868.0,2026-04-04 14:56:00,143.0,broad,4.716666666666667,0.8034722222222223,0.0,medium
tg_17707_1,17707,iran,missile,detection_before_alert,2026-04-04T16:20:33+03:00,https://t.me/idfofficial/17707,"IDF: A short while ago, the IDF identified missiles launched from Iran toward the territory of the State of Israel. Defensive systems are operating to intercept the threat. In the past few minutes, the Home Front Command has sent a precautionary directive directly to mobile phones in the relevant areas. The public is asked to act responsibly and follow the instructions—they save lives. Upon receiving an alert, the public is instructed to enter a protected space and remain there until further notice. Leaving a protected space is permitted only after receiving explicit instructions. The public is requested to continue acting in accordance with the Home Front Command’s guidelines.",869.0,2026-04-04 16:25:00,182.0,broad,4.45,0.8145833333333333,0.0,medium
tg_17708_1,17708,iran,missile,detection_before_alert,2026-04-04T17:44:16+03:00,https://t.me/idfofficial/17708,"IDF: A short while ago, the IDF identified missiles launched from Iran toward the territory of the State of Israel. Defensive systems are operating to intercept the threat. In the past few minutes, the Home Front Command has sent a precautionary directive directly to mobile phones in the relevant areas. The public is asked to act responsibly and follow the instructions—they save lives. Upon receiving an alert, the public is instructed to enter a protected space and remain there until further notice. Leaving a protected space is permitted only after receiving explicit instructions. The public is requested to continue acting in accordance with the Home Front Command’s guidelines.",871.0,2026-04-04 17:45:00,176.0,broad,0.7333333333333333,0.9694444444444444,0.3861111111111112,high
tg_17710_1,17710,iran,missile,detection_before_alert,2026-04-04T18:28:30+03:00,https://t.me/idfofficial/17710,"IDF: A short while ago, the IDF identified missiles launched from Iran toward the territory of the State of Israel. Defensive systems are operating to intercept the threat. In the past few minutes, the Home Front Command has sent a precautionary directive directly to mobile phones in the relevant areas. The public is asked to act responsibly and follow the instructions—they save lives. Upon receiving an alert, the public is instructed to enter a protected space and remain there until further notice. Leaving a protected space is permitted only after receiving explicit instructions. The public is requested to continue acting in accordance with the Home Front Command’s guidelines.",874.0,2026-04-04 18:43:00,10.0,localized,14.5,0.39583333333333337,0.0,ambiguous
tg_17712_1,17712,iran,missile,detection_before_alert,2026-04-04T19:25:29+03:00,https://t.me/idfofficial/17712,"IDF: A short while ago, the IDF identified missiles launched from Iran toward the territory of the State of Israel. Defensive systems are operating to intercept the threat. In the past few minutes, the Home Front Command has sent a precautionary directive directly to mobile phones in the relevant areas. The public is asked to act responsibly and follow the instructions—they save lives. Upon receiving an alert, the public is instructed to enter a protected space and remain there until further notice. Leaving a protected space is permitted only after receiving explicit instructions. The public is requested to continue acting in accordance with the Home Front Command’s guidelines.",876.0,2026-04-04 19:28:00,255.0,broad,2.5166666666666666,0.8951388888888889,0.0,high
tg_17720_1,17720,iran,missile,detection_before_alert,2026-04-05T01:37:05+03:00,https://t.me/idfofficial/17720,"IDF: A short while ago, the IDF identified missiles launched from Iran toward the territory of the State of Israel. Defensive systems are operating to intercept the threat. In the past few minutes, the Home Front Command has sent a precautionary directive directly to mobile phones in the relevant areas. The public is asked to act responsibly and follow the instructions—they save lives. Upon receiving an alert, the public is instructed to enter a protected space and remain there until further notice. Leaving a protected space is permitted only after receiving explicit instructions. The public is requested to continue acting in accordance with the Home Front Command’s guidelines.",878.0,2026-04-05 01:42:00,48.0,broad,4.916666666666667,0.7951388888888888,0.0,medium
tg_17722_1,17722,iran,missile,detection_before_alert,2026-04-05T04:08:05+03:00,https://t.me/idfofficial/17722,"IDF: A short while ago, the IDF identified missiles launched from Iran toward the territory of the State of Israel. Defensive systems are operating to intercept the threat. In the past few minutes, the Home Front Command has sent a precautionary directive directly to mobile phones in the relevant areas. The public is asked to act responsibly and follow the instructions—they save lives. Upon receiving an alert, the public is instructed to enter a protected space and remain there until further notice. Leaving a protected space is permitted only after receiving explicit instructions. The public is requested to continue acting in accordance with the Home Front Command’s guidelines.",879.0,2026-04-05 04:11:00,244.0,broad,2.9166666666666665,0.8784722222222222,0.0,high
tg_17726_1,17726,iran,missile,detection_before_alert,2026-04-05T09:59:27+03:00,https://t.me/idfofficial/17726,"IDF: A short while ago, the IDF identified missiles launched from Iran toward the territory of the State of Israel. Defensive systems are operating to intercept the threat. In the past few minutes, the Home Front Command has sent a precautionary directive directly to mobile phones in the relevant areas. The public is asked to act responsibly and follow the instructions—they save lives. Upon receiving an alert, the public is instructed to enter a protected space and remain there until further notice. Leaving a protected space is permitted only after receiving explicit instructions. The public is requested to continue acting in accordance with the Home Front Command’s guidelines.",882.0,2026-04-05 10:05:00,164.0,broad,5.55,0.76875,0.0,medium
tg_17730_1,17730,iran,missile,detection_before_alert,2026-04-05T13:27:12+03:00,https://t.me/idfofficial/17730,"IDF: A short while ago, the IDF identified missiles launched from Iran toward the territory of the State of Israel. Defensive systems are operating to intercept the threat. In the past few minutes, the Home Front Command has sent a precautionary directive directly to mobile phones in the relevant areas. The public is asked to act responsibly and follow the instructions—they save lives. Upon receiving an alert, the public is instructed to enter a protected space and remain there until further notice. Leaving a protected space is permitted only after receiving explicit instructions. The public is requested to continue acting in accordance with the Home Front Command’s guidelines.",888.0,2026-04-05 13:33:00,34.0,broad,5.8,0.7583333333333333,0.0,medium
tg_17737_1,17737,iran,missile,detection_before_alert,2026-04-05T18:09:28+03:00,https://t.me/idfofficial/17737,"IDF: A short while ago, the IDF identified missiles launched from Iran toward the territory of the State of Israel. Defensive systems are operating to intercept the threat. In the past few minutes, the Home Front Command has sent a precautionary directive directly to mobile phones in the relevant areas. The public is asked to act responsibly and follow the instructions—they save lives. Upon receiving an alert, the public is instructed to enter a protected space and remain there until further notice. Leaving a protected space is permitted only after receiving explicit instructions. The public is requested to continue acting in accordance with the Home Front Command’s guidelines.",896.0,2026-04-05 18:12:00,149.0,broad,2.533333333333333,0.8944444444444445,0.0,high
tg_17743_1,17743,iran,missile,detection_before_alert,2026-04-06T03:20:49+03:00,https://t.me/idfofficial/17743,"IDF: A short while ago, the IDF identified missiles launched from Iran toward the territory of the State of Israel. Defensive systems are operating to intercept the threat. In the past few minutes, the Home Front Command has sent a precautionary directive directly to mobile phones in the relevant areas. The public is asked to act responsibly and follow the instructions—they save lives. Upon receiving an alert, the public is instructed to enter a protected space and remain there until further notice. Leaving a protected space is permitted only after receiving explicit instructions. The public is requested to continue acting in accordance with the Home Front Command’s guidelines.",901.0,2026-04-06 03:26:00,324.0,broad,5.183333333333334,0.7840277777777778,0.0,medium
tg_17745_1,17745,iran,missile,detection_before_alert,2026-04-06T05:42:54+03:00,https://t.me/idfofficial/17745,"IDF: A short while ago, the IDF identified missiles launched from Iran toward the territory of the State of Israel. Defensive systems are operating to intercept the threat. In the past few minutes, the Home Front Command has sent a precautionary directive directly to mobile phones in the relevant areas. The public is asked to act responsibly and follow the instructions—they save lives. Upon receiving an alert, the public is instructed to enter a protected space and remain there until further notice. Leaving a protected space is permitted only after receiving explicit instructions. The public is requested to continue acting in accordance with the Home Front Command’s guidelines.",902.0,2026-04-06 05:48:00,113.0,broad,5.1,0.7875,0.0,medium
tg_17749_1,17749,iran,missile,detection_before_alert,2026-04-06T06:43:48+03:00,https://t.me/idfofficial/17749,"IDF: A short while ago, the IDF identified missiles launched from Iran toward the territory of the State of Israel. Defensive systems are operating to intercept the threat. In the past few minutes, the Home Front Command has sent a precautionary directive directly to mobile phones in the relevant areas. The public is asked to act responsibly and follow the instructions—they save lives. Upon receiving an alert, the public is instructed to enter a protected space and remain there until further notice. Leaving a protected space is permitted only after receiving explicit instructions. The public is requested to continue acting in accordance with the Home Front Command’s guidelines.",903.0,2026-04-06 06:49:00,149.0,broad,5.2,0.7833333333333333,0.0,medium
tg_17751_1,17751,iran,missile,detection_before_alert,2026-04-06T07:54:14+03:00,https://t.me/idfofficial/17751,"IDF: A short while ago, the IDF identified missiles launched from Iran toward the territory of the State of Israel. Defensive systems are operating to intercept the threat. In the past few minutes, the Home Front Command has sent a precautionary directive directly to mobile phones in the relevant areas. The public is asked to act responsibly and follow the instructions—they save lives. Upon receiving an alert, the public is instructed to enter a protected space and remain there until further notice. Leaving a protected space is permitted only after receiving explicit instructions. The public is requested to continue acting in accordance with the Home Front Command’s guidelines.",904.0,2026-04-06 07:59:00,87.0,broad,4.766666666666667,0.8013888888888889,0.0,medium
tg_17760_1,17760,iran,missile,detection_before_alert,2026-04-06T13:33:50+03:00,https://t.me/idfofficial/17760,"IDF: A short while ago, the IDF identified missiles launched from Iran toward the territory of the State of Israel. Defensive systems are operating to intercept the threat. In the past few minutes, the Home Front Command has sent a precautionary directive directly to mobile phones in the relevant areas. The public is asked to act responsibly and follow the instructions—they save lives. Upon receiving an alert, the public is instructed to enter a protected space and remain there until further notice. Leaving a protected space is permitted only after receiving explicit instructions. The public is requested to continue acting in accordance with the Home Front Command’s guidelines.",909.0,2026-04-06 13:38:00,275.0,broad,4.166666666666667,0.8263888888888888,0.0,high
tg_17764_1,17764,iran,missile,detection_before_alert,2026-04-06T15:41:31+03:00,https://t.me/idfofficial/17764,"IDF: A short while ago, the IDF identified missiles launched from Iran toward the territory of the State of Israel. Defensive systems are operating to intercept the threat. In the past few minutes, the Home Front Command has sent a precautionary directive directly to mobile phones in the relevant areas. The public is asked to act responsibly and follow the instructions—they save lives. Upon receiving an alert, the public is instructed to enter a protected space and remain there until further notice. Leaving a protected space is permitted only after receiving explicit instructions. The public is requested to continue acting in accordance with the Home Front Command’s guidelines.",910.0,2026-04-06 15:47:00,402.0,broad,5.483333333333333,0.7715277777777778,0.0,medium
tg_17775_1,17775,iran,missile,detection_before_alert,2026-04-07T03:27:26+03:00,https://t.me/idfofficial/17775,"IDF: A short while ago, the IDF identified missiles launched from Iran toward the territory of the State of Israel. Defensive systems are operating to intercept the threat. In the past few minutes, the Home Front Command has sent a precautionary directive directly to mobile phones in the relevant areas. The public is asked to act responsibly and follow the instructions—they save lives. Upon receiving an alert, the public is instructed to enter a protected space and remain there until further notice. Leaving a protected space is permitted only after receiving explicit instructions. The public is requested to continue acting in accordance with the Home Front Command’s guidelines.",920.0,2026-04-07 03:31:00,29.0,broad,3.566666666666667,0.8513888888888889,0.0,high
tg_17778_1,17778,iran,missile,detection_before_alert,2026-04-07T09:02:24+03:00,https://t.me/idfofficial/17778,"IDF: A short while ago, the IDF identified missiles launched from Iran toward the territory of the State of Israel. Defensive systems are operating to intercept the threat. In the past few minutes, the Home Front Command has sent a precautionary directive directly to mobile phones in the relevant areas. The public is asked to act responsibly and follow the instructions—they save lives. Upon receiving an alert, the public is instructed to enter a protected space and remain there until further notice. Leaving a protected space is permitted only after receiving explicit instructions. The public is requested to continue acting in accordance with the Home Front Command’s guidelines.",924.0,2026-04-07 09:01:00,251.0,broad,-1.4,0.58,0.0,medium
tg_17786_1,17786,iran,missile,detection_before_alert,2026-04-07T13:01:28+03:00,https://t.me/idfofficial/17786,"IDF: A short while ago, the IDF identified missiles launched from Iran toward the territory of the State of Israel. Defensive systems are operating to intercept the threat. In the past few minutes, the Home Front Command has sent a precautionary directive directly to mobile phones in the relevant areas. The public is asked to act responsibly and follow the instructions—they save lives. Upon receiving an alert, the public is instructed to enter a protected space and remain there until further notice. Leaving a protected space is permitted only after receiving explicit instructions. The public is requested to continue acting in accordance with the Home Front Command’s guidelines.",933.0,2026-04-07 13:01:00,233.0,broad,-0.4666666666666667,0.6733333333333333,0.0,medium
tg_17790_1,17790,iran,missile,detection_before_alert,2026-04-07T16:09:37+03:00,https://t.me/idfofficial/17790,"IDF: A short while ago, the IDF identified missiles launched from Iran toward the territory of the State of Israel. Defensive systems are operating to intercept the threat. In the past few minutes, the Home Front Command has sent a precautionary directive directly to mobile phones in the relevant areas. The public is asked to act responsibly and follow the instructions—they save lives. Upon receiving an alert, the public is instructed to enter a protected space and remain there until further notice. Leaving a protected space is permitted only after receiving explicit instructions. The public is requested to continue acting in accordance with the Home Front Command’s guidelines.",940.0,2026-04-07 16:14:00,43.0,broad,4.383333333333334,0.8173611111111111,0.0,medium
tg_17793_1,17793,iran,missile,detection_before_alert,2026-04-07T18:15:43+03:00,https://t.me/idfofficial/17793,"IDF: A short while ago, the IDF identified missiles launched from Iran toward the territory of the State of Israel. Defensive systems are operating to intercept the threat. In the past few minutes, the Home Front Command has sent a precautionary directive directly to mobile phones in the relevant areas. The public is asked to act responsibly and follow the instructions—they save lives. Upon receiving an alert, the public is instructed to enter a protected space and remain there until further notice. Leaving a protected space is permitted only after receiving explicit instructions. The public is requested to continue acting in accordance with the Home Front Command’s guidelines.",945.0,2026-04-07 18:18:00,329.0,broad,2.283333333333333,0.9048611111111111,0.0,high
tg_17795_1,17795,iran,missile,detection_before_alert,2026-04-07T18:37:44+03:00,https://t.me/idfofficial/17795,"IDF: A short while ago, the IDF identified missiles launched from Iran toward the territory of the State of Israel. Defensive systems are operating to intercept the threat. In the past few minutes, the Home Front Command has sent a precautionary directive directly to mobile phones in the relevant areas. The public is asked to act responsibly and follow the instructions—they save lives. Upon receiving an alert, the public is instructed to enter a protected space and remain there until further notice. Leaving a protected space is permitted only after receiving explicit instructions. The public is requested to continue acting in accordance with the Home Front Command’s guidelines.",946.0,2026-04-07 18:41:00,242.0,broad,3.2666666666666666,0.8638888888888889,0.0,high
tg_17799_1,17799,iran,missile,detection_before_alert,2026-04-07T20:33:50+03:00,https://t.me/idfofficial/17799,"IDF: A short while ago, the IDF identified missiles launched from Iran toward the territory of the State of Israel. Defensive systems are operating to intercept the threat. In the past few minutes, the Home Front Command has sent a precautionary directive directly to mobile phones in the relevant areas. The public is asked to act responsibly and follow the instructions—they save lives. Upon receiving an alert, the public is instructed to enter a protected space and remain there until further notice. Leaving a protected space is permitted only after receiving explicit instructions. The public is requested to continue acting in accordance with the Home Front Command’s guidelines.",948.0,2026-04-07 20:39:00,19.0,localized,5.166666666666667,0.7847222222222222,0.0,medium
tg_17802_1,17802,iran,missile,detection_before_alert,2026-04-07T21:59:03+03:00,https://t.me/idfofficial/17802,"IDF: A short while ago, the IDF identified missiles launched from Iran toward the territory of the State of Israel. Defensive systems are operating to intercept the threat. In the past few minutes, the Home Front Command has sent a precautionary directive directly to mobile phones in the relevant areas. The public is asked to act responsibly and follow the instructions—they save lives. Upon receiving an alert, the public is instructed to enter a protected space and remain there until further notice. Leaving a protected space is permitted only after receiving explicit instructions. The public is requested to continue acting in accordance with the Home Front Command’s guidelines.",949.0,2026-04-07 22:04:00,71.0,broad,4.95,0.79375,0.0,medium
tg_17804_1,17804,iran,missile,detection_before_alert,2026-04-08T01:41:37+03:00,https://t.me/idfofficial/17804,"IDF: A short while ago, the IDF identified missiles launched from Iran toward the territory of the State of Israel. Defensive systems are operating to intercept the threat. In the past few minutes, the Home Front Command has sent a precautionary directive directly to mobile phones in the relevant areas. The public is asked to act responsibly and follow the instructions—they save lives. Upon receiving an alert, the public is instructed to enter a protected space and remain there until further notice. Leaving a protected space is permitted only after receiving explicit instructions. The public is requested to continue acting in accordance with the Home Front Command’s guidelines.",950.0,2026-04-08 01:46:00,180.0,broad,4.383333333333334,0.8173611111111111,0.0,medium
tg_17806_1,17806,iran,missile,detection_before_alert,2026-04-08T02:34:36+03:00,https://t.me/idfofficial/17806,"IDF: A short while ago, the IDF identified missiles launched from Iran toward the territory of the State of Israel. Defensive systems are operating to intercept the threat. In the past few minutes, the Home Front Command has sent a precautionary directive directly to mobile phones in the relevant areas. The public is asked to act responsibly and follow the instructions—they save lives. Upon receiving an alert, the public is instructed to enter a protected space and remain there until further notice. Leaving a protected space is permitted only after receiving explicit instructions. The public is requested to continue acting in accordance with the Home Front Command’s guidelines.",951.0,2026-04-08 02:40:00,82.0,broad,5.4,0.775,0.0,medium
tg_17808_1,17808,iran,missile,detection_before_alert,2026-04-08T03:16:14+03:00,https://t.me/idfofficial/17808,"IDF: A short while ago, the IDF identified missiles launched from Iran toward the territory of the State of Israel. Defensive systems are operating to intercept the threat. In the past few minutes, the Home Front Command has sent a precautionary directive directly to mobile phones in the relevant areas. The public is asked to act responsibly and follow the instructions—they save lives. Upon receiving an alert, the public is instructed to enter a protected space and remain there until further notice. Leaving a protected space is permitted only after receiving explicit instructions. The public is requested to continue acting in accordance with the Home Front Command’s guidelines.",952.0,2026-04-08 03:23:00,185.0,broad,6.766666666666667,0.7180555555555556,0.0,medium
tg_17861_1,17861,lebanon,uav,launch_report,2026-04-13T16:57:07+03:00,https://t.me/idfofficial/17861,"IDF: Since this morning: More than 10 hostile aircraft launched from Lebanon to the State of Israel were intercepted Since this morning, the Israeli Air Force intercepted more than 10 hostile aircraft launched from Lebanon toward the State of Israel and IDF soldiers operating in southern Lebanon. The Israeli Air Force continues to remove threats to the civilians of the State of Israel, while further degrading the Hezbollah terrorist organization’s capabilities. Attached is footage of a hostile aircraft intercepted by aerial defense systems: https://bit.ly/4ci1y2r",,,,,,,,not_eligible
tg_17924_1,17924,lebanon,mixed,confirmation_after_alert,2026-04-21T19:32:08+03:00,https://t.me/idfofficial/17924,"IDF: A short while ago, the Hezbollah terrorist organization launched several rockets toward IDF soldiers operating south of the Forward Defense Line, in the area of Rab Thalathin in southern Lebanon. In response, the IDF struck the launcher from which the rockets were launched. Contrary to the report of the false identification, and according to an additional inquiry, the sirens in the areas of Kfar Yuval and Ma'ayan Baruch were most likely sounded following the interception of a UAV launched from Lebanon prior to crossing into Israeli territory. The launches constitute a blatant violation of the ceasefire agreement.",1081.0,2026-04-21 18:39:00,2.0,localized,-53.13333333333333,0.29155555555555557,0.0,ambiguous
tg_17945_1,17945,lebanon,unknown,confirmation_after_alert,2026-04-23T23:30:27+03:00,https://t.me/idfofficial/17945,"IDF: Following the sirens that sounded in the area of Shtula a short while ago, several launches that crossed from Lebanon into Israeli territory were identified. The Israeli Air Force intercepted the launches. Sirens were sounded in accordance with protocol.",1082.0,2026-04-23 23:19:00,1.0,localized,-11.45,0.8473333333333334,0.0,high
tg_17965_1,17965,lebanon,projectile,confirmation_after_alert,2026-04-25T16:19:53+03:00,https://t.me/idfofficial/17965,"IDF: Following the sirens that sounded in the areas of Manara, Margaliot, and Misgav Am, two projectiles that were launched from Lebanon toward Israeli territory were identified. One projectile was succesfully intercepted, and the other fell in an open area. No injuries were reported. This incident constitutes a blatant violation of the ceasefire understandings by the Hezbollah terrorist organization.",1084.0,2026-04-25 16:06:00,3.0,localized,-13.883333333333333,0.8148888888888889,0.0,medium
tg_17968_1,17968,lebanon,uav,confirmation_after_alert,2026-04-25T17:38:21+03:00,https://t.me/idfofficial/17968,"IDF: Following the sirens that were sounded in several areas in northern Israel, the Israeli Air Force successfully intercepted a suspicious aerial target that was launched from Lebanon toward Israeli territory. Contact with an additional suspicious aerial target was lost. No injuries were reported. This incident constitutes a blatant violation of the ceasefire understandings by the Hezbollah terrorist organization.",,,,,,,,not_eligible
tg_17990_1,17990,lebanon,mixed,explicit_siren_time,2026-04-27T07:40:00+03:00,https://t.me/idfofficial/17990,"IDF: Following the sirens that sounded in the communities of northern Israel regarding a hostile aircraft infiltration at 7:40, The contact with the target that was launched from Lebanon toward Israeli territory was lost. No injuries were reported. Missile and rocket alerts were activated due to concerns of falling interception debris. Following the sirens that were sounded in the communities of northern Israel regarding a hostile aircraft infiltration at 8:05 it was determined to be a false identification.",1087.0,2026-04-27 07:40:00,1.0,localized,0.0,1.0,0.0,high
tg_17990_2,17990,lebanon,mixed,explicit_siren_time,2026-04-27T08:05:00+03:00,https://t.me/idfofficial/17990,"IDF: Following the sirens that sounded in the communities of northern Israel regarding a hostile aircraft infiltration at 7:40, The contact with the target that was launched from Lebanon toward Israeli territory was lost. No injuries were reported. Missile and rocket alerts were activated due to concerns of falling interception debris. Following the sirens that were sounded in the communities of northern Israel regarding a hostile aircraft infiltration at 8:05 it was determined to be a false identification.",,,,,,,,unmatched
tg_18024_1,18024,lebanon,uav,confirmation_after_alert,2026-04-29T11:15:35+03:00,https://t.me/idfofficial/18024,"IDF: Following the Hostile aircraft infiltration sirens that sounded in the area of Avivim, the Israeli Air Force successfully intercepted a UAV that was launched from Lebanon prior to its crossing into Israeli territory. In an additional incident a short while ago, an interceptor was launched toward a suspicious aerial target that was identified in the area in which IDF soldiers are operating in southern Lebanon. The results of the interception are under review. The target did not cross into Israeli territory. No sirens were sounded in accordance with protocol. These incidents constitute a violation of the ceasefire understandings by the Hezbollah terrorist organization.",,,,,,,,not_eligible
tg_18029_1,18029,lebanon,projectile,confirmation_after_alert,2026-04-29T14:22:12+03:00,https://t.me/idfofficial/18029,"IDF: Following the sirens that were sounded in several areas in northern Israel, two projectiles that were launched from Lebanon toward Israeli territory were identified. One projectile was intercepted, and the other fell in an open area. This incident constitutes an additional violation of the ceasefire understandings by the Hezbollah terrorist organization.",1090.0,2026-04-29 13:54:00,3.0,localized,-28.2,0.624,0.0,medium
tg_18040_1,18040,lebanon,uav,confirmation_after_alert,2026-04-29T21:04:49+03:00,https://t.me/idfofficial/18040,"IDF: Following the sirens that were sounded in the area of Misgav Am, the Israeli Air Force successfully intercepted a suspicious aerial target that was launched from Lebanon toward Israeli territory. In an additional incident, a short while ago an interceptor was launched toward a suspicious aerial target that was identified in the area in which IDF soldiers are operating in southern Lebanon. The target did not cross into Israeli territory. No sirens were sounded in accordance with protocol.",,,,,,,,not_eligible
tg_18061_1,18061,lebanon,uav,confirmation_after_alert,2026-05-01T11:15:29+03:00,https://t.me/idfofficial/18061,"IDF: Following the sirens that sounded in the area of Rosh HaNikra, the Israeli Air Force successfully intercepted a UAV that crossed from Lebanon into Israeli territory. Sirens were sounded in accordance with protocol. A short while ago, the Israeli Air Force successfully intercepted three suspicious aerial targets prior to crossing into Israeli territory. No sirens were sounded in accordance with protocol. Additionally, an additional interceptor was launched toward a suspicious aerial target that was identified in the area in which IDF soldiers are operating in southern Lebanon. The results of the interception are under review. No sirens were sounded in accordance with protocol.",,,,,,,,not_eligible
tg_18078_1,18078,lebanon,projectile,confirmation_after_alert,2026-05-03T10:26:50+03:00,https://t.me/idfofficial/18078,"IDF: Following the sirens that sounded in the area of Avivim a short while ago, several projectiles that were launched from Lebanon toward Israeli territory were identified. The Israeli Air Force intercepted one of the launches; the results of the interception of the additional launches are under review. This incident constitutes an additional violation of the ceasefire understandings by the Hezbollah terrorist organization.",1095.0,2026-05-03 10:00:00,1.0,localized,-26.833333333333332,0.6422222222222222,0.0,medium
tg_18128_1,18128,lebanon,mixed,confirmation_after_alert,2026-05-07T01:35:36+03:00,https://t.me/idfofficial/18128,"IDF: Following the sirens that sounded a short while ago in Manara, Margaliot, and Kiryat Shmona, the Israeli Air Force intercepted a suspicious aerial target launched from Lebanon toward Israeli territory. Missiles and rocket alerts were activated due to concerns of falling debris from the interceptor.",1100.0,2026-05-07 00:47:00,2.0,localized,-48.6,0.352,0.0,ambiguous
tg_18148_1,18148,lebanon,rocket,launch_report,2026-05-08T16:40:01+03:00,https://t.me/idfofficial/18148,IDF: The Israeli Air Force struck a launcher from which Hezbollah launched rockets toward Israel's northern communities Attached is footage of the strike: https://bit.ly/48KHkh1,,,,,,,,unmatched
tg_18158_1,18158,lebanon,projectile,confirmation_after_alert,2026-05-09T20:05:30+03:00,https://t.me/idfofficial/18158,"IDF: Following the sirens that sounded a short while ago in the area of Bar'am, one projectile launched from Lebanon toward Israeli territory was identified. The projectile fell in open areas. No injuries were reported. This incident constitutes another violation of the ceasefire understandings by the Hezbollah terrorist organization.",1103.0,2026-05-09 19:43:00,1.0,localized,-22.5,0.7,0.0,medium
tg_18160_1,18160,lebanon,mixed,confirmation_after_alert,2026-05-09T20:31:43+03:00,https://t.me/idfofficial/18160,"IDF: Following the sirens that sounded in several areas in northern Israel regarding a hostile aircraft infiltration, the Israeli Air Force intercepted several suspicious aerial targets launched from Lebanon toward Israeli territory. No injuries were reported. Missile and rocket alerts were activated due to the interception attempts. This incident constitutes another violation of the ceasefire understandings by the Hezbollah terrorist organization.",1104.0,2026-05-09 20:15:00,2.0,localized,-16.716666666666665,0.7771111111111111,0.35044444444444445,medium
tg_18178_1,18178,lebanon,uav,confirmation_after_alert,2026-05-10T23:05:11+03:00,https://t.me/idfofficial/18178,"IDF: Following the sirens that sounded regarding a hostile aircraft infiltration in a number of areas in northern Israel, the Israeli Air Force intercepted a suspicious aerial target launched from Lebanon into Israeli territory. This incident constitutes a violation of the ceasefire understandings by the Hezbollah terrorist organization.",,,,,,,,not_eligible
tg_18228_1,18228,lebanon,uav,explicit_siren_time,2026-05-14T11:06:00+03:00,https://t.me/idfofficial/18228,"IDF: Following the sirens that sounded in the area of Misgav Am at 11:06, an interceptor was launched toward a suspicious aerial target launched from Lebanon toward Israeli territory. The results of the interception are under review. Additionally, following the sirens that sounded in the Mevuot Hermon Regional Council at 11:13, a suspicious aerial target was identified. The incident has concluded. No injuries were reported. These incidents constitute additional violations of the ceasefire understandings by the Hezbollah terrorist organization.",,,,,,,,not_eligible
tg_18228_2,18228,lebanon,uav,explicit_siren_time,2026-05-14T11:13:00+03:00,https://t.me/idfofficial/18228,"IDF: Following the sirens that sounded in the area of Misgav Am at 11:06, an interceptor was launched toward a suspicious aerial target launched from Lebanon toward Israeli territory. The results of the interception are under review. Additionally, following the sirens that sounded in the Mevuot Hermon Regional Council at 11:13, a suspicious aerial target was identified. The incident has concluded. No injuries were reported. These incidents constitute additional violations of the ceasefire understandings by the Hezbollah terrorist organization.",,,,,,,,not_eligible
tg_18231_1,18231,lebanon,uav,confirmation_after_alert,2026-05-14T13:43:14+03:00,https://t.me/idfofficial/18231,"IDF: Following the sirens that sounded a short while ago in the areas of Shlomi and Betzet, a suspicious aerial target launched from Lebanon toward Israeli territory was identified. The incident has concluded. No injuries were reported.",,,,,,,,not_eligible
tg_18243_1,18243,lebanon,projectile,confirmation_after_alert,2026-05-15T07:14:32+03:00,https://t.me/idfofficial/18243,"IDF: Following the sirens that sounded a short while ago in the areas of Masad and Eilabun, one projectile that crossed from Lebanon toward Israeli territory was intercepted. This incident constitutes an additional violation of the ceasefire understandings by the Hezbollah terrorist organization.",1112.0,2026-05-15 06:58:00,2.0,localized,-16.533333333333335,0.7795555555555556,0.0,medium
tg_18254_1,18254,lebanon,uav,confirmation_after_alert,2026-05-15T18:20:27+03:00,https://t.me/idfofficial/18254,"IDF: Following the sirens that sounded a short while ago regarding a hostile aircraft infiltration in several areas in northern Israel, interceptors were launched toward several hostile aircrafts launched from Lebanon toward Israeli territory. One aircraft was intercepted, and several fell in open areas, in accordance with protocol. This incident constitutes an additional violation of the ceasefire understandings by the Hezbollah terrorist organization.",,,,,,,,not_eligible
tg_18259_1,18259,lebanon,uav,confirmation_after_alert,2026-05-15T19:28:46+03:00,https://t.me/idfofficial/18259,"IDF: Following the sirens that sounded a short while ago regarding a hostile aircraft infiltration in several areas in northern Israel, interceptors were launched toward several hostile aircraft launched from Lebanon toward Israeli territory. Two aircraft were intercepted, and several fell in open areas, in accordance with protocol. Impacts were identified in the areas of Metula and Kiryat Shmona. No injuries were reported. This incident constitutes an additional violation of the ceasefire understandings by the Hezbollah terrorist organization.",,,,,,,,not_eligible
tg_18271_1,18271,lebanon,uav,confirmation_after_alert,2026-05-16T16:05:32+03:00,https://t.me/idfofficial/18271,"IDF: Following the sirens that sounded a short while ago regarding a hostile aircraft infiltration in the area of Metula, the Israeli Air Force intercepted a suspicious aerial target that crossed from Lebanon into Israeli territory. This incident constitutes an additional violation of the ceasefire understandings by the Hezbollah terrorist organization.",,,,,,,,not_eligible
tg_18308_1,18308,lebanon,uav,confirmation_after_alert,2026-05-19T12:22:53+03:00,https://t.me/idfofficial/18308,"IDF: Following the sirens that sounded a short while ago regarding a hostile aircraft infiltration in several areas in northern Israel, a UAV that crossed from Lebanon to Israeli territory was intercepted.",,,,,,,,not_eligible
tg_18347_1,18347,lebanon,unknown,confirmation_after_alert,2026-05-22T17:51:32+03:00,https://t.me/idfofficial/18347,"IDF: Following the sirens that sounded in the past hour in several areas in northern Israel, the Israeli Air Force intercepted two suspicious aerial targets launched from Lebanon toward Israeli territory. Additionally, several impacts of suspicious aerial targets were identified in the area of the Israel-Lebanon border, within Israeli territory. The details are under review. Sirens were sounded in accordance with protocol.",1119.0,2026-05-22 17:08:00,1.0,localized,-43.53333333333333,0.41955555555555557,0.0,ambiguous
tg_18373_1,18373,lebanon,mixed,confirmation_after_alert,2026-05-24T13:32:00+03:00,https://t.me/idfofficial/18373,"IDF: Following the sirens that sounded a short while ago in the areas of Adamit and Arab al-Aramshe, an interceptor was launched toward a suspicious aerial target launched from Lebanon toward Israeli territory. The results of the interception are under review. Missile and rocket alerts were activated due to the interception attempts.",1120.0,2026-05-24 13:13:00,2.0,localized,-19.0,0.7466666666666666,0.0,medium
tg_18394_1,18394,lebanon,uav,confirmation_after_alert,2026-05-25T12:57:06+03:00,https://t.me/idfofficial/18394,"IDF: Following the sirens that sounded regarding a hostile aircraft infiltration in several areas in northern Israel, the Hezbollah terrorist organization launched a number of explosive drones toward IDF soldiers and Israeli territory. As a result, an explosive drone impact has been identified in Metula. The incident is under review.",,,,,,,,not_eligible
tg_18417_1,18417,lebanon,mixed,launch_report,2026-05-26T14:08:54+03:00,https://t.me/idfofficial/18417,"IDF: Starting today (Tuesday): The Home Front Command will provide preliminary alerts for rocket and missile fire from Lebanon when operational conditions allow Commander of the Home Front Command, MG Rafi Milo: “Out of a deep commitment to civilian safety and improving protective capabilities, we have completed a professional process aimed at providing preliminary alerts for launches from Lebanese territory as well. The purpose of this initiative is to provide the public with additional preparation time prior to receiving an alert.” The preliminary alert will be distributed through the Home Front Command app, the Home Front Command Personal Message Platform (CB), the National Emergency Portal, and the Home Front Command Telegram channels. The preparation time provided by the preliminary alert for this threat will be relatively short and will vary according to the distance from the source of the launch: * Confrotation Line – several seconds prior to the sound of sirens. * Northern region – up to approximately one minute prior to the sound of sirens. * Rest of the country – up to approximately two minutes prior to the sound of sirens. Upon receiving an early warning regarding incoming fire from Lebanon, the public is instructed to move closer to a protected space so that, upon the sound of sirens, they can enter it within the required protection time for their area. It should be emphasized that there may be cases in which a siren will sound is issued without a prior early warning. Likewise, there may be cases in which an early warning is issued but no alert (siren) ultimately follows. The Home Front Command will continue to examine and improve its civilian alert capabilities in order to provide the public with additional time to safely reach protected spaces wherever possible.",,,,,,,,unmatched
tg_18430_1,18430,lebanon,projectile,confirmation_after_alert,2026-05-27T04:12:52+03:00,https://t.me/idfofficial/18430,"IDF: ​Following the sirens that sounded a short while ago in several areas in northern Israel, one projectile that was launched from Lebanon crossed into Israeli territory and fell in an open area. No injuries were reported.",1124.0,2026-05-27 03:37:00,11.0,localized,-35.86666666666667,0.5217777777777778,0.0,ambiguous
tg_18489_1,18489,lebanon,projectile,confirmation_after_alert,2026-05-30T01:55:25+03:00,https://t.me/idfofficial/18489,"IDF: ​Following the sirens that sounded a short while ago in several areas in northern Israel, two projectiles launched from Lebanon toward Israeli territory were intercepted. No injuries were reported.",1131.0,2026-05-30 01:30:00,4.0,localized,-25.416666666666668,0.6611111111111111,0.0,medium
tg_18491_1,18491,lebanon,projectile,confirmation_after_alert,2026-05-30T02:18:00+03:00,https://t.me/idfofficial/18491,"IDF: ​Following the sirens that sounded a short while ago in several areas in northern Israel, two projectiles launched from Lebanon toward Israeli territory were intercepted. No injuries were reported.",1132.0,2026-05-30 02:06:00,3.0,localized,-12.0,0.84,0.36,high
tg_18493_1,18493,lebanon,projectile,confirmation_after_alert,2026-05-30T03:49:03+03:00,https://t.me/idfofficial/18493,"IDF: ​Following the sirens that sounded a short while ago in several areas in northern Israel, several projectiles launched from Lebanon toward Israeli territory were identified. The majority of the projectiles were intercepted, and a hit was identified in the area of Kiryat Shmona. No injuries were reported.",1133.0,2026-05-30 03:30:00,3.0,localized,-19.05,0.746,0.0,medium
tg_18495_1,18495,lebanon,projectile,confirmation_after_alert,2026-05-30T06:18:55+03:00,https://t.me/idfofficial/18495,"IDF: ​Following the sirens that sounded a short while ago in several areas in northern Israel, one projectile launched from Lebanon toward Israeli territory was intercepted.",1134.0,2026-05-30 06:02:00,8.0,localized,-16.916666666666668,0.7744444444444445,0.0,medium
tg_18497_1,18497,lebanon,projectile,confirmation_after_alert,2026-05-30T12:48:29+03:00,https://t.me/idfofficial/18497,"IDF: ​Following the sirens that sounded a short while ago in several areas in northern Israel, a projectile launched from Lebanon toward Israeli territory was intercepted.",1135.0,2026-05-30 12:30:00,5.0,localized,-18.483333333333334,0.7535555555555555,0.0,medium
tg_18499_1,18499,lebanon,mixed,explicit_siren_time,2026-05-30T13:01:00+03:00,https://t.me/idfofficial/18499,"IDF: ​Following the sirens that sounded at 13:01 regarding a hostile aircraft infiltration in several areas in northern Israel, a UAV launched from Lebanon toward Israeli territory was intercepted. Likewise, a suspicious aerial target fell in Israeli territory, near the Israel-Lebanon border. No injuries were reported. Missile and rocket alerts were activated due to concerns of falling debris from the interceptor. ​Following the sirens that sounded at 13:41 regarding a hostile aircraft infiltration in the areas of Misgav Am and Metula, a suspicious aerial target was identified that did not cross into Israeli territory. The incident has concluded.",1136.0,2026-05-30 13:01:00,1.0,localized,0.0,1.0,0.0,high
tg_18499_2,18499,lebanon,mixed,explicit_siren_time,2026-05-30T13:41:00+03:00,https://t.me/idfofficial/18499,"IDF: ​Following the sirens that sounded at 13:01 regarding a hostile aircraft infiltration in several areas in northern Israel, a UAV launched from Lebanon toward Israeli territory was intercepted. Likewise, a suspicious aerial target fell in Israeli territory, near the Israel-Lebanon border. No injuries were reported. Missile and rocket alerts were activated due to concerns of falling debris from the interceptor. ​Following the sirens that sounded at 13:41 regarding a hostile aircraft infiltration in the areas of Misgav Am and Metula, a suspicious aerial target was identified that did not cross into Israeli territory. The incident has concluded.",,,,,,,,unmatched
tg_18501_1,18501,lebanon,mixed,confirmation_after_alert,2026-05-30T15:33:17+03:00,https://t.me/idfofficial/18501,"IDF: Following the sirens that sounded a short while ago regarding a hostile aircraft infiltration in the areas of Metula and Kfar Giladi, a suspicious aerial target launched from Lebanon toward Israeli territory was intercepted. Missile and rocket alerts were activated due to concerns of falling debris from the interceptor.",1137.0,2026-05-30 14:58:00,1.0,localized,-35.28333333333333,0.5295555555555556,0.0,ambiguous
tg_18503_1,18503,lebanon,mixed,confirmation_after_alert,2026-05-30T16:12:16+03:00,https://t.me/idfofficial/18503,"IDF: Following the sirens that sounded a short while ago regarding a hostile aircraft infiltration in several areas in northern Israel, a UAV launched from Lebanon toward Israeli territory was identified. The incident has concluded. No injuries were reported. Missile and rocket alerts were activated due to the interception attempts.",1138.0,2026-05-30 15:44:00,1.0,localized,-28.266666666666666,0.6231111111111112,0.0,medium
tg_18506_1,18506,lebanon,projectile,confirmation_after_alert,2026-05-30T16:35:20+03:00,https://t.me/idfofficial/18506,"IDF: ​Following the sirens that sounded a short while ago in several areas in northern Israel, two projectiles launched from Lebanon toward Israeli territory were identified. One projectile was intercepted, and the other fell in an open area. No injuries were reported.",1139.0,2026-05-30 16:19:00,8.0,localized,-16.333333333333332,0.7822222222222223,0.3155555555555555,medium
tg_18509_1,18509,lebanon,projectile,confirmation_after_alert,2026-05-30T17:11:03+03:00,https://t.me/idfofficial/18509,"IDF: Following the sirens that sounded a short while ago in several areas in northern Israel, several projectiles launched from Lebanon toward Israeli territory were identified. Some of the projectiles were intercepted, and the others fell in open areas. No injuries were reported.",1141.0,2026-05-30 17:02:00,1.0,localized,-9.05,0.8793333333333333,0.7193333333333334,high
tg_18511_1,18511,lebanon,projectile,confirmation_after_alert,2026-05-30T18:52:57+03:00,https://t.me/idfofficial/18511,"IDF: Following the sirens that sounded a short while ago in several areas in northern Israel, two projectiles launched from Lebanon toward Israeli territory were intercepted.",1142.0,2026-05-30 18:39:00,4.0,localized,-13.95,0.8140000000000001,0.0,medium
tg_18513_1,18513,lebanon,mixed,confirmation_after_alert,2026-05-30T19:45:17+03:00,https://t.me/idfofficial/18513,"IDF: Following the sirens that sounded a short while ago in several areas in northern Israel, several projectiles launched from Lebanon toward Israeli territory were intercepted. Following the sirens that sounded a short while ago regarding a hostile aircraft infiltration in the area of Shomera, it was determined to be a false identification.",1143.0,2026-05-30 19:23:00,11.0,localized,-22.283333333333335,0.7028888888888889,0.0,medium
tg_18516_1,18516,lebanon,projectile,confirmation_after_alert,2026-05-30T22:03:32+03:00,https://t.me/idfofficial/18516,"IDF: Following the sirens that sounded a short while ago in several areas in northern Israel, the Israeli Air Force intercepted two projectiles launched from Lebanon. No injuries were reported.",1144.0,2026-05-30 21:47:00,4.0,localized,-16.533333333333335,0.7795555555555556,0.0,medium
tg_18518_1,18518,lebanon,uav,confirmation_after_alert,2026-05-30T23:04:16+03:00,https://t.me/idfofficial/18518,"IDF: Following the sirens that sounded regarding a hostile aircraft infiltration in the area of Rosh HaNikra, a suspicious aerial target that crossed from Lebanon into Israeli territory was identified. The incident has concluded.",,,,,,,,not_eligible
tg_18525_1,18525,lebanon,projectile,explicit_siren_time,2026-05-31T10:49:00+03:00,https://t.me/idfofficial/18525,"IDF: Following the sirens that sounded at 10:49 in the area of Zar'it, the Israeli Air Force intercepted two projectiles launched from Lebanon toward Israeli territory.",1145.0,2026-05-31 10:49:00,1.0,localized,0.0,1.0,0.0,high
tg_18528_1,18528,lebanon,projectile,confirmation_after_alert,2026-05-31T11:57:44+03:00,https://t.me/idfofficial/18528,"IDF: Following the sirens that sounded a short while ago in several areas in northern Israel, several projectiles launched from Lebanon toward Israeli territory were identified. The Israeli Air Force intercepted most of the projectiles. Several additional projectiles fell in open areas in accordance with protocol. No injuries were reported.",1146.0,2026-05-31 11:43:00,8.0,localized,-14.733333333333333,0.8035555555555556,0.0,medium
tg_18531_1,18531,lebanon,mixed,explicit_siren_time,2026-05-31T12:09:00+03:00,https://t.me/idfofficial/18531,"IDF: Following the sirens that sounded at 12:09 in the areas of Kfar Giladi and Metula, two projectiles launched from Lebanon toward Israeli territory were identified. The Israeli Air Force intercepted one projectile, and the additional projectile fell in an open area in accordance with protocol. No injuries were reported. Following the sirens that sounded at 12:29 in the area of Acre and additional areas in northern Israel, several projectiles launched from Lebanon toward Israeli territory were identified. The Israeli Air Force intercepted one projectile, and the additional projectiles fell in open areas in accordance with protocol. Following the sirens that sounded at 12:37 regarding a hostile aircraft infiltration in the area of Kiryat Shmona, a suspicious aerial target was identified. The incident has concluded. In all incidents, no reports of injuries were received.",1147.0,2026-05-31 12:10:00,2.0,localized,1.0,0.875,0.0,high
tg_18531_2,18531,lebanon,mixed,explicit_siren_time,2026-05-31T12:29:00+03:00,https://t.me/idfofficial/18531,"IDF: Following the sirens that sounded at 12:09 in the areas of Kfar Giladi and Metula, two projectiles launched from Lebanon toward Israeli territory were identified. The Israeli Air Force intercepted one projectile, and the additional projectile fell in an open area in accordance with protocol. No injuries were reported. Following the sirens that sounded at 12:29 in the area of Acre and additional areas in northern Israel, several projectiles launched from Lebanon toward Israeli territory were identified. The Israeli Air Force intercepted one projectile, and the additional projectiles fell in open areas in accordance with protocol. Following the sirens that sounded at 12:37 regarding a hostile aircraft infiltration in the area of Kiryat Shmona, a suspicious aerial target was identified. The incident has concluded. In all incidents, no reports of injuries were received.",1148.0,2026-05-31 12:29:00,3.0,localized,0.0,1.0,0.0,high
tg_18531_3,18531,lebanon,mixed,explicit_siren_time,2026-05-31T12:37:00+03:00,https://t.me/idfofficial/18531,"IDF: Following the sirens that sounded at 12:09 in the areas of Kfar Giladi and Metula, two projectiles launched from Lebanon toward Israeli territory were identified. The Israeli Air Force intercepted one projectile, and the additional projectile fell in an open area in accordance with protocol. No injuries were reported. Following the sirens that sounded at 12:29 in the area of Acre and additional areas in northern Israel, several projectiles launched from Lebanon toward Israeli territory were identified. The Israeli Air Force intercepted one projectile, and the additional projectiles fell in open areas in accordance with protocol. Following the sirens that sounded at 12:37 regarding a hostile aircraft infiltration in the area of Kiryat Shmona, a suspicious aerial target was identified. The incident has concluded. In all incidents, no reports of injuries were received.",,,,,,,,unmatched
tg_18534_1,18534,lebanon,projectile,explicit_siren_time,2026-05-31T12:54:00+03:00,https://t.me/idfofficial/18534,"IDF: Following the sirens that sounded at 12:54 and at 13:05 in several areas in northern Israel, the Israeli Air Force intercepted several projectiles launched from Lebanon toward Israeli territory. An additional projectile fell in an open area in accordance with protocol.",1149.0,2026-05-31 12:55:00,3.0,localized,1.0,0.875,0.0,high
tg_18535_1,18535,lebanon,mixed,explicit_siren_time,2026-05-31T14:05:00+03:00,https://t.me/idfofficial/18535,"IDF: Following the sirens that sounded at 14:05 regarding a hostile aircraft infiltration in several areas in northern Israel, the impact of a suspicious aerial target was identified near the Israel-Lebanon border. No injuries were reported. The incident is under review. Following the sirens that sounded at 14:19, the Israeli Air Force intercepted several projectiles launched from Lebanon toward Israeli territory.",1151.0,2026-05-31 14:06:00,2.0,localized,1.0,0.875,0.0,high
tg_18535_2,18535,lebanon,mixed,explicit_siren_time,2026-05-31T14:19:00+03:00,https://t.me/idfofficial/18535,"IDF: Following the sirens that sounded at 14:05 regarding a hostile aircraft infiltration in several areas in northern Israel, the impact of a suspicious aerial target was identified near the Israel-Lebanon border. No injuries were reported. The incident is under review. Following the sirens that sounded at 14:19, the Israeli Air Force intercepted several projectiles launched from Lebanon toward Israeli territory.",1152.0,2026-05-31 14:19:00,3.0,localized,0.0,1.0,0.0,high
tg_18543_1,18543,lebanon,mixed,explicit_siren_time,2026-05-31T17:28:00+03:00,https://t.me/idfofficial/18543,"IDF: Following the sirens that sounded at 17:28 regarding a hostile aircraft infiltration in several areas in northern Israel, the impact of a suspicious aerial target was identified near the Israel-Lebanon border. The incident is under review. Following the sirens that sounded at 17:46, the Israeli Air Force intercepted a projectile launched from Lebanon toward Israeli territory.",1155.0,2026-05-31 17:29:00,1.0,localized,1.0,0.875,0.0,high
tg_18543_2,18543,lebanon,mixed,explicit_siren_time,2026-05-31T17:46:00+03:00,https://t.me/idfofficial/18543,"IDF: Following the sirens that sounded at 17:28 regarding a hostile aircraft infiltration in several areas in northern Israel, the impact of a suspicious aerial target was identified near the Israel-Lebanon border. The incident is under review. Following the sirens that sounded at 17:46, the Israeli Air Force intercepted a projectile launched from Lebanon toward Israeli territory.",1156.0,2026-05-31 17:46:00,5.0,localized,0.0,1.0,0.0,high
tg_18546_1,18546,lebanon,projectile,confirmation_after_alert,2026-05-31T19:16:57+03:00,https://t.me/idfofficial/18546,"IDF: Following the sirens that sounded a short while ago in several areas in northern Israel, the Israeli Air Force intercepted two projectiles launched from Lebanon toward Israeli territory.",1157.0,2026-05-31 18:48:00,1.0,localized,-28.95,0.614,0.0,medium
tg_18556_1,18556,lebanon,projectile,explicit_siren_time,2026-05-31T23:44:00+03:00,https://t.me/idfofficial/18556,"IDF: Following the sirens that sounded at 23:44 and 23:47 in several areas in northern Israel, three projectiles launched from Lebanon toward Israeli territory were identified. The Israeli Air Force intercepted two projectiles, and the results of the additional interception are under review. Following the sirens that sounded a short while ago in the areas of Tiberias, Mitzpa, and Kfar Hittim, two projectiles launched from Lebanon toward Israeli territory were identified. One projectile fell adjacent to IDF soldiers operating in southern Lebanon, and an additional projectile fell in an open area.",1158.0,2026-05-31 23:44:00,11.0,localized,0.0,1.0,0.0,high
tg_18560_1,18560,lebanon,mixed,explicit_siren_time,2026-06-01T06:39:00+03:00,https://t.me/idfofficial/18560,"IDF: Following the sirens that sounded at 6:39 regarding a hostile aircraft infiltration in several areas in northern Israel, an interceptor was fired toward a suspicious aerial target that was launched from Lebanon toward Israeli territory. Following the sirens that sounded a short while ago in several areas in northern Israel, the Israeli Air Force intercepted a projectile launched from Lebanon toward Israeli territory. No injuries were reported.",1160.0,2026-06-01 06:40:00,2.0,localized,1.0,0.875,0.0,high
tg_18564_1,18564,lebanon,mixed,explicit_siren_time,2026-06-01T08:15:00+03:00,https://t.me/idfofficial/18564,"IDF: Following the sirens that sounded at 08:15 in several areas in northern Israel, the Israeli Air Force intercepted two projectiles launched from Lebanon toward Israeli territory. Following the sirens that sounded at 08:23 regarding a hostile aircraft infiltration in the area of Margaliot, the Israeli Air Force intercepted a suspicious aerial target that was identified in the area in which IDF soldiers are operating in southern Lebanon. No injuries were reported.",1162.0,2026-06-01 08:15:00,5.0,localized,0.0,1.0,0.0,high
tg_18564_2,18564,lebanon,mixed,explicit_siren_time,2026-06-01T08:23:00+03:00,https://t.me/idfofficial/18564,"IDF: Following the sirens that sounded at 08:15 in several areas in northern Israel, the Israeli Air Force intercepted two projectiles launched from Lebanon toward Israeli territory. Following the sirens that sounded at 08:23 regarding a hostile aircraft infiltration in the area of Margaliot, the Israeli Air Force intercepted a suspicious aerial target that was identified in the area in which IDF soldiers are operating in southern Lebanon. No injuries were reported.",1163.0,2026-06-01 08:25:00,1.0,localized,2.0,0.75,0.0,high
tg_18568_1,18568,lebanon,projectile,confirmation_after_alert,2026-06-01T12:49:46+03:00,https://t.me/idfofficial/18568,"IDF: Following the sirens that sounded a short while ago in several areas in northern Israel, two projectiles launched from Lebanon toward Israeli territory were intercepted.",1164.0,2026-06-01 12:40:00,35.0,broad,-9.766666666666667,0.8697777777777778,0.0,high
tg_18571_1,18571,lebanon,mixed,confirmation_after_alert,2026-06-01T15:25:36+03:00,https://t.me/idfofficial/18571,"IDF: Following the sirens that sounded a short while ago regarding a hostile aircraft infiltration in several areas in northern Israel, a suspicious aerial target was identified. The incident has concluded. No injuries were reported. Following the sirens that sounded a short while ago in several areas in northern Israel, several projectiles launched from Lebanon toward Israeli territory were identified. Several projectiles were intercepted, and additional projectiles fell in open areas.",1165.0,2026-06-01 15:01:00,5.0,localized,-24.6,0.6719999999999999,0.0,medium
tg_18574_1,18574,lebanon,mixed,explicit_siren_time,2026-06-01T15:44:00+03:00,https://t.me/idfofficial/18574,"IDF: Following the sirens that sounded at 15:44 regarding a hostile aircraft infiltration in several areas in northern Israel, the impact of a suspicious aerial target in Metula was identified. No injuries were reported. Following the sirens that sounded at 16:07 regarding a hostile aircraft infiltration in several areas in northern Israel, a suspicious aerial target was identified. The incident has concluded. No injuries were reported. Following the sirens that sounded a short while ago in several areas in northern Israel, three projectiles launched from Lebanon towards Israeli territory were intercepted.",,,,,,,,unmatched
tg_18574_2,18574,lebanon,mixed,explicit_siren_time,2026-06-01T16:07:00+03:00,https://t.me/idfofficial/18574,"IDF: Following the sirens that sounded at 15:44 regarding a hostile aircraft infiltration in several areas in northern Israel, the impact of a suspicious aerial target in Metula was identified. No injuries were reported. Following the sirens that sounded at 16:07 regarding a hostile aircraft infiltration in several areas in northern Israel, a suspicious aerial target was identified. The incident has concluded. No injuries were reported. Following the sirens that sounded a short while ago in several areas in northern Israel, three projectiles launched from Lebanon towards Israeli territory were intercepted.",1166.0,2026-06-01 16:12:00,12.0,localized,5.0,0.375,0.0,ambiguous
tg_18576_1,18576,lebanon,projectile,confirmation_after_alert,2026-06-01T17:43:02+03:00,https://t.me/idfofficial/18576,"IDF: Following the sirens that sounded a short while ago in the areas of Margaliot and Kiryat Shmona, one projectile launched from Lebanon towards Israeli territory was intercepted. Two additional projectiles fell adjacent to IDF soldiers operating in southern Lebanon. No injuries were reported.",1168.0,2026-06-01 17:43:00,2.0,localized,-0.03333333333333333,0.9995555555555555,0.6528888888888889,high
tg_18592_1,18592,lebanon,mixed,explicit_siren_time,2026-06-02T01:35:00+03:00,https://t.me/idfofficial/18592,"IDF: Following the sirens that sounded at 01:35 in several areas in northern Israel, the IAF intercepted two projectiles that crossed from Lebanon into Israeli territory. Following the sirens that sounded at 01:47 regarding a hostile aircraft infiltration in several areas in northern Israel, a suspicious aerial target was identified and later fell in Israeli territory, adjacent to the border with Lebanon. No injuries were reported. Missile and rocket alerts were activated due to the interception attempts.",1171.0,2026-06-02 01:35:00,33.0,broad,0.0,1.0,0.0,high
tg_18592_2,18592,lebanon,mixed,explicit_siren_time,2026-06-02T01:47:00+03:00,https://t.me/idfofficial/18592,"IDF: Following the sirens that sounded at 01:35 in several areas in northern Israel, the IAF intercepted two projectiles that crossed from Lebanon into Israeli territory. Following the sirens that sounded at 01:47 regarding a hostile aircraft infiltration in several areas in northern Israel, a suspicious aerial target was identified and later fell in Israeli territory, adjacent to the border with Lebanon. No injuries were reported. Missile and rocket alerts were activated due to the interception attempts.",1172.0,2026-06-02 01:47:00,3.0,localized,0.0,1.0,0.0,high
tg_18601_1,18601,lebanon,mixed,confirmation_after_alert,2026-06-03T11:43:31+03:00,https://t.me/idfofficial/18601,"IDF: Following the sirens that sounded a short while ago regarding a hostile aircraft infiltration in the areas of Manara and Kiryat Shmona, a suspicious aerial target that crossed from Lebanon into Israeli territory was intercepted. Missiles and rocket sirens were activated due to concerns of falling debris from the interceptor.",1173.0,2026-06-03 11:26:00,3.0,localized,-17.516666666666666,0.7664444444444445,0.0,medium
tg_18603_1,18603,lebanon,projectile,confirmation_after_alert,2026-06-03T15:01:41+03:00,https://t.me/idfofficial/18603,"IDF: Following the sirens that sounded a short while ago in the area of Misgav Am, the Israeli Air Force intercepted two projectiles that crossed from Lebanon into Israeli territory.",1174.0,2026-06-03 14:39:00,1.0,localized,-22.683333333333334,0.6975555555555555,0.0,medium
tg_18648_1,18648,lebanon,projectile,confirmation_after_alert,2026-06-07T08:57:39+03:00,https://t.me/idfofficial/18648,"IDF: Following the sirens that sounded a short while ago in the areas of Yiftah and Ramot Naftali, two projectiles that crossed from Lebanon into Israeli territory were intercepted.",1179.0,2026-06-07 08:32:00,2.0,localized,-25.65,0.658,0.0,medium
tg_18662_1,18662,iran,missile,detection_before_alert,2026-06-07T22:01:52+03:00,https://t.me/idfofficial/18662,"IDF: A short while ago, the IDF identified missiles launched from Iran toward the territory of the State of Israel. Defensive systems are operating to intercept the threat. In the past few minutes, the Home Front Command has sent a precautionary directive directly to mobile phones in the relevant areas. The public is asked to act responsibly and follow the instructions—they save lives. Upon receiving an alert, the public is instructed to enter a protected space and remain there until further notice. Leaving a protected space is permitted only after receiving explicit instructions. The public is requested to continue acting in accordance with the Home Front Command’s guidelines.",1180.0,2026-06-07 22:05:00,230.0,broad,3.1333333333333333,0.8694444444444445,0.36944444444444446,high
tg_18663_1,18663,iran,missile,confirmation_after_alert,2026-06-07T22:06:18+03:00,https://t.me/idfofficial/18663,"IDF: A short while ago, sirens were sounded in several areas across the country, following the identification of missiles launched from Iran toward the State of Israel. The public is requested to follow the instructions of the Home Front Command. At this time, the Israeli Air Force is operating to intercept and strike threats where necessary to remove the threat. The defense is not hermetic, and therefore it is essential that the public continue to adhere to the Home Front Command’s guidelines.",1180.0,2026-06-07 22:05:00,230.0,broad,-1.3,0.9826666666666667,0.0,high
tg_18672_1,18672,iran,missile,detection_before_alert,2026-06-08T07:02:30+03:00,https://t.me/idfofficial/18672,"IDF: A short while ago, the IDF identified missiles launched from Iran toward the territory of the State of Israel. Defensive systems are operating to intercept the threat. In the past few minutes, the Home Front Command has sent a precautionary directive directly to mobile phones in the relevant areas. The public is asked to act responsibly and follow the instructions—they save lives. Upon receiving an alert, the public is instructed to enter a protected space and remain there until further notice. Leaving a protected space is permitted only after receiving explicit instructions. The public is requested to continue acting in accordance with the Home Front Command’s guidelines.",1184.0,2026-06-08 07:05:00,432.0,broad,2.5,0.8958333333333334,0.0,high
tg_18674_1,18674,iran,missile,detection_before_alert,2026-06-08T07:35:51+03:00,https://t.me/idfofficial/18674,"IDF: A short while ago, the IDF identified missiles launched from Iran toward the territory of the State of Israel. Defensive systems are operating to intercept the threat. In the past few minutes, the Home Front Command has sent a precautionary directive directly to mobile phones in the relevant areas. The public is asked to act responsibly and follow the instructions—they save lives. Upon receiving an alert, the public is instructed to enter a protected space and remain there until further notice. Leaving a protected space is permitted only after receiving explicit instructions. The public is requested to continue acting in accordance with the Home Front Command’s guidelines.",,,,,,,,unmatched
tg_18677_1,18677,iran,missile,detection_before_alert,2026-06-08T09:29:46+03:00,https://t.me/idfofficial/18677,"IDF: A short while ago, the IDF identified missiles launched from Iran toward the territory of the State of Israel. Defensive systems are operating to intercept the threat. In the past few minutes, the Home Front Command has sent a precautionary directive directly to mobile phones in the relevant areas. The public is asked to act responsibly and follow the instructions—they save lives. Upon receiving an alert, the public is instructed to enter a protected space and remain there until further notice. Leaving a protected space is permitted only after receiving explicit instructions. The public is requested to continue acting in accordance with the Home Front Command’s guidelines.",1185.0,2026-06-08 09:36:00,458.0,broad,6.233333333333333,0.7402777777777778,0.0,medium
tg_18683_1,18683,lebanon,projectile,confirmation_after_alert,2026-06-08T15:25:07+03:00,https://t.me/idfofficial/18683,"IDF: Following the sirens that sounded a short while ago in several areas in northern Israel, three projectiles launched from Lebanon toward IDF soldiers operating in southern Lebanon were identified. Some of the projectiles were intercepted prior to crossing into Israeli territory, and an additional projectile fell near IDF soldiers. No injuries were reported. Sirens were sounded in accordance with protocol.",1186.0,2026-06-08 15:12:00,9.0,localized,-13.116666666666667,0.8251111111111111,0.0,high
tg_18738_1,18738,lebanon,mixed,confirmation_after_alert,2026-06-13T09:08:51+03:00,https://t.me/idfofficial/18738,"IDF: Following the sirens that sounded a short while ago regarding a hostile aircraft infiltration in the areas of Metula and Misgav Am, the Israeli Air Force intercepted a suspicious aerial target that crossed from Lebanon into Israeli territory. Missile and rocket alerts were activated due to the interception attempts.",1192.0,2026-06-13 08:34:00,1.0,localized,-34.85,0.5353333333333333,0.0,ambiguous
tg_18770_1,18770,lebanon,projectile,confirmation_after_alert,2026-06-14T19:46:45+03:00,https://t.me/idfofficial/18770,"IDF: Following the sirens that sounded a short while ago in several areas in northern Israel, the impact of a projectile that crossed from Lebanon was identified in the area of Neot Mordechai, and several additional impacts were identified in the area in which IDF soldiers are operating in southern Lebanon. In addition, a short while ago, additional impacts of several suspicious aerial targets were identified in Israeli territory, near the Israel-Lebanon border.",1195.0,2026-06-14 18:55:00,2.0,localized,-51.75,0.31000000000000005,0.0,ambiguous
