event_id,post_id,post_time_local,event_time_local,time_basis,reported_source,source_confidence,threat_type,eligible_for_missile_wave_match,text,source_url
tg_16472_1,16472,2026-02-28T10:09:26+02:00,2026-02-28T10:09:26+02:00,detection_before_alert,iran,high,missile,True,"IDF: A short while ago, the IDF identified missiles launched from Iran toward the territory of the State of Israel. Defensive systems are operating to intercept the threat. In the past few minutes, the Home Front Command has sent a precautionary directive directly to mobile phones in the relevant areas. The public is asked to act responsibly and follow the instructions—they save lives. Upon receiving an alert, the public is instructed to enter a protected space and remain there until further notice. Leaving a protected space is permitted only after receiving explicit instructions. The public is requested to continue acting in accordance with the Home Front Command’s guidelines.",https://t.me/idfofficial/16472
tg_16474_1,16474,2026-02-28T10:12:03+02:00,2026-02-28T10:12:03+02:00,confirmation_after_alert,iran,high,missile,True,"IDF: A short while ago, sirens were sounded in several areas across the country following the identification of missiles launched from Iran toward the State of Israel. The public is requested to follow the instructions of the Home Front Command. At this time, the Israeli Air Force is operating to intercept and strike threats where necessary to remove the threat. The defense is not hermetic, and therefore it is essential that the public continue to adhere to the Home Front Command’s guidelines. The public is requested to continue to follow the instructions of the Home Front Command.",https://t.me/idfofficial/16474
tg_16483_1,16483,2026-02-28T12:29:32+02:00,2026-02-28T12:29:32+02:00,detection_before_alert,iran,high,missile,True,"IDF: A short while ago, the IDF identified missiles launched from Iran toward the territory of the State of Israel. Defensive systems are operating to intercept the threat. In the past few minutes, the Home Front Command has sent a precautionary directive directly to mobile phones in the relevant areas. The public is asked to act responsibly and follow the instructions—they save lives. Upon receiving an alert, the public is instructed to enter a protected space and remain there until further notice. Leaving a protected space is permitted only after receiving explicit instructions. The public is requested to continue acting in accordance with the Home Front Command’s guidelines",https://t.me/idfofficial/16483
tg_16484_1,16484,2026-02-28T12:30:54+02:00,2026-02-28T12:30:54+02:00,confirmation_after_alert,iran,high,missile,True,"IDF: A short while ago, sirens were sounded in several areas across the country following the identification of missiles launched from Iran toward the State of Israel. The public is requested to follow the instructions of the Home Front Command. At this time, the Israeli Air Force is operating to intercept and strike threats where necessary to remove the threat. The defense is not hermetic, and therefore it is essential that the public continue to adhere to the Home Front Command’s guidelines. The public is requested to continue to follow the instructions of the Home Front Command.",https://t.me/idfofficial/16484
tg_16486_1,16486,2026-02-28T13:05:43+02:00,2026-02-28T13:05:43+02:00,detection_before_alert,iran,high,missile,True,"IDF: A short while ago, the IDF identified missiles launched from Iran toward the territory of the State of Israel. Defensive systems are operating to intercept the threat. In the past few minutes, the Home Front Command has sent a precautionary directive directly to mobile phones in the relevant areas. The public is asked to act responsibly and follow the instructions—they save lives. Upon receiving an alert, the public is instructed to enter a protected space and remain there until further notice. Leaving a protected space is permitted only after receiving explicit instructions. The public is requested to continue acting in accordance with the Home Front Command’s guidelines",https://t.me/idfofficial/16486
tg_16487_1,16487,2026-02-28T13:09:33+02:00,2026-02-28T13:09:33+02:00,confirmation_after_alert,iran,high,missile,True,"IDF: A short while ago, sirens were sounded in several areas across the country following the identification of missiles launched from Iran toward the State of Israel. The public is requested to follow the instructions of the Home Front Command. At this time, the Israeli Air Force is operating to intercept and strike threats where necessary to remove the threat. The defense is not hermetic, and therefore it is essential that the public continue to adhere to the Home Front Command’s guidelines. The public is requested to continue to follow the instructions of the Home Front Command.",https://t.me/idfofficial/16487
tg_16490_1,16490,2026-02-28T14:21:20+02:00,2026-02-28T14:21:20+02:00,detection_before_alert,iran,high,missile,True,"IDF: A short while ago, the IDF identified missiles launched from Iran toward the territory of the State of Israel. Defensive systems are operating to intercept the threat. In the past few minutes, the Home Front Command has sent a precautionary directive directly to mobile phones in the relevant areas. The public is asked to act responsibly and follow the instructions—they save lives. Upon receiving an alert, the public is instructed to enter a protected space and remain there until further notice. Leaving a protected space is permitted only after receiving explicit instructions. The public is requested to continue acting in accordance with the Home Front Command’s guidelines.",https://t.me/idfofficial/16490
tg_16492_1,16492,2026-02-28T14:44:01+02:00,2026-02-28T14:44:01+02:00,confirmation_after_alert,iran,high,missile,True,"IDF: A short while ago, sirens were sounded in several areas across the country following the identification of missiles launched from Iran toward the State of Israel. The public is requested to follow the instructions of the Home Front Command. At this time, the Israeli Air Force is operating to intercept and strike threats where necessary to remove the threat. The defense is not hermetic, and therefore it is essential that the public continue to adhere to the Home Front Command’s guidelines. The public is requested to continue to follow the instructions of the Home Front Command.",https://t.me/idfofficial/16492
tg_16495_1,16495,2026-02-28T15:25:52+02:00,2026-02-28T15:25:52+02:00,detection_before_alert,iran,high,missile,True,"IDF: A short while ago, the IDF identified missiles launched from Iran toward the territory of the State of Israel. Defensive systems are operating to intercept the threat. In the past few minutes, the Home Front Command has sent a precautionary directive directly to mobile phones in the relevant areas. The public is asked to act responsibly and follow the instructions—they save lives. Upon receiving an alert, the public is instructed to enter a protected space and remain there until further notice. Leaving a protected space is permitted only after receiving explicit instructions. The public is requested to continue acting in accordance with the Home Front Command’s guidelines.",https://t.me/idfofficial/16495
tg_16496_1,16496,2026-02-28T15:28:49+02:00,2026-02-28T15:28:49+02:00,confirmation_after_alert,iran,high,missile,True,"IDF: A short while ago, sirens were sounded in several areas across the country following the identification of missiles launched from Iran toward the State of Israel. The public is requested to follow the instructions of the Home Front Command. At this time, the Israeli Air Force is operating to intercept and strike threats where necessary to remove the threat. The defense is not hermetic, and therefore it is essential that the public continue to adhere to the Home Front Command’s guidelines. The public is requested to continue to follow the instructions of the Home Front Command.",https://t.me/idfofficial/16496
tg_16499_1,16499,2026-02-28T15:51:24+02:00,2026-02-28T15:51:24+02:00,confirmation_after_alert,iran,high,missile,True,"IDF: A short while ago, sirens were sounded in several areas across the country following the identification of missiles launched from Iran toward the State of Israel. The public is requested to follow the instructions of the Home Front Command. At this time, the Israeli Air Force is operating to intercept and strike threats where necessary to remove the threat. The defense is not hermetic, and therefore it is essential that the public continue to adhere to the Home Front Command’s guidelines. The public is requested to continue to follow the instructions of the Home Front Command.",https://t.me/idfofficial/16499
tg_16503_1,16503,2026-02-28T16:28:58+02:00,2026-02-28T16:28:58+02:00,detection_before_alert,iran,high,missile,True,"IDF: A short while ago, the IDF identified missiles launched from Iran toward the territory of the State of Israel. Defensive systems are operating to intercept the threat. In the past few minutes, the Home Front Command has sent a precautionary directive directly to mobile phones in the relevant areas. The public is asked to act responsibly and follow the instructions—they save lives. Upon receiving an alert, the public is instructed to enter a protected space and remain there until further notice. Leaving a protected space is permitted only after receiving explicit instructions. The public is requested to continue acting in accordance with the Home Front Command’s guidelines.",https://t.me/idfofficial/16503
tg_16504_1,16504,2026-02-28T16:34:45+02:00,2026-02-28T16:34:45+02:00,confirmation_after_alert,iran,high,missile,True,"IDF: A short while ago, sirens were sounded in several areas across the country following the identification of a missile launched from Iran toward the State of Israel. The public is requested to follow the instructions of the Home Front Command. At this time, the Israeli Air Force is operating to intercept and strike threats where necessary to remove the threat. The defense is not hermetic, and therefore it is essential that the public continue to adhere to the Home Front Command’s guidelines. The public is requested to continue to follow the instructions of the Home Front Command.",https://t.me/idfofficial/16504
tg_16508_1,16508,2026-02-28T17:31:30+02:00,2026-02-28T17:31:30+02:00,confirmation_after_alert,iran,high,missile,True,"IDF: A short while ago, sirens were sounded in several areas across the country following the identification of a missile launched from Iran toward the State of Israel. The public is requested to follow the instructions of the Home Front Command. At this time, the Israeli Air Force is operating to intercept and strike threats where necessary to remove the threat. The defense is not hermetic, and therefore it is essential that the public continue to adhere to the Home Front Command’s guidelines. The public is requested to continue to follow the instructions of the Home Front Command.",https://t.me/idfofficial/16508
tg_16509_1,16509,2026-02-28T17:33:20+02:00,2026-02-28T17:33:20+02:00,launch_report,iran,high,uav,False,IDF: In the last few hours the Israeli Air Force intercepted a number of hostile aircraft that were launched from Iran toward the State of Israel. Sirens were sounded in accordance to protocol and the Aerial Defense Array is currently identifying and intercepting threats. The public is requested to continue acting in accordance with the Home Front Command’s guidelines.,https://t.me/idfofficial/16509
tg_16510_1,16510,2026-02-28T17:36:06+02:00,2026-02-28T17:36:06+02:00,confirmation_after_alert,iran,high,missile,True,"IDF: A short while ago, sirens were sounded in several areas across the country following the identification of a missile launched from Iran toward the State of Israel. The public is requested to follow the instructions of the Home Front Command. At this time, the Israeli Air Force is operating to intercept and strike threats where necessary to remove the threat. The defense is not hermetic, and therefore it is essential that the public continue to adhere to the Home Front Command’s guidelines. The public is requested to continue to follow the instructions of the Home Front Command.",https://t.me/idfofficial/16510
tg_16517_1,16517,2026-02-28T19:19:30+02:00,2026-02-28T19:19:30+02:00,confirmation_after_alert,iran,high,missile,True,"IDF: A short while ago, sirens were sounded in several areas across the country following the identification of a missile launched from Iran toward the State of Israel. At this time, the Israeli Air Force is operating to intercept and strike threats where necessary to remove the threat. The defense is not hermetic, and therefore it is essential that the public continue to adhere to the Home Front Command’s guidelines. The public is requested to continue to follow the instructions of the Home Front Command.",https://t.me/idfofficial/16517
tg_16518_1,16518,2026-02-28T19:27:53+02:00,2026-02-28T19:27:53+02:00,confirmation_after_alert,iran,high,missile,True,"IDF: A short while ago, sirens were sounded in several areas across the country following the identification of a missile launched from Iran toward the State of Israel. At this time, the Israeli Air Force is operating to intercept and strike threats where necessary to remove the threat. The defense is not hermetic, and therefore it is essential that the public continue to adhere to the Home Front Command’s guidelines. The public is requested to continue to follow the instructions of the Home Front Command.",https://t.me/idfofficial/16518
tg_16522_1,16522,2026-02-28T21:16:10+02:00,2026-02-28T21:16:10+02:00,confirmation_after_alert,iran,high,uav,False,"IDF: Following the sirens that sounded in several areas in northern and southern Israel, the Israeli Air Force intercepted a UAV launched from Iran toward several areas in the Arabah. Additionally, the Israeli Air Force intercepted several UAVs launched from Iran toward northern Israel. Sirens were sounded in accordance with protocol.",https://t.me/idfofficial/16522
tg_16524_1,16524,2026-02-28T22:31:45+02:00,2026-02-28T22:31:45+02:00,detection_before_alert,iran,high,missile,True,"IDF: A short while ago, the IDF identified missiles launched from Iran toward the territory of the State of Israel. Defensive systems are operating to intercept the threat. In the past few minutes, the Home Front Command has sent a precautionary directive directly to mobile phones in the relevant areas. The public is asked to act responsibly and follow the instructions—they save lives. Upon receiving an alert, the public is instructed to enter a protected space and remain there until further notice. Leaving a protected space is permitted only after receiving explicit instructions. The public is requested to continue acting in accordance with the Home Front Command’s guidelines",https://t.me/idfofficial/16524
tg_16525_1,16525,2026-02-28T22:37:35+02:00,2026-02-28T22:37:35+02:00,confirmation_after_alert,iran,high,missile,True,"IDF: A short while ago, sirens were sounded in several areas across the country, following the identification of missiles launched from Iran toward the State of Israel. The public is requested to follow the instructions of the Home Front Command. At this time, the Israeli Air Force is operating to intercept and strike threats where necessary to remove the threat. The defense is not hermetic, and therefore it is essential that the public continue to adhere to the Home Front Command’s guidelines. The public is requested to continue to follow the instructions of the Home Front Command. The Aerial Defense Array is currently identifying and intercepting threats.",https://t.me/idfofficial/16525
tg_16531_1,16531,2026-03-01T01:33:20+02:00,2026-03-01T01:33:20+02:00,confirmation_after_alert,iran,high,uav,False,"IDF: Following the sirens that sounded in several areas in northern and southern Israel regarding a hostile aircraft infiltration, two UAVs launched from Iran toward northern Israel were intercepted. Additionally, an UAV launched from Iran toward southern Israel was intercepted. Sirens were sounded in accordance with protocol. The public is requested to continue to follow the instructions of the Home Front Command.",https://t.me/idfofficial/16531
tg_16532_1,16532,2026-03-01T01:34:10+02:00,2026-03-01T01:34:10+02:00,detection_before_alert,iran,high,missile,True,"IDF: A short while ago, the IDF identified missiles launched from Iran toward the territory of the State of Israel. Defensive systems are operating to intercept the threat. In the past few minutes, the Home Front Command has sent a precautionary directive directly to mobile phones in the relevant areas. The public is asked to act responsibly and follow the instructions—they save lives. Upon receiving an alert, the public is instructed to enter a protected space and remain there until further notice. Leaving a protected space is permitted only after receiving explicit instructions. The public is requested to continue acting in accordance with the Home Front Command’s guidelines",https://t.me/idfofficial/16532
tg_16533_1,16533,2026-03-01T01:39:01+02:00,2026-03-01T01:39:01+02:00,confirmation_after_alert,iran,high,missile,True,"IDF: A short while ago, sirens were sounded in several areas across the country, following the identification of missiles launched from Iran toward the State of Israel. The public is requested to follow the instructions of the Home Front Command. At this time, the Israeli Air Force is operating to intercept and strike threats where necessary to remove the threat. The defense is not hermetic, and therefore it is essential that the public continue to adhere to the Home Front Command’s guidelines.",https://t.me/idfofficial/16533
tg_16538_1,16538,2026-03-01T04:33:38+02:00,2026-03-01T04:33:38+02:00,confirmation_after_alert,iran,high,uav,False,"IDF: Following the sirens that sounded in northern Israel regarding a hostile aircraft infiltration, a UAV launched from Iran was intercepted. Sirens were sounded in accordance with protocol. The public is requested to continue to follow the instructions of the Home Front Command and the instructions sent to the public.",https://t.me/idfofficial/16538
tg_16539_1,16539,2026-03-01T06:07:07+02:00,2026-03-01T06:07:07+02:00,confirmation_after_alert,iran,high,uav,False,"IDF: Following the sirens that sounded in the Arabah region regarding a hostile aircraft infiltration, a UAV launched from Iran was intercepted. Additionally, following the sirens that sounded in the Eilat area, it was determined to be a false identification. Sirens were sounded in accordance with protocol. The public is requested to continue to follow the instructions of the Home Front Command and the instructions sent to the public.",https://t.me/idfofficial/16539
tg_16540_1,16540,2026-03-01T06:11:23+02:00,2026-03-01T06:11:23+02:00,detection_before_alert,iran,high,missile,True,"IDF: A short while ago, the IDF identified missiles launched from Iran toward the territory of the State of Israel. Defensive systems are operating to intercept the threat. In the past few minutes, the Home Front Command has sent a precautionary directive directly to mobile phones in the relevant areas. The public is asked to act responsibly and follow the instructions—they save lives. Upon receiving an alert, the public is instructed to enter a protected space and remain there until further notice. Leaving a protected space is permitted only after receiving explicit instructions. The public is requested to continue acting in accordance with the Home Front Command’s guidelines.",https://t.me/idfofficial/16540
tg_16541_1,16541,2026-03-01T06:17:33+02:00,2026-03-01T06:17:33+02:00,confirmation_after_alert,iran,high,missile,True,"IDF: A short while ago, sirens were sounded in several areas across the country, following the identification of missiles launched from Iran toward the State of Israel. The public is requested to follow the instructions of the Home Front Command. At this time, the Israeli Air Force is operating to intercept and strike threats where necessary to remove the threat. The defense is not hermetic, and therefore it is essential that the public continue to adhere to the Home Front Command’s guidelines.",https://t.me/idfofficial/16541
tg_16545_1,16545,2026-03-01T08:50:33+02:00,2026-03-01T08:50:33+02:00,detection_before_alert,iran,high,missile,True,"IDF: A short while ago, the IDF identified missiles launched from Iran toward the territory of the State of Israel. Defensive systems are operating to intercept the threat. In the past few minutes, the Home Front Command has sent a precautionary directive directly to mobile phones in the relevant areas. The public is asked to act responsibly and follow the instructions—they save lives. Upon receiving an alert, the public is instructed to enter a protected space and remain there until further notice. Leaving a protected space is permitted only after receiving explicit instructions. The public is requested to continue acting in accordance with the Home Front Command’s guidelines.",https://t.me/idfofficial/16545
tg_16546_1,16546,2026-03-01T08:55:24+02:00,2026-03-01T08:55:24+02:00,confirmation_after_alert,iran,high,missile,True,"IDF: A short while ago, sirens were sounded in several areas across the country, following the identification of missiles launched from Iran toward the State of Israel. The public is requested to follow the instructions of the Home Front Command. At this time, the Israeli Air Force is operating to intercept and strike threats where necessary to remove the threat. The defense is not hermetic, and therefore it is essential that the public continue to adhere to the Home Front Command’s guidelines.",https://t.me/idfofficial/16546
tg_16548_1,16548,2026-03-01T09:58:24+02:00,2026-03-01T09:58:24+02:00,confirmation_after_alert,iran,high,missile,True,"IDF: A short while ago, sirens were sounded in several areas across the country, following the identification of missiles launched from Iran toward the State of Israel. The public is requested to follow the instructions of the Home Front Command. At this time, the Israeli Air Force is operating to intercept and strike threats where necessary to remove the threat. The defense is not hermetic, and therefore it is essential that the public continue to adhere to the Home Front Command’s guidelines.",https://t.me/idfofficial/16548
tg_16555_1,16555,2026-03-01T12:39:20+02:00,2026-03-01T12:39:20+02:00,detection_before_alert,iran,high,missile,True,"IDF: A short while ago, the IDF identified missiles launched from Iran toward the territory of the State of Israel. Defensive systems are operating to intercept the threat. In the past few minutes, the Home Front Command has sent a precautionary directive directly to mobile phones in the relevant areas. The public is asked to act responsibly and follow the instructions—they save lives. Upon receiving an alert, the public is instructed to enter a protected space and remain there until further notice. Leaving a protected space is permitted only after receiving explicit instructions. The public is requested to continue acting in accordance with the Home Front Command’s guidelines.",https://t.me/idfofficial/16555
tg_16556_1,16556,2026-03-01T12:43:26+02:00,2026-03-01T12:43:26+02:00,confirmation_after_alert,iran,high,missile,True,"IDF: A short while ago, sirens were sounded in several areas across the country, following the identification of missiles launched from Iran toward the State of Israel. The public is requested to follow the instructions of the Home Front Command. At this time, the Israeli Air Force is operating to intercept and strike threats where necessary to remove the threat. The defense is not hermetic, and therefore it is essential that the public continue to adhere to the Home Front Command’s guidelines.",https://t.me/idfofficial/16556
tg_16560_1,16560,2026-03-01T13:23:16+02:00,2026-03-01T13:23:16+02:00,detection_before_alert,iran,high,missile,True,"IDF: A short while ago, the IDF identified missiles launched from Iran toward the territory of the State of Israel. Defensive systems are operating to intercept the threat. In the past few minutes, the Home Front Command has sent a precautionary directive directly to mobile phones in the relevant areas. The public is asked to act responsibly and follow the instructions—they save lives. Upon receiving an alert, the public is instructed to enter a protected space and remain there until further notice. Leaving a protected space is permitted only after receiving explicit instructions. The public is requested to continue acting in accordance with the Home Front Command’s guidelines.",https://t.me/idfofficial/16560
tg_16566_1,16566,2026-03-01T16:46:44+02:00,2026-03-01T16:46:44+02:00,detection_before_alert,iran,high,missile,True,"IDF: A short while ago, the IDF identified missiles launched from Iran toward the territory of the State of Israel. Defensive systems are operating to intercept the threat. In the past few minutes, the Home Front Command has sent a precautionary directive directly to mobile phones in the relevant areas. The public is asked to act responsibly and follow the instructions—they save lives. Upon receiving an alert, the public is instructed to enter a protected space and remain there until further notice. Leaving a protected space is permitted only after receiving explicit instructions. The public is requested to continue acting in accordance with the Home Front Command’s guidelines.",https://t.me/idfofficial/16566
tg_16573_1,16573,2026-03-01T20:34:21+02:00,2026-03-01T20:34:21+02:00,detection_before_alert,iran,high,missile,True,"IDF: A short while ago, the IDF identified missiles launched from Iran toward the territory of the State of Israel. Defensive systems are operating to intercept the threat. In the past few minutes, the Home Front Command has sent a precautionary directive directly to mobile phones in the relevant areas. The public is asked to act responsibly and follow the instructions—they save lives. Upon receiving an alert, the public is instructed to enter a protected space and remain there until further notice. Leaving a protected space is permitted only after receiving explicit instructions. The public is requested to continue acting in accordance with the Home Front Command’s guidelines.",https://t.me/idfofficial/16573
tg_16578_1,16578,2026-03-01T21:02:22+02:00,2026-03-01T21:02:22+02:00,detection_before_alert,iran,high,missile,True,"IDF: A short while ago, the IDF identified missiles launched from Iran toward the territory of the State of Israel. Defensive systems are operating to intercept the threat. In the past few minutes, the Home Front Command has sent a precautionary directive directly to mobile phones in the relevant areas. The public is asked to act responsibly and follow the instructions—they save lives. Upon receiving an alert, the public is instructed to enter a protected space and remain there until further notice. Leaving a protected space is permitted only after receiving explicit instructions. The public is requested to continue acting in accordance with the Home Front Command’s guidelines.",https://t.me/idfofficial/16578
tg_16580_1,16580,2026-03-01T22:29:38+02:00,2026-03-01T22:29:38+02:00,detection_before_alert,iran,high,missile,True,"IDF: A short while ago, the IDF identified missiles launched from Iran toward the territory of the State of Israel. Defensive systems are operating to intercept the threat. In the past few minutes, the Home Front Command has sent a precautionary directive directly to mobile phones in the relevant areas. The public is asked to act responsibly and follow the instructions—they save lives. Upon receiving an alert, the public is instructed to enter a protected space and remain there until further notice. Leaving a protected space is permitted only after receiving explicit instructions. The public is requested to continue acting in accordance with the Home Front Command’s guidelines.",https://t.me/idfofficial/16580
tg_16583_1,16583,2026-03-02T01:05:05+02:00,2026-03-02T01:05:05+02:00,launch_report,lebanon,high,projectile,True,IDF: Initial report - Sirens sounded in several areas in northern Israel following projectiles launched from Lebanon. The details are under review.,https://t.me/idfofficial/16583
tg_16584_1,16584,2026-03-02T01:28:06+02:00,2026-03-02T01:28:06+02:00,confirmation_after_alert,lebanon,high,projectile,True,"IDF: Following the sirens that sounded in several areas in northern Israel, a projectile that crossed from Lebanon into Israeli territory was intercepted by the Israeli Air Force, and several projectiles fell in open areas in accordance with standard protocols. No injuries or damages were reported.",https://t.me/idfofficial/16584
tg_16591_1,16591,2026-03-02T07:02:43+02:00,2026-03-02T07:02:43+02:00,detection_before_alert,iran,high,missile,True,"IDF: A short while ago, the IDF identified missiles launched from Iran toward the territory of the State of Israel. Defensive systems are operating to intercept the threat. In the past few minutes, the Home Front Command has sent a precautionary directive directly to mobile phones in the relevant areas. The public is asked to act responsibly and follow the instructions—they save lives. Upon receiving an alert, the public is instructed to enter a protected space and remain there until further notice. Leaving a protected space is permitted only after receiving explicit instructions. The public is requested to continue acting in accordance with the Home Front Command’s guidelines.",https://t.me/idfofficial/16591
tg_16594_1,16594,2026-03-02T07:31:10+02:00,2026-03-02T07:31:10+02:00,detection_before_alert,iran,high,missile,True,"IDF: A short while ago, the IDF identified missiles launched from Iran toward the territory of the State of Israel. Defensive systems are operating to intercept the threat. In the past few minutes, the Home Front Command has sent a precautionary directive directly to mobile phones in the relevant areas. The public is asked to act responsibly and follow the instructions—they save lives. Upon receiving an alert, the public is instructed to enter a protected space and remain there until further notice. Leaving a protected space is permitted only after receiving explicit instructions. The public is requested to continue acting in accordance with the Home Front Command’s guidelines.",https://t.me/idfofficial/16594
tg_16602_1,16602,2026-03-02T12:03:22+02:00,2026-03-02T12:03:22+02:00,detection_before_alert,iran,high,missile,True,"IDF: A short while ago, the IDF identified missiles launched from Iran toward the territory of the State of Israel. Defensive systems are operating to intercept the threat. In the past few minutes, the Home Front Command has sent a precautionary directive directly to mobile phones in the relevant areas. The public is asked to act responsibly and follow the instructions—they save lives. Upon receiving an alert, the public is instructed to enter a protected space and remain there until further notice. Leaving a protected space is permitted only after receiving explicit instructions. The public is requested to continue acting in accordance with the Home Front Command’s guidelines.",https://t.me/idfofficial/16602
tg_16604_1,16604,2026-03-02T12:32:44+02:00,2026-03-02T12:32:44+02:00,detection_before_alert,iran,high,missile,True,"IDF: A short while ago, the IDF identified missiles launched from Iran toward the territory of the State of Israel. Defensive systems are operating to intercept the threat. In the past few minutes, the Home Front Command has sent a precautionary directive directly to mobile phones in the relevant areas. The public is asked to act responsibly and follow the instructions—they save lives. Upon receiving an alert, the public is instructed to enter a protected space and remain there until further notice. Leaving a protected space is permitted only after receiving explicit instructions. The public is requested to continue acting in accordance with the Home Front Command’s guidelines.",https://t.me/idfofficial/16604
tg_16617_1,16617,2026-03-02T17:27:21+02:00,2026-03-02T17:27:21+02:00,detection_before_alert,iran,high,missile,True,"IDF: A short while ago, the IDF identified missiles launched from Iran toward the territory of the State of Israel. Defensive systems are operating to intercept the threat. In the past few minutes, the Home Front Command has sent a precautionary directive directly to mobile phones in the relevant areas. The public is asked to act responsibly and follow the instructions—they save lives. Upon receiving an alert, the public is instructed to enter a protected space and remain there until further notice. Leaving a protected space is permitted only after receiving explicit instructions. The public is requested to continue acting in accordance with the Home Front Command’s guidelines.",https://t.me/idfofficial/16617
tg_16622_1,16622,2026-03-02T19:30:26+02:00,2026-03-02T19:30:26+02:00,confirmation_after_alert,lebanon,high,uav,False,"IDF: Following the hostile aircraft infiltration sirens that sounded a short while ago in northern Israel, a UAV that was launched from Lebanon toward Israeli territory was successfully intercepted by the IAF.",https://t.me/idfofficial/16622
tg_16632_1,16632,2026-03-03T00:27:14+02:00,2026-03-03T00:27:14+02:00,detection_before_alert,iran,high,missile,True,"IDF: A short while ago, the IDF identified missiles launched from Iran toward the territory of the State of Israel. Defensive systems are operating to intercept the threat. In the past few minutes, the Home Front Command has sent a precautionary directive directly to mobile phones in the relevant areas. The public is asked to act responsibly and follow the instructions—they save lives. Upon receiving an alert, the public is instructed to enter a protected space and remain there until further notice. Leaving a protected space is permitted only after receiving explicit instructions. The public is requested to continue acting in accordance with the Home Front Command’s guidelines.",https://t.me/idfofficial/16632
tg_16633_1,16633,2026-03-03T01:01:42+02:00,2026-03-03T01:01:42+02:00,confirmation_after_alert,iran,high,unknown,True,"IDF: Following the sirens activated over the past hour, launches from Iran toward several areas within Israeli territory were identified. The public is instructed to continue following the directives of the Home Front Command.",https://t.me/idfofficial/16633
tg_16643_1,16643,2026-03-03T11:08:28+02:00,2026-03-03T11:08:28+02:00,detection_before_alert,iran,high,missile,True,"IDF: A short while ago, the IDF identified missiles launched from Iran toward the territory of the State of Israel. Defensive systems are operating to intercept the threat. In the past few minutes, the Home Front Command has sent a precautionary directive directly to mobile phones in the relevant areas. The public is asked to act responsibly and follow the instructions—they save lives. Upon receiving an alert, the public is instructed to enter a protected space and remain there until further notice. Leaving a protected space is permitted only after receiving explicit instructions. The public is requested to continue acting in accordance with the Home Front Command’s guidelines.",https://t.me/idfofficial/16643
tg_16648_1,16648,2026-03-03T12:23:05+02:00,2026-03-03T12:23:05+02:00,detection_before_alert,iran,high,missile,True,"IDF: A short while ago, the IDF identified missiles launched from Iran toward the territory of the State of Israel. Defensive systems are operating to intercept the threat. In the past few minutes, the Home Front Command has sent a precautionary directive directly to mobile phones in the relevant areas. The public is asked to act responsibly and follow the instructions—they save lives. Upon receiving an alert, the public is instructed to enter a protected space and remain there until further notice. Leaving a protected space is permitted only after receiving explicit instructions. The public is requested to continue acting in accordance with the Home Front Command’s guidelines.",https://t.me/idfofficial/16648
tg_16652_1,16652,2026-03-03T14:32:36+02:00,2026-03-03T14:32:36+02:00,detection_before_alert,iran,high,missile,True,"IDF: A short while ago, the IDF identified missiles launched from Iran toward the territory of the State of Israel. Defensive systems are operating to intercept the threat. In the past few minutes, the Home Front Command has sent a precautionary directive directly to mobile phones in the relevant areas. The public is asked to act responsibly and follow the instructions—they save lives. Upon receiving an alert, the public is instructed to enter a protected space and remain there until further notice. Leaving a protected space is permitted only after receiving explicit instructions. The public is requested to continue acting in accordance with the Home Front Command’s guidelines.",https://t.me/idfofficial/16652
tg_16656_1,16656,2026-03-03T15:36:41+02:00,2026-03-03T15:36:41+02:00,detection_before_alert,iran,high,missile,True,"IDF: A short while ago, the IDF identified missiles launched from Iran toward the territory of the State of Israel. Defensive systems are operating to intercept the threat. In the past few minutes, the Home Front Command has sent a precautionary directive directly to mobile phones in the relevant areas. The public is asked to act responsibly and follow the instructions—they save lives. Upon receiving an alert, the public is instructed to enter a protected space and remain there until further notice. Leaving a protected space is permitted only after receiving explicit instructions. The public is requested to continue acting in accordance with the Home Front Command’s guidelines.",https://t.me/idfofficial/16656
tg_16664_1,16664,2026-03-03T20:11:28+02:00,2026-03-03T20:11:28+02:00,confirmation_after_alert,lebanon,high,projectile,True,"IDF: Following the sirens that sounded in northern and central Israel, several projectiles that crossed from Lebanon into Israeli territory were identified. Majority of the projectiles were intercepted, and an additional projectile fell in an open area.",https://t.me/idfofficial/16664
tg_16667_1,16667,2026-03-03T22:42:53+02:00,2026-03-03T22:42:53+02:00,detection_before_alert,iran,high,missile,True,"IDF: A short while ago, the IDF identified missiles launched from Iran toward the territory of the State of Israel. Defensive systems are operating to intercept the threat. In the past few minutes, the Home Front Command has sent a precautionary directive directly to mobile phones in the relevant areas. The public is asked to act responsibly and follow the instructions—they save lives. Upon receiving an alert, the public is instructed to enter a protected space and remain there until further notice. Leaving a protected space is permitted only after receiving explicit instructions. The public is requested to continue acting in accordance with the Home Front Command’s guidelines.",https://t.me/idfofficial/16667
tg_16670_1,16670,2026-03-03T23:09:24+02:00,2026-03-03T23:09:24+02:00,detection_before_alert,iran,high,missile,True,"IDF: A short while ago, the IDF identified missiles launched from Iran toward the territory of the State of Israel. Defensive systems are operating to intercept the threat. In the past few minutes, the Home Front Command has sent a precautionary directive directly to mobile phones in the relevant areas. The public is asked to act responsibly and follow the instructions—they save lives. Upon receiving an alert, the public is instructed to enter a protected space and remain there until further notice. Leaving a protected space is permitted only after receiving explicit instructions. The public is requested to continue acting in accordance with the Home Front Command’s guidelines.",https://t.me/idfofficial/16670
tg_16673_1,16673,2026-03-04T00:02:21+02:00,2026-03-04T00:02:21+02:00,detection_before_alert,iran,high,missile,True,"IDF: A short while ago, the IDF identified missiles launched from Iran toward the territory of the State of Israel. Defensive systems are operating to intercept the threat. In the past few minutes, the Home Front Command has sent a precautionary directive directly to mobile phones in the relevant areas. The public is asked to act responsibly and follow the instructions—they save lives. Upon receiving an alert, the public is instructed to enter a protected space and remain there until further notice. Leaving a protected space is permitted only after receiving explicit instructions. The public is requested to continue acting in accordance with the Home Front Command’s guidelines.",https://t.me/idfofficial/16673
tg_16675_1,16675,2026-03-04T00:52:29+02:00,2026-03-04T00:52:29+02:00,detection_before_alert,iran,high,missile,True,"IDF: A short while ago, the IDF identified missiles launched from Iran toward the territory of the State of Israel. Defensive systems are operating to intercept the threat. In the past few minutes, the Home Front Command has sent a precautionary directive directly to mobile phones in the relevant areas. The public is asked to act responsibly and follow the instructions—they save lives. Upon receiving an alert, the public is instructed to enter a protected space and remain there until further notice. Leaving a protected space is permitted only after receiving explicit instructions. The public is requested to continue acting in accordance with the Home Front Command’s guidelines.",https://t.me/idfofficial/16675
tg_16678_1,16678,2026-03-04T04:18:05+02:00,2026-03-04T04:18:05+02:00,detection_before_alert,iran,high,missile,True,"IDF: A short while ago, the IDF identified missiles launched from Iran toward the territory of the State of Israel. Defensive systems are operating to intercept the threat. In the past few minutes, the Home Front Command has sent a precautionary directive directly to mobile phones in the relevant areas. The public is asked to act responsibly and follow the instructions—they save lives. Upon receiving an alert, the public is instructed to enter a protected space and remain there until further notice. Leaving a protected space is permitted only after receiving explicit instructions. The public is requested to continue acting in accordance with the Home Front Command’s guidelines.",https://t.me/idfofficial/16678
tg_16679_1,16679,2026-03-04T04:29:30+02:00,2026-03-04T04:29:30+02:00,confirmation_after_alert,lebanon,high,projectile,True,"IDF: Following the sirens that sounded a short while ago in northern Israel, several projectiles that crossed from Lebanon into Israeli territory were identified. The majority of the projectiles were intercepted by the Israeli Air Force, and an additional projectile fell in the area. No injuries were reported.",https://t.me/idfofficial/16679
tg_16681_1,16681,2026-03-04T05:53:39+02:00,2026-03-04T05:53:39+02:00,detection_before_alert,iran,high,missile,True,"IDF: A short while ago, the IDF identified missiles launched from Iran toward the territory of the State of Israel. Defensive systems are operating to intercept the threat. In the past few minutes, the Home Front Command has sent a precautionary directive directly to mobile phones in the relevant areas. The public is asked to act responsibly and follow the instructions—they save lives. Upon receiving an alert, the public is instructed to enter a protected space and remain there until further notice. Leaving a protected space is permitted only after receiving explicit instructions. The public is requested to continue acting in accordance with the Home Front Command’s guidelines.",https://t.me/idfofficial/16681
tg_16691_1,16691,2026-03-04T13:48:46+02:00,2026-03-04T13:48:46+02:00,detection_before_alert,iran,high,missile,True,"IDF: A short while ago, the IDF identified missiles launched from Iran toward the territory of the State of Israel. Defensive systems are operating to intercept the threat. In the past few minutes, the Home Front Command has sent a precautionary directive directly to mobile phones in the relevant areas. The public is asked to act responsibly and follow the instructions—they save lives. Upon receiving an alert, the public is instructed to enter a protected space and remain there until further notice. Leaving a protected space is permitted only after receiving explicit instructions. The public is requested to continue acting in accordance with the Home Front Command’s guidelines.",https://t.me/idfofficial/16691
tg_16692_1,16692,2026-03-04T14:20:40+02:00,2026-03-04T14:20:40+02:00,confirmation_after_alert,lebanon,high,unknown,True,"IDF: Following the sirens that sounded in central Israel, several launches that were launched from Lebanon toward Israeli territory were successfully intercepted.",https://t.me/idfofficial/16692
tg_16695_1,16695,2026-03-04T14:31:17+02:00,2026-03-04T14:31:17+02:00,detection_before_alert,iran,high,missile,True,"IDF: A short while ago, the IDF identified missiles launched from Iran toward the territory of the State of Israel. Defensive systems are operating to intercept the threat. In the past few minutes, the Home Front Command has sent a precautionary directive directly to mobile phones in the relevant areas. The public is asked to act responsibly and follow the instructions—they save lives. Upon receiving an alert, the public is instructed to enter a protected space and remain there until further notice. Leaving a protected space is permitted only after receiving explicit instructions. The public is requested to continue acting in accordance with the Home Front Command’s guidelines.",https://t.me/idfofficial/16695
tg_16698_1,16698,2026-03-04T15:12:50+02:00,2026-03-04T14:30:00+02:00,explicit_siren_time,lebanon,high,unknown,True,"IDF: Following the sirens that sounded in northern Israel at 14:30, several launches that were launched from Lebanon toward Israeli territory were identified. The majority of the launches were intercepted. Additionally, following the sirens that sounded in northern Israel at 15:00, a launch that was launched from Lebanon toward Israeli territory was successfully intercepted.",https://t.me/idfofficial/16698
tg_16698_2,16698,2026-03-04T15:12:50+02:00,2026-03-04T15:00:00+02:00,explicit_siren_time,lebanon,high,unknown,True,"IDF: Following the sirens that sounded in northern Israel at 14:30, several launches that were launched from Lebanon toward Israeli territory were identified. The majority of the launches were intercepted. Additionally, following the sirens that sounded in northern Israel at 15:00, a launch that was launched from Lebanon toward Israeli territory was successfully intercepted.",https://t.me/idfofficial/16698
tg_16701_1,16701,2026-03-04T16:07:42+02:00,2026-03-04T16:07:42+02:00,detection_before_alert,iran,high,missile,True,"IDF: A short while ago, the IDF identified missiles launched from Iran toward the territory of the State of Israel. Defensive systems are operating to intercept the threat. In the past few minutes, the Home Front Command has sent a precautionary directive directly to mobile phones in the relevant areas. The public is asked to act responsibly and follow the instructions—they save lives. Upon receiving an alert, the public is instructed to enter a protected space and remain there until further notice. Leaving a protected space is permitted only after receiving explicit instructions. The public is requested to continue acting in accordance with the Home Front Command’s guidelines.",https://t.me/idfofficial/16701
tg_16706_1,16706,2026-03-04T18:55:11+02:00,2026-03-04T18:55:11+02:00,detection_before_alert,iran,high,missile,True,"IDF: A short while ago, the IDF identified missiles launched from Iran toward the territory of the State of Israel. Defensive systems are operating to intercept the threat. In the past few minutes, the Home Front Command has sent a precautionary directive directly to mobile phones in the relevant areas. The public is asked to act responsibly and follow the instructions—they save lives. Upon receiving an alert, the public is instructed to enter a protected space and remain there until further notice. Leaving a protected space is permitted only after receiving explicit instructions. The public is requested to continue acting in accordance with the Home Front Command’s guidelines.",https://t.me/idfofficial/16706
tg_16717_1,16717,2026-03-05T02:24:13+02:00,2026-03-05T02:24:13+02:00,detection_before_alert,iran,high,missile,True,"IDF: A short while ago, the IDF identified missiles launched from Iran toward the territory of the State of Israel. Defensive systems are operating to intercept the threat. In the past few minutes, the Home Front Command has sent a precautionary directive directly to mobile phones in the relevant areas. The public is asked to act responsibly and follow the instructions—they save lives. Upon receiving an alert, the public is instructed to enter a protected space and remain there until further notice. Leaving a protected space is permitted only after receiving explicit instructions. The public is requested to continue acting in accordance with the Home Front Command’s guidelines.",https://t.me/idfofficial/16717
tg_16719_1,16719,2026-03-05T03:05:10+02:00,2026-03-05T03:05:10+02:00,detection_before_alert,iran,high,missile,True,"IDF: A short while ago, the IDF identified missiles launched from Iran toward the territory of the State of Israel. Defensive systems are operating to intercept the threat. In the past few minutes, the Home Front Command has sent a precautionary directive directly to mobile phones in the relevant areas. The public is asked to act responsibly and follow the instructions—they save lives. Upon receiving an alert, the public is instructed to enter a protected space and remain there until further notice. Leaving a protected space is permitted only after receiving explicit instructions. The public is requested to continue acting in accordance with the Home Front Command’s guidelines.",https://t.me/idfofficial/16719
tg_16721_1,16721,2026-03-05T03:56:07+02:00,2026-03-05T03:56:07+02:00,detection_before_alert,iran,high,missile,True,"IDF: A short while ago, the IDF identified missiles launched from Iran toward the territory of the State of Israel. Defensive systems are operating to intercept the threat. In the past few minutes, the Home Front Command has sent a precautionary directive directly to mobile phones in the relevant areas. The public is asked to act responsibly and follow the instructions—they save lives. Upon receiving an alert, the public is instructed to enter a protected space and remain there until further notice. Leaving a protected space is permitted only after receiving explicit instructions. The public is requested to continue acting in accordance with the Home Front Command’s guidelines.",https://t.me/idfofficial/16721
tg_16727_1,16727,2026-03-05T10:26:19+02:00,2026-03-05T10:26:19+02:00,detection_before_alert,iran,high,missile,True,"IDF: A short while ago, the IDF identified missiles launched from Iran toward the territory of the State of Israel. Defensive systems are operating to intercept the threat. In the past few minutes, the Home Front Command has sent a precautionary directive directly to mobile phones in the relevant areas. The public is asked to act responsibly and follow the instructions—they save lives. Upon receiving an alert, the public is instructed to enter a protected space and remain there until further notice. Leaving a protected space is permitted only after receiving explicit instructions. The public is requested to continue acting in accordance with the Home Front Command’s guidelines.",https://t.me/idfofficial/16727
tg_16731_1,16731,2026-03-05T13:43:03+02:00,2026-03-05T13:43:03+02:00,detection_before_alert,iran,high,missile,True,"IDF: A short while ago, the IDF identified missiles launched from Iran toward the territory of the State of Israel. Defensive systems are operating to intercept the threat. In the past few minutes, the Home Front Command has sent a precautionary directive directly to mobile phones in the relevant areas. The public is asked to act responsibly and follow the instructions—they save lives. Upon receiving an alert, the public is instructed to enter a protected space and remain there until further notice. Leaving a protected space is permitted only after receiving explicit instructions. The public is requested to continue acting in accordance with the Home Front Command’s guidelines.",https://t.me/idfofficial/16731
tg_16735_1,16735,2026-03-05T16:25:41+02:00,2026-03-05T16:25:41+02:00,detection_before_alert,iran,high,missile,True,"IDF: A short while ago, the IDF identified missiles launched from Iran toward the territory of the State of Israel. Defensive systems are operating to intercept the threat. In the past few minutes, the Home Front Command has sent a precautionary directive directly to mobile phones in the relevant areas. The public is asked to act responsibly and follow the instructions—they save lives. Upon receiving an alert, the public is instructed to enter a protected space and remain there until further notice. Leaving a protected space is permitted only after receiving explicit instructions. The public is requested to continue acting in accordance with the Home Front Command’s guidelines.",https://t.me/idfofficial/16735
tg_16740_1,16740,2026-03-05T20:30:10+02:00,2026-03-05T20:30:10+02:00,detection_before_alert,iran,high,missile,True,"IDF: A short while ago, the IDF identified missiles launched from Iran toward the territory of the State of Israel. Defensive systems are operating to intercept the threat. In the past few minutes, the Home Front Command has sent a precautionary directive directly to mobile phones in the relevant areas. The public is asked to act responsibly and follow the instructions—they save lives. Upon receiving an alert, the public is instructed to enter a protected space and remain there until further notice. Leaving a protected space is permitted only after receiving explicit instructions. The public is requested to continue acting in accordance with the Home Front Command’s guidelines.",https://t.me/idfofficial/16740
tg_16745_1,16745,2026-03-05T22:36:01+02:00,2026-03-05T22:36:01+02:00,detection_before_alert,iran,high,missile,True,"IDF: A short while ago, the IDF identified missiles launched from Iran toward the territory of the State of Israel. Defensive systems are operating to intercept the threat. In the past few minutes, the Home Front Command has sent a precautionary directive directly to mobile phones in the relevant areas. The public is asked to act responsibly and follow the instructions—they save lives. Upon receiving an alert, the public is instructed to enter a protected space and remain there until further notice. Leaving a protected space is permitted only after receiving explicit instructions. The public is requested to continue acting in accordance with the Home Front Command’s guidelines.",https://t.me/idfofficial/16745
tg_16751_1,16751,2026-03-06T10:12:15+02:00,2026-03-06T10:12:15+02:00,detection_before_alert,iran,high,missile,True,"IDF: A short while ago, the IDF identified missiles launched from Iran toward the territory of the State of Israel. Defensive systems are operating to intercept the threat. In the past few minutes, the Home Front Command has sent a precautionary directive directly to mobile phones in the relevant areas. The public is asked to act responsibly and follow the instructions—they save lives. Upon receiving an alert, the public is instructed to enter a protected space and remain there until further notice. Leaving a protected space is permitted only after receiving explicit instructions. The public is requested to continue acting in accordance with the Home Front Command’s guidelines.",https://t.me/idfofficial/16751
tg_16757_1,16757,2026-03-06T13:26:12+02:00,2026-03-06T13:26:12+02:00,detection_before_alert,iran,high,missile,True,"IDF: A short while ago, the IDF identified missiles launched from Iran toward the territory of the State of Israel. Defensive systems are operating to intercept the threat. In the past few minutes, the Home Front Command has sent a precautionary directive directly to mobile phones in the relevant areas. The public is asked to act responsibly and follow the instructions—they save lives. Upon receiving an alert, the public is instructed to enter a protected space and remain there until further notice. Leaving a protected space is permitted only after receiving explicit instructions. The public is requested to continue acting in accordance with the Home Front Command’s guidelines.",https://t.me/idfofficial/16757
tg_16765_1,16765,2026-03-06T19:17:46+02:00,2026-03-06T19:17:46+02:00,detection_before_alert,iran,high,missile,True,"IDF: A short while ago, the IDF identified missiles launched from Iran toward the territory of the State of Israel. Defensive systems are operating to intercept the threat. In the past few minutes, the Home Front Command has sent a precautionary directive directly to mobile phones in the relevant areas. The public is asked to act responsibly and follow the instructions—they save lives. Upon receiving an alert, the public is instructed to enter a protected space and remain there until further notice. Leaving a protected space is permitted only after receiving explicit instructions. The public is requested to continue acting in accordance with the Home Front Command’s guidelines.",https://t.me/idfofficial/16765
tg_16769_1,16769,2026-03-06T20:40:59+02:00,2026-03-06T20:40:59+02:00,detection_before_alert,iran,high,missile,True,"IDF: A short while ago, the IDF identified missiles launched from Iran toward the territory of the State of Israel. Defensive systems are operating to intercept the threat. In the past few minutes, the Home Front Command has sent a precautionary directive directly to mobile phones in the relevant areas. The public is asked to act responsibly and follow the instructions—they save lives. Upon receiving an alert, the public is instructed to enter a protected space and remain there until further notice. Leaving a protected space is permitted only after receiving explicit instructions. The public is requested to continue acting in accordance with the Home Front Command’s guidelines.",https://t.me/idfofficial/16769
tg_16771_1,16771,2026-03-06T21:54:58+02:00,2026-03-06T21:54:58+02:00,detection_before_alert,iran,high,missile,True,"IDF: A short while ago, the IDF identified missiles launched from Iran toward the territory of the State of Israel. Defensive systems are operating to intercept the threat. In the past few minutes, the Home Front Command has sent a precautionary directive directly to mobile phones in the relevant areas. The public is asked to act responsibly and follow the instructions—they save lives. Upon receiving an alert, the public is instructed to enter a protected space and remain there until further notice. Leaving a protected space is permitted only after receiving explicit instructions. The public is requested to continue acting in accordance with the Home Front Command’s guidelines.",https://t.me/idfofficial/16771
tg_16773_1,16773,2026-03-07T00:23:20+02:00,2026-03-07T00:23:20+02:00,detection_before_alert,iran,high,missile,True,"IDF: A short while ago, the IDF identified missiles launched from Iran toward the territory of the State of Israel. Defensive systems are operating to intercept the threat. In the past few minutes, the Home Front Command has sent a precautionary directive directly to mobile phones in the relevant areas. The public is asked to act responsibly and follow the instructions—they save lives. Upon receiving an alert, the public is instructed to enter a protected space and remain there until further notice. Leaving a protected space is permitted only after receiving explicit instructions. The public is requested to continue acting in accordance with the Home Front Command’s guidelines.",https://t.me/idfofficial/16773
tg_16776_1,16776,2026-03-07T04:37:20+02:00,2026-03-07T04:37:20+02:00,detection_before_alert,iran,high,missile,True,"IDF: A short while ago, the IDF identified missiles launched from Iran toward the territory of the State of Israel. Defensive systems are operating to intercept the threat. In the past few minutes, the Home Front Command has sent a precautionary directive directly to mobile phones in the relevant areas. The public is asked to act responsibly and follow the instructions—they save lives. Upon receiving an alert, the public is instructed to enter a protected space and remain there until further notice. Leaving a protected space is permitted only after receiving explicit instructions. The public is requested to continue acting in accordance with the Home Front Command’s guidelines.",https://t.me/idfofficial/16776
tg_16778_1,16778,2026-03-07T04:57:33+02:00,2026-03-07T04:57:33+02:00,detection_before_alert,iran,high,missile,True,"IDF: A short while ago, the IDF identified missiles launched from Iran toward the territory of the State of Israel. Defensive systems are operating to intercept the threat. In the past few minutes, the Home Front Command has sent a precautionary directive directly to mobile phones in the relevant areas. The public is asked to act responsibly and follow the instructions—they save lives. Upon receiving an alert, the public is instructed to enter a protected space and remain there until further notice. Leaving a protected space is permitted only after receiving explicit instructions. The public is requested to continue acting in accordance with the Home Front Command’s guidelines.",https://t.me/idfofficial/16778
tg_16780_1,16780,2026-03-07T05:22:22+02:00,2026-03-07T05:22:22+02:00,detection_before_alert,iran,high,missile,True,"IDF: A short while ago, the IDF identified missiles launched from Iran toward the territory of the State of Israel. Defensive systems are operating to intercept the threat. In the past few minutes, the Home Front Command has sent a precautionary directive directly to mobile phones in the relevant areas. The public is asked to act responsibly and follow the instructions—they save lives. Upon receiving an alert, the public is instructed to enter a protected space and remain there until further notice. Leaving a protected space is permitted only after receiving explicit instructions. The public is requested to continue acting in accordance with the Home Front Command’s guidelines.",https://t.me/idfofficial/16780
tg_16782_1,16782,2026-03-07T06:20:56+02:00,2026-03-07T06:20:56+02:00,detection_before_alert,iran,high,missile,True,"IDF: A short while ago, the IDF identified missiles launched from Iran toward the territory of the State of Israel. Defensive systems are operating to intercept the threat. In the past few minutes, the Home Front Command has sent a precautionary directive directly to mobile phones in the relevant areas. The public is asked to act responsibly and follow the instructions—they save lives. Upon receiving an alert, the public is instructed to enter a protected space and remain there until further notice. Leaving a protected space is permitted only after receiving explicit instructions. The public is requested to continue acting in accordance with the Home Front Command’s guidelines.",https://t.me/idfofficial/16782
tg_16788_1,16788,2026-03-07T11:24:12+02:00,2026-03-07T11:24:12+02:00,detection_before_alert,iran,high,missile,True,"IDF: A short while ago, the IDF identified missiles launched from Iran toward the territory of the State of Israel. Defensive systems are operating to intercept the threat. In the past few minutes, the Home Front Command has sent a precautionary directive directly to mobile phones in the relevant areas. The public is asked to act responsibly and follow the instructions—they save lives. Upon receiving an alert, the public is instructed to enter a protected space and remain there until further notice. Leaving a protected space is permitted only after receiving explicit instructions. The public is requested to continue acting in accordance with the Home Front Command’s guidelines.",https://t.me/idfofficial/16788
tg_16792_1,16792,2026-03-07T14:50:44+02:00,2026-03-07T14:50:44+02:00,detection_before_alert,iran,high,missile,True,"IDF: A short while ago, the IDF identified missiles launched from Iran toward the territory of the State of Israel. Defensive systems are operating to intercept the threat. In the past few minutes, the Home Front Command has sent a precautionary directive directly to mobile phones in the relevant areas. The public is asked to act responsibly and follow the instructions—they save lives. Upon receiving an alert, the public is instructed to enter a protected space and remain there until further notice. Leaving a protected space is permitted only after receiving explicit instructions. The public is requested to continue acting in accordance with the Home Front Command’s guidelines.",https://t.me/idfofficial/16792
tg_16794_1,16794,2026-03-07T15:26:14+02:00,2026-03-07T15:26:14+02:00,detection_before_alert,iran,high,missile,True,"IDF: A short while ago, the IDF identified missiles launched from Iran toward the territory of the State of Israel. Defensive systems are operating to intercept the threat. In the past few minutes, the Home Front Command has sent a precautionary directive directly to mobile phones in the relevant areas. The public is asked to act responsibly and follow the instructions—they save lives. Upon receiving an alert, the public is instructed to enter a protected space and remain there until further notice. Leaving a protected space is permitted only after receiving explicit instructions. The public is requested to continue acting in accordance with the Home Front Command’s guidelines.",https://t.me/idfofficial/16794
tg_16801_1,16801,2026-03-07T19:32:44+02:00,2026-03-07T19:32:44+02:00,detection_before_alert,iran,high,missile,True,"IDF: A short while ago, the IDF identified missiles launched from Iran toward the territory of the State of Israel. Defensive systems are operating to intercept the threat. In the past few minutes, the Home Front Command has sent a precautionary directive directly to mobile phones in the relevant areas. The public is asked to act responsibly and follow the instructions—they save lives. Upon receiving an alert, the public is instructed to enter a protected space and remain there until further notice. Leaving a protected space is permitted only after receiving explicit instructions. The public is requested to continue acting in accordance with the Home Front Command’s guidelines.",https://t.me/idfofficial/16801
tg_16805_1,16805,2026-03-07T20:30:06+02:00,2026-03-07T20:30:06+02:00,detection_before_alert,iran,high,missile,True,"IDF: A short while ago, the IDF identified missiles launched from Iran toward the territory of the State of Israel. Defensive systems are operating to intercept the threat. In the past few minutes, the Home Front Command has sent a precautionary directive directly to mobile phones in the relevant areas. The public is asked to act responsibly and follow the instructions—they save lives. Upon receiving an alert, the public is instructed to enter a protected space and remain there until further notice. Leaving a protected space is permitted only after receiving explicit instructions. The public is requested to continue acting in accordance with the Home Front Command’s guidelines.",https://t.me/idfofficial/16805
tg_16808_1,16808,2026-03-07T21:46:52+02:00,2026-03-07T21:46:52+02:00,detection_before_alert,iran,high,missile,True,"IDF: A short while ago, the IDF identified missiles launched from Iran toward the territory of the State of Israel. Defensive systems are operating to intercept the threat. In the past few minutes, the Home Front Command has sent a precautionary directive directly to mobile phones in the relevant areas. The public is asked to act responsibly and follow the instructions—they save lives. Upon receiving an alert, the public is instructed to enter a protected space and remain there until further notice. Leaving a protected space is permitted only after receiving explicit instructions. The public is requested to continue acting in accordance with the Home Front Command’s guidelines.",https://t.me/idfofficial/16808
tg_16810_1,16810,2026-03-07T22:54:26+02:00,2026-03-07T22:54:26+02:00,detection_before_alert,iran,high,missile,True,"IDF: A short while ago, the IDF identified missiles launched from Iran toward the territory of the State of Israel. Defensive systems are operating to intercept the threat. In the past few minutes, the Home Front Command has sent a precautionary directive directly to mobile phones in the relevant areas. The public is asked to act responsibly and follow the instructions—they save lives. Upon receiving an alert, the public is instructed to enter a protected space and remain there until further notice. Leaving a protected space is permitted only after receiving explicit instructions. The public is requested to continue acting in accordance with the Home Front Command’s guidelines.",https://t.me/idfofficial/16810
tg_16815_1,16815,2026-03-08T02:19:17+02:00,2026-03-08T02:19:17+02:00,detection_before_alert,iran,high,missile,True,"IDF: A short while ago, the IDF identified missiles launched from Iran toward the territory of the State of Israel. Defensive systems are operating to intercept the threat. In the past few minutes, the Home Front Command has sent a precautionary directive directly to mobile phones in the relevant areas. The public is asked to act responsibly and follow the instructions—they save lives. Upon receiving an alert, the public is instructed to enter a protected space and remain there until further notice. Leaving a protected space is permitted only after receiving explicit instructions. The public is requested to continue acting in accordance with the Home Front Command’s guidelines.",https://t.me/idfofficial/16815
tg_16818_1,16818,2026-03-08T05:40:49+02:00,2026-03-08T05:40:49+02:00,detection_before_alert,iran,high,missile,True,"IDF: A short while ago, the IDF identified missiles launched from Iran toward the territory of the State of Israel. Defensive systems are operating to intercept the threat. In the past few minutes, the Home Front Command has sent a precautionary directive directly to mobile phones in the relevant areas. The public is asked to act responsibly and follow the instructions—they save lives. Upon receiving an alert, the public is instructed to enter a protected space and remain there until further notice. Leaving a protected space is permitted only after receiving explicit instructions. The public is requested to continue acting in accordance with the Home Front Command’s guidelines.",https://t.me/idfofficial/16818
tg_16820_1,16820,2026-03-08T06:16:07+02:00,2026-03-08T06:16:07+02:00,detection_before_alert,iran,high,missile,True,"IDF: A short while ago, the IDF identified missiles launched from Iran toward the territory of the State of Israel. Defensive systems are operating to intercept the threat. In the past few minutes, the Home Front Command has sent a precautionary directive directly to mobile phones in the relevant areas. The public is asked to act responsibly and follow the instructions—they save lives. Upon receiving an alert, the public is instructed to enter a protected space and remain there until further notice. Leaving a protected space is permitted only after receiving explicit instructions. The public is requested to continue acting in accordance with the Home Front Command’s guidelines.",https://t.me/idfofficial/16820
tg_16823_1,16823,2026-03-08T07:24:37+02:00,2026-03-08T07:24:37+02:00,detection_before_alert,iran,high,missile,True,"IDF: A short while ago, the IDF identified missiles launched from Iran toward the territory of the State of Israel. Defensive systems are operating to intercept the threat. In the past few minutes, the Home Front Command has sent a precautionary directive directly to mobile phones in the relevant areas. The public is asked to act responsibly and follow the instructions—they save lives. Upon receiving an alert, the public is instructed to enter a protected space and remain there until further notice. Leaving a protected space is permitted only after receiving explicit instructions. The public is requested to continue acting in accordance with the Home Front Command’s guidelines.",https://t.me/idfofficial/16823
tg_16828_1,16828,2026-03-08T13:43:58+02:00,2026-03-08T13:43:58+02:00,detection_before_alert,iran,high,missile,True,"IDF: A short while ago, the IDF identified missiles launched from Iran toward the territory of the State of Israel. Defensive systems are operating to intercept the threat. In the past few minutes, the Home Front Command has sent a precautionary directive directly to mobile phones in the relevant areas. The public is asked to act responsibly and follow the instructions—they save lives. Upon receiving an alert, the public is instructed to enter a protected space and remain there until further notice. Leaving a protected space is permitted only after receiving explicit instructions. The public is requested to continue acting in accordance with the Home Front Command’s guidelines.",https://t.me/idfofficial/16828
tg_16831_1,16831,2026-03-08T14:21:59+02:00,2026-03-08T14:21:59+02:00,detection_before_alert,iran,high,missile,True,"IDF: A short while ago, the IDF identified missiles launched from Iran toward the territory of the State of Israel. Defensive systems are operating to intercept the threat. In the past few minutes, the Home Front Command has sent a precautionary directive directly to mobile phones in the relevant areas. The public is asked to act responsibly and follow the instructions—they save lives. Upon receiving an alert, the public is instructed to enter a protected space and remain there until further notice. Leaving a protected space is permitted only after receiving explicit instructions. The public is requested to continue acting in accordance with the Home Front Command’s guidelines.",https://t.me/idfofficial/16831
tg_16839_1,16839,2026-03-08T16:40:27+02:00,2026-03-08T16:40:27+02:00,detection_before_alert,iran,high,missile,True,"IDF: A short while ago, the IDF identified missiles launched from Iran toward the territory of the State of Israel. Defensive systems are operating to intercept the threat. In the past few minutes, the Home Front Command has sent a precautionary directive directly to mobile phones in the relevant areas. The public is asked to act responsibly and follow the instructions—they save lives. Upon receiving an alert, the public is instructed to enter a protected space and remain there until further notice. Leaving a protected space is permitted only after receiving explicit instructions. The public is requested to continue acting in accordance with the Home Front Command’s guidelines.",https://t.me/idfofficial/16839
tg_16843_1,16843,2026-03-08T18:28:49+02:00,2026-03-08T18:28:49+02:00,detection_before_alert,iran,high,missile,True,"IDF: A short while ago, the IDF identified missiles launched from Iran toward the territory of the State of Israel. Defensive systems are operating to intercept the threat. In the past few minutes, the Home Front Command has sent a precautionary directive directly to mobile phones in the relevant areas. The public is asked to act responsibly and follow the instructions—they save lives. Upon receiving an alert, the public is instructed to enter a protected space and remain there until further notice. Leaving a protected space is permitted only after receiving explicit instructions. The public is requested to continue acting in accordance with the Home Front Command’s guidelines.",https://t.me/idfofficial/16843
tg_16850_1,16850,2026-03-09T01:10:48+02:00,2026-03-09T01:10:48+02:00,detection_before_alert,iran,high,missile,True,"IDF: A short while ago, the IDF identified missiles launched from Iran toward the territory of the State of Israel. Defensive systems are operating to intercept the threat. In the past few minutes, the Home Front Command has sent a precautionary directive directly to mobile phones in the relevant areas. The public is asked to act responsibly and follow the instructions—they save lives. Upon receiving an alert, the public is instructed to enter a protected space and remain there until further notice. Leaving a protected space is permitted only after receiving explicit instructions. The public is requested to continue acting in accordance with the Home Front Command’s guidelines.",https://t.me/idfofficial/16850
tg_16852_1,16852,2026-03-09T01:29:28+02:00,2026-03-09T01:29:28+02:00,detection_before_alert,iran,high,missile,True,"IDF: A short while ago, the IDF identified missiles launched from Iran toward the territory of the State of Israel. Defensive systems are operating to intercept the threat. In the past few minutes, the Home Front Command has sent a precautionary directive directly to mobile phones in the relevant areas. The public is asked to act responsibly and follow the instructions—they save lives. Upon receiving an alert, the public is instructed to enter a protected space and remain there until further notice. Leaving a protected space is permitted only after receiving explicit instructions. The public is requested to continue acting in accordance with the Home Front Command’s guidelines.",https://t.me/idfofficial/16852
tg_16854_1,16854,2026-03-09T03:58:14+02:00,2026-03-09T03:58:14+02:00,detection_before_alert,iran,high,missile,True,"IDF: A short while ago, the IDF identified missiles launched from Iran toward the territory of the State of Israel. Defensive systems are operating to intercept the threat. In the past few minutes, the Home Front Command has sent a precautionary directive directly to mobile phones in the relevant areas. The public is asked to act responsibly and follow the instructions—they save lives. Upon receiving an alert, the public is instructed to enter a protected space and remain there until further notice. Leaving a protected space is permitted only after receiving explicit instructions. The public is requested to continue acting in accordance with the Home Front Command’s guidelines.",https://t.me/idfofficial/16854
tg_16859_1,16859,2026-03-09T08:08:22+02:00,2026-03-09T08:08:22+02:00,detection_before_alert,iran,high,missile,True,"IDF: A short while ago, the IDF identified missiles launched from Iran toward the territory of the State of Israel. Defensive systems are operating to intercept the threat. In the past few minutes, the Home Front Command has sent a precautionary directive directly to mobile phones in the relevant areas. The public is asked to act responsibly and follow the instructions—they save lives. Upon receiving an alert, the public is instructed to enter a protected space and remain there until further notice. Leaving a protected space is permitted only after receiving explicit instructions. The public is requested to continue acting in accordance with the Home Front Command’s guidelines.",https://t.me/idfofficial/16859
tg_16862_1,16862,2026-03-09T10:13:10+02:00,2026-03-09T10:13:10+02:00,detection_before_alert,iran,high,missile,True,"IDF: A short while ago, the IDF identified missiles launched from Iran toward the territory of the State of Israel. Defensive systems are operating to intercept the threat. In the past few minutes, the Home Front Command has sent a precautionary directive directly to mobile phones in the relevant areas. The public is asked to act responsibly and follow the instructions—they save lives. Upon receiving an alert, the public is instructed to enter a protected space and remain there until further notice. Leaving a protected space is permitted only after receiving explicit instructions. The public is requested to continue acting in accordance with the Home Front Command’s guidelines.",https://t.me/idfofficial/16862
tg_16864_1,16864,2026-03-09T10:36:07+02:00,2026-03-09T10:36:07+02:00,detection_before_alert,iran,high,missile,True,"IDF: A short while ago, the IDF identified missiles launched from Iran toward the territory of the State of Israel. Defensive systems are operating to intercept the threat. In the past few minutes, the Home Front Command has sent a precautionary directive directly to mobile phones in the relevant areas. The public is asked to act responsibly and follow the instructions—they save lives. Upon receiving an alert, the public is instructed to enter a protected space and remain there until further notice. Leaving a protected space is permitted only after receiving explicit instructions. The public is requested to continue acting in accordance with the Home Front Command’s guidelines.",https://t.me/idfofficial/16864
tg_16867_1,16867,2026-03-09T11:08:58+02:00,2026-03-09T11:08:58+02:00,detection_before_alert,iran,high,missile,True,"IDF: A short while ago, the IDF identified missiles launched from Iran toward the territory of the State of Israel. Defensive systems are operating to intercept the threat. In the past few minutes, the Home Front Command has sent a precautionary directive directly to mobile phones in the relevant areas. The public is asked to act responsibly and follow the instructions—they save lives. Upon receiving an alert, the public is instructed to enter a protected space and remain there until further notice. Leaving a protected space is permitted only after receiving explicit instructions. The public is requested to continue acting in accordance with the Home Front Command’s guidelines.",https://t.me/idfofficial/16867
tg_16875_1,16875,2026-03-09T16:31:49+02:00,2026-03-09T16:31:49+02:00,detection_before_alert,iran,high,missile,True,"IDF: A short while ago, the IDF identified missiles launched from Iran toward the territory of the State of Israel. Defensive systems are operating to intercept the threat. In the past few minutes, the Home Front Command has sent a precautionary directive directly to mobile phones in the relevant areas. The public is asked to act responsibly and follow the instructions—they save lives. Upon receiving an alert, the public is instructed to enter a protected space and remain there until further notice. Leaving a protected space is permitted only after receiving explicit instructions. The public is requested to continue acting in accordance with the Home Front Command’s guidelines.",https://t.me/idfofficial/16875
tg_16877_1,16877,2026-03-09T17:30:43+02:00,2026-03-09T17:30:43+02:00,confirmation_after_alert,lebanon,high,projectile,True,"IDF: Following the sirens that sounded in several areas in Israel, several projectiles that crossed from Lebanon into Israeli territory were identified. The Israeli Air Force intercepted several launches and several additional launches fell in an open area. Additionally, a report was received regarding an impact in central Israel. Search and Rescue forces are operating in the locations where reports of fallen projectiles were received. The circumstances of the incident are under review. The public is requested to continue to follow the Home Front Command instructions.",https://t.me/idfofficial/16877
tg_16878_1,16878,2026-03-09T17:47:21+02:00,2026-03-09T17:47:21+02:00,detection_before_alert,iran,high,missile,True,"IDF: A short while ago, the IDF identified missiles launched from Iran toward the territory of the State of Israel. Defensive systems are operating to intercept the threat. In the past few minutes, the Home Front Command has sent a precautionary directive directly to mobile phones in the relevant areas. The public is asked to act responsibly and follow the instructions—they save lives. Upon receiving an alert, the public is instructed to enter a protected space and remain there until further notice. Leaving a protected space is permitted only after receiving explicit instructions. The public is requested to continue acting in accordance with the Home Front Command’s guidelines.",https://t.me/idfofficial/16878
tg_16880_1,16880,2026-03-09T18:24:18+02:00,2026-03-09T18:24:18+02:00,launch_report,iran,high,mixed,True,"IDF: The IDF Deepens strikes on Iranian terror regime’s launch capabilities: IRGC UAV headquarters targeted The IDF continues to deepen damage done to the Iranian terror regime's military systems and capabilities. The Israeli Air Force, acting on IDF intelligence, completed an additional wave of strikes on dozens of infrastructure sites belonging to the Iranian regime across several areas in Iran. As part of the strikes, the IDF targeted an IRGC UAV headquarters. From there, the Iranian terror regime launched UAVs toward the State of Israel and stored within it additional UAVs that were prepared for launch. The combined effort to further degrade the regime's firing capabilities and defense capabilities continues at these moment, alongside the continued expansion of strikes on the ballistic-missile production infrastructure throughout Iran. The completed strikes are part of the phase aimed at deepening the damage to the core military arrays and systems of the Iranian terror regime. Attached is a related graphic of the UAV headquarters: https://IDFANC.activetrail.biz/ANC0903202668498435792879359472",https://t.me/idfofficial/16880
tg_16884_1,16884,2026-03-09T20:53:08+02:00,2026-03-09T20:53:08+02:00,detection_before_alert,iran,high,missile,True,"IDF: A short while ago, the IDF identified missiles launched from Iran toward the territory of the State of Israel. Defensive systems are operating to intercept the threat. In the past few minutes, the Home Front Command has sent a precautionary directive directly to mobile phones in the relevant areas. The public is asked to act responsibly and follow the instructions—they save lives. Upon receiving an alert, the public is instructed to enter a protected space and remain there until further notice. Leaving a protected space is permitted only after receiving explicit instructions. The public is requested to continue acting in accordance with the Home Front Command’s guidelines.",https://t.me/idfofficial/16884
tg_16887_1,16887,2026-03-09T21:36:10+02:00,2026-03-09T21:36:10+02:00,detection_before_alert,iran,high,missile,True,"IDF: A short while ago, the IDF identified missiles launched from Iran toward the territory of the State of Israel. Defensive systems are operating to intercept the threat. In the past few minutes, the Home Front Command has sent a precautionary directive directly to mobile phones in the relevant areas. The public is asked to act responsibly and follow the instructions—they save lives. Upon receiving an alert, the public is instructed to enter a protected space and remain there until further notice. Leaving a protected space is permitted only after receiving explicit instructions. The public is requested to continue acting in accordance with the Home Front Command’s guidelines.",https://t.me/idfofficial/16887
tg_16891_1,16891,2026-03-09T23:54:33+02:00,2026-03-09T23:54:33+02:00,detection_before_alert,iran,high,missile,True,"IDF: A short while ago, the IDF identified missiles launched from Iran toward the territory of the State of Israel. Defensive systems are operating to intercept the threat. In the past few minutes, the Home Front Command has sent a precautionary directive directly to mobile phones in the relevant areas. The public is asked to act responsibly and follow the instructions—they save lives. Upon receiving an alert, the public is instructed to enter a protected space and remain there until further notice. Leaving a protected space is permitted only after receiving explicit instructions. The public is requested to continue acting in accordance with the Home Front Command’s guidelines.",https://t.me/idfofficial/16891
tg_16894_1,16894,2026-03-10T09:54:38+02:00,2026-03-10T09:54:38+02:00,detection_before_alert,iran,high,missile,True,"IDF: A short while ago, the IDF identified missiles launched from Iran toward the territory of the State of Israel. Defensive systems are operating to intercept the threat. In the past few minutes, the Home Front Command has sent a precautionary directive directly to mobile phones in the relevant areas. The public is asked to act responsibly and follow the instructions—they save lives. Upon receiving an alert, the public is instructed to enter a protected space and remain there until further notice. Leaving a protected space is permitted only after receiving explicit instructions. The public is requested to continue acting in accordance with the Home Front Command’s guidelines.",https://t.me/idfofficial/16894
tg_16901_1,16901,2026-03-10T13:23:21+02:00,2026-03-10T13:23:21+02:00,detection_before_alert,iran,high,missile,True,"IDF: A short while ago, the IDF identified missiles launched from Iran toward the territory of the State of Israel. Defensive systems are operating to intercept the threat. In the past few minutes, the Home Front Command has sent a precautionary directive directly to mobile phones in the relevant areas. The public is asked to act responsibly and follow the instructions—they save lives. Upon receiving an alert, the public is instructed to enter a protected space and remain there until further notice. Leaving a protected space is permitted only after receiving explicit instructions. The public is requested to continue acting in accordance with the Home Front Command’s guidelines.",https://t.me/idfofficial/16901
tg_16904_1,16904,2026-03-10T14:22:01+02:00,2026-03-10T14:22:01+02:00,detection_before_alert,iran,high,missile,True,"IDF: A short while ago, the IDF identified missiles launched from Iran toward the territory of the State of Israel. Defensive systems are operating to intercept the threat. In the past few minutes, the Home Front Command has sent a precautionary directive directly to mobile phones in the relevant areas. The public is asked to act responsibly and follow the instructions—they save lives. Upon receiving an alert, the public is instructed to enter a protected space and remain there until further notice. Leaving a protected space is permitted only after receiving explicit instructions. The public is requested to continue acting in accordance with the Home Front Command’s guidelines.",https://t.me/idfofficial/16904
tg_16910_1,16910,2026-03-10T17:08:53+02:00,2026-03-10T17:08:53+02:00,detection_before_alert,iran,high,missile,True,"IDF: A short while ago, the IDF identified missiles launched from Iran toward the territory of the State of Israel. Defensive systems are operating to intercept the threat. In the past few minutes, the Home Front Command has sent a precautionary directive directly to mobile phones in the relevant areas. The public is asked to act responsibly and follow the instructions—they save lives. Upon receiving an alert, the public is instructed to enter a protected space and remain there until further notice. Leaving a protected space is permitted only after receiving explicit instructions. The public is requested to continue acting in accordance with the Home Front Command’s guidelines.",https://t.me/idfofficial/16910
tg_16913_1,16913,2026-03-10T19:44:20+02:00,2026-03-10T19:44:20+02:00,detection_before_alert,iran,high,missile,True,"IDF: A short while ago, the IDF identified missiles launched from Iran toward the territory of the State of Israel. Defensive systems are operating to intercept the threat. In the past few minutes, the Home Front Command has sent a precautionary directive directly to mobile phones in the relevant areas. The public is asked to act responsibly and follow the instructions—they save lives. Upon receiving an alert, the public is instructed to enter a protected space and remain there until further notice. Leaving a protected space is permitted only after receiving explicit instructions. The public is requested to continue acting in accordance with the Home Front Command’s guidelines.",https://t.me/idfofficial/16913
tg_16920_1,16920,2026-03-10T23:33:07+02:00,2026-03-10T23:33:07+02:00,detection_before_alert,iran,high,missile,True,"IDF: A short while ago, the IDF identified missiles launched from Iran toward the territory of the State of Israel. Defensive systems are operating to intercept the threat. In the past few minutes, the Home Front Command has sent a precautionary directive directly to mobile phones in the relevant areas. The public is asked to act responsibly and follow the instructions—they save lives. Upon receiving an alert, the public is instructed to enter a protected space and remain there until further notice. Leaving a protected space is permitted only after receiving explicit instructions. The public is requested to continue acting in accordance with the Home Front Command’s guidelines.",https://t.me/idfofficial/16920
tg_16923_1,16923,2026-03-11T00:50:24+02:00,2026-03-11T00:50:24+02:00,detection_before_alert,iran,high,missile,True,"IDF: A short while ago, the IDF identified missiles launched from Iran toward the territory of the State of Israel. Defensive systems are operating to intercept the threat. In the past few minutes, the Home Front Command has sent a precautionary directive directly to mobile phones in the relevant areas. The public is asked to act responsibly and follow the instructions—they save lives. Upon receiving an alert, the public is instructed to enter a protected space and remain there until further notice. Leaving a protected space is permitted only after receiving explicit instructions. The public is requested to continue acting in accordance with the Home Front Command’s guidelines.",https://t.me/idfofficial/16923
tg_16925_1,16925,2026-03-11T03:41:59+02:00,2026-03-11T03:41:59+02:00,detection_before_alert,iran,high,missile,True,"IDF: A short while ago, the IDF identified missiles launched from Iran toward the territory of the State of Israel. Defensive systems are operating to intercept the threat. In the past few minutes, the Home Front Command has sent a precautionary directive directly to mobile phones in the relevant areas. The public is asked to act responsibly and follow the instructions—they save lives. Upon receiving an alert, the public is instructed to enter a protected space and remain there until further notice. Leaving a protected space is permitted only after receiving explicit instructions. The public is requested to continue acting in accordance with the Home Front Command’s guidelines.",https://t.me/idfofficial/16925
tg_16927_1,16927,2026-03-11T04:32:58+02:00,2026-03-11T04:32:58+02:00,detection_before_alert,iran,high,missile,True,"IDF: A short while ago, the IDF identified missiles launched from Iran toward the territory of the State of Israel. Defensive systems are operating to intercept the threat. In the past few minutes, the Home Front Command has sent a precautionary directive directly to mobile phones in the relevant areas. The public is asked to act responsibly and follow the instructions—they save lives. Upon receiving an alert, the public is instructed to enter a protected space and remain there until further notice. Leaving a protected space is permitted only after receiving explicit instructions. The public is requested to continue acting in accordance with the Home Front Command’s guidelines.",https://t.me/idfofficial/16927
tg_16933_1,16933,2026-03-11T13:42:52+02:00,2026-03-11T13:42:52+02:00,detection_before_alert,iran,high,missile,True,"IDF: A short while ago, the IDF identified missiles launched from Iran toward the territory of the State of Israel. Defensive systems are operating to intercept the threat. In the past few minutes, the Home Front Command has sent a precautionary directive directly to mobile phones in the relevant areas. The public is asked to act responsibly and follow the instructions—they save lives. Upon receiving an alert, the public is instructed to enter a protected space and remain there until further notice. Leaving a protected space is permitted only after receiving explicit instructions. The public is requested to continue acting in accordance with the Home Front Command’s guidelines.",https://t.me/idfofficial/16933
tg_16941_1,16941,2026-03-11T19:40:16+02:00,2026-03-11T19:40:16+02:00,detection_before_alert,iran,high,missile,True,"IDF: A short while ago, the IDF identified missiles launched from Iran toward the territory of the State of Israel. Defensive systems are operating to intercept the threat. In the past few minutes, the Home Front Command has sent a precautionary directive directly to mobile phones in the relevant areas. The public is asked to act responsibly and follow the instructions—they save lives. Upon receiving an alert, the public is instructed to enter a protected space and remain there until further notice. Leaving a protected space is permitted only after receiving explicit instructions. The public is requested to continue acting in accordance with the Home Front Command’s guidelines.",https://t.me/idfofficial/16941
tg_16945_1,16945,2026-03-12T00:31:16+02:00,2026-03-12T00:31:16+02:00,detection_before_alert,iran,high,missile,True,"IDF: A short while ago, the IDF identified missiles launched from Iran toward the territory of the State of Israel. Defensive systems are operating to intercept the threat. In the past few minutes, the Home Front Command has sent a precautionary directive directly to mobile phones in the relevant areas. The public is asked to act responsibly and follow the instructions—they save lives. Upon receiving an alert, the public is instructed to enter a protected space and remain there until further notice. Leaving a protected space is permitted only after receiving explicit instructions. The public is requested to continue acting in accordance with the Home Front Command’s guidelines.",https://t.me/idfofficial/16945
tg_16949_1,16949,2026-03-12T04:00:17+02:00,2026-03-12T04:00:17+02:00,detection_before_alert,iran,high,missile,True,"IDF: A short while ago, the IDF identified missiles launched from Iran toward the territory of the State of Israel. Defensive systems are operating to intercept the threat. In the past few minutes, the Home Front Command has sent a precautionary directive directly to mobile phones in the relevant areas. The public is asked to act responsibly and follow the instructions—they save lives. Upon receiving an alert, the public is instructed to enter a protected space and remain there until further notice. Leaving a protected space is permitted only after receiving explicit instructions. The public is requested to continue acting in accordance with the Home Front Command’s guidelines.",https://t.me/idfofficial/16949
tg_16951_1,16951,2026-03-12T06:29:43+02:00,2026-03-12T06:29:43+02:00,detection_before_alert,iran,high,missile,True,"IDF: A short while ago, the IDF identified missiles launched from Iran toward the territory of the State of Israel. Defensive systems are operating to intercept the threat. In the past few minutes, the Home Front Command has sent a precautionary directive directly to mobile phones in the relevant areas. The public is asked to act responsibly and follow the instructions—they save lives. Upon receiving an alert, the public is instructed to enter a protected space and remain there until further notice. Leaving a protected space is permitted only after receiving explicit instructions. The public is requested to continue acting in accordance with the Home Front Command’s guidelines.",https://t.me/idfofficial/16951
tg_16954_1,16954,2026-03-12T09:23:06+02:00,2026-03-12T09:23:06+02:00,detection_before_alert,iran,high,missile,True,"IDF: A short while ago, the IDF identified missiles launched from Iran toward the territory of the State of Israel. Defensive systems are operating to intercept the threat. In the past few minutes, the Home Front Command has sent a precautionary directive directly to mobile phones in the relevant areas. The public is asked to act responsibly and follow the instructions—they save lives. Upon receiving an alert, the public is instructed to enter a protected space and remain there until further notice. Leaving a protected space is permitted only after receiving explicit instructions. The public is requested to continue acting in accordance with the Home Front Command’s guidelines.",https://t.me/idfofficial/16954
tg_16962_1,16962,2026-03-12T14:58:12+02:00,2026-03-12T14:58:12+02:00,detection_before_alert,iran,high,missile,True,"IDF: A short while ago, the IDF identified missiles launched from Iran toward the territory of the State of Israel. Defensive systems are operating to intercept the threat. In the past few minutes, the Home Front Command has sent a precautionary directive directly to mobile phones in the relevant areas. The public is asked to act responsibly and follow the instructions—they save lives. Upon receiving an alert, the public is instructed to enter a protected space and remain there until further notice. Leaving a protected space is permitted only after receiving explicit instructions. The public is requested to continue acting in accordance with the Home Front Command’s guidelines.",https://t.me/idfofficial/16962
tg_16975_1,16975,2026-03-12T21:39:19+02:00,2026-03-12T21:39:19+02:00,detection_before_alert,iran,high,missile,True,"IDF: A short while ago, the IDF identified missiles launched from Iran toward the territory of the State of Israel. Defensive systems are operating to intercept the threat. In the past few minutes, the Home Front Command has sent a precautionary directive directly to mobile phones in the relevant areas. The public is asked to act responsibly and follow the instructions—they save lives. Upon receiving an alert, the public is instructed to enter a protected space and remain there until further notice. Leaving a protected space is permitted only after receiving explicit instructions. The public is requested to continue acting in accordance with the Home Front Command’s guidelines.",https://t.me/idfofficial/16975
tg_16978_1,16978,2026-03-13T01:47:11+02:00,2026-03-13T01:47:11+02:00,detection_before_alert,iran,high,missile,True,"IDF: A short while ago, the IDF identified missiles launched from Iran toward the territory of the State of Israel. Defensive systems are operating to intercept the threat. In the past few minutes, the Home Front Command has sent a precautionary directive directly to mobile phones in the relevant areas. The public is asked to act responsibly and follow the instructions—they save lives. Upon receiving an alert, the public is instructed to enter a protected space and remain there until further notice. Leaving a protected space is permitted only after receiving explicit instructions. The public is requested to continue acting in accordance with the Home Front Command’s guidelines.",https://t.me/idfofficial/16978
tg_16980_1,16980,2026-03-13T02:17:52+02:00,2026-03-13T02:17:52+02:00,detection_before_alert,iran,high,missile,True,"IDF: A short while ago, the IDF identified missiles launched from Iran toward the territory of the State of Israel. Defensive systems are operating to intercept the threat. In the past few minutes, the Home Front Command has sent a precautionary directive directly to mobile phones in the relevant areas. The public is asked to act responsibly and follow the instructions—they save lives. Upon receiving an alert, the public is instructed to enter a protected space and remain there until further notice. Leaving a protected space is permitted only after receiving explicit instructions. The public is requested to continue acting in accordance with the Home Front Command’s guidelines.",https://t.me/idfofficial/16980
tg_16985_1,16985,2026-03-13T08:00:05+02:00,2026-03-13T08:00:05+02:00,detection_before_alert,iran,high,missile,True,"IDF: A short while ago, the IDF identified missiles launched from Iran toward the territory of the State of Israel. Defensive systems are operating to intercept the threat. In the past few minutes, the Home Front Command has sent a precautionary directive directly to mobile phones in the relevant areas. The public is asked to act responsibly and follow the instructions—they save lives. Upon receiving an alert, the public is instructed to enter a protected space and remain there until further notice. Leaving a protected space is permitted only after receiving explicit instructions. The public is requested to continue acting in accordance with the Home Front Command’s guidelines.",https://t.me/idfofficial/16985
tg_16992_1,16992,2026-03-13T13:27:40+02:00,2026-03-13T13:27:40+02:00,detection_before_alert,iran,high,missile,True,"IDF: A short while ago, the IDF identified missiles launched from Iran toward the territory of the State of Israel. Defensive systems are operating to intercept the threat. In the past few minutes, the Home Front Command has sent a precautionary directive directly to mobile phones in the relevant areas. The public is asked to act responsibly and follow the instructions—they save lives. Upon receiving an alert, the public is instructed to enter a protected space and remain there until further notice. Leaving a protected space is permitted only after receiving explicit instructions. The public is requested to continue acting in accordance with the Home Front Command’s guidelines.",https://t.me/idfofficial/16992
tg_16995_1,16995,2026-03-13T16:59:57+02:00,2026-03-13T16:59:57+02:00,detection_before_alert,iran,high,missile,True,"IDF: A short while ago, the IDF identified missiles launched from Iran toward the territory of the State of Israel. Defensive systems are operating to intercept the threat. In the past few minutes, the Home Front Command has sent a precautionary directive directly to mobile phones in the relevant areas. The public is asked to act responsibly and follow the instructions—they save lives. Upon receiving an alert, the public is instructed to enter a protected space and remain there until further notice. Leaving a protected space is permitted only after receiving explicit instructions. The public is requested to continue acting in accordance with the Home Front Command’s guidelines.",https://t.me/idfofficial/16995
tg_17004_1,17004,2026-03-13T19:26:53+02:00,2026-03-13T19:26:53+02:00,detection_before_alert,iran,high,missile,True,"IDF: A short while ago, the IDF identified missiles launched from Iran toward the territory of the State of Israel. Defensive systems are operating to intercept the threat. In the past few minutes, the Home Front Command has sent a precautionary directive directly to mobile phones in the relevant areas. The public is asked to act responsibly and follow the instructions—they save lives. Upon receiving an alert, the public is instructed to enter a protected space and remain there until further notice. Leaving a protected space is permitted only after receiving explicit instructions. The public is requested to continue acting in accordance with the Home Front Command’s guidelines.",https://t.me/idfofficial/17004
tg_17011_1,17011,2026-03-13T23:10:38+02:00,2026-03-13T23:10:38+02:00,detection_before_alert,iran,high,missile,True,"IDF: A short while ago, the IDF identified missiles launched from Iran toward the territory of the State of Israel. Defensive systems are operating to intercept the threat. In the past few minutes, the Home Front Command has sent a precautionary directive directly to mobile phones in the relevant areas. The public is asked to act responsibly and follow the instructions—they save lives. Upon receiving an alert, the public is instructed to enter a protected space and remain there until further notice. Leaving a protected space is permitted only after receiving explicit instructions. The public is requested to continue acting in accordance with the Home Front Command’s guidelines.",https://t.me/idfofficial/17011
tg_17013_1,17013,2026-03-14T02:22:40+02:00,2026-03-14T02:22:40+02:00,detection_before_alert,iran,high,missile,True,"IDF: A short while ago, the IDF identified missiles launched from Iran toward the territory of the State of Israel. Defensive systems are operating to intercept the threat. In the past few minutes, the Home Front Command has sent a precautionary directive directly to mobile phones in the relevant areas. The public is asked to act responsibly and follow the instructions—they save lives. Upon receiving an alert, the public is instructed to enter a protected space and remain there until further notice. Leaving a protected space is permitted only after receiving explicit instructions. The public is requested to continue acting in accordance with the Home Front Command’s guidelines.",https://t.me/idfofficial/17013
tg_17018_1,17018,2026-03-14T12:41:18+02:00,2026-03-14T12:41:18+02:00,detection_before_alert,iran,high,missile,True,"IDF: A short while ago, the IDF identified missiles launched from Iran toward the territory of the State of Israel. Defensive systems are operating to intercept the threat. In the past few minutes, the Home Front Command has sent a precautionary directive directly to mobile phones in the relevant areas. The public is asked to act responsibly and follow the instructions—they save lives. Upon receiving an alert, the public is instructed to enter a protected space and remain there until further notice. Leaving a protected space is permitted only after receiving explicit instructions. The public is requested to continue acting in accordance with the Home Front Command’s guidelines.",https://t.me/idfofficial/17018
tg_17021_1,17021,2026-03-14T14:39:55+02:00,2026-03-14T14:39:55+02:00,detection_before_alert,iran,high,missile,True,"IDF: A short while ago, the IDF identified missiles launched from Iran toward the territory of the State of Israel. Defensive systems are operating to intercept the threat. In the past few minutes, the Home Front Command has sent a precautionary directive directly to mobile phones in the relevant areas. The public is asked to act responsibly and follow the instructions—they save lives. Upon receiving an alert, the public is instructed to enter a protected space and remain there until further notice. Leaving a protected space is permitted only after receiving explicit instructions. The public is requested to continue acting in accordance with the Home Front Command’s guidelines.",https://t.me/idfofficial/17021
tg_17023_1,17023,2026-03-14T15:00:48+02:00,2026-03-14T15:00:48+02:00,detection_before_alert,iran,high,missile,True,"IDF: A short while ago, the IDF identified missiles launched from Iran toward the territory of the State of Israel. Defensive systems are operating to intercept the threat. In the past few minutes, the Home Front Command has sent a precautionary directive directly to mobile phones in the relevant areas. The public is asked to act responsibly and follow the instructions—they save lives. Upon receiving an alert, the public is instructed to enter a protected space and remain there until further notice. Leaving a protected space is permitted only after receiving explicit instructions. The public is requested to continue acting in accordance with the Home Front Command’s guidelines.",https://t.me/idfofficial/17023
tg_17027_1,17027,2026-03-14T16:26:06+02:00,2026-03-14T16:26:06+02:00,detection_before_alert,iran,high,missile,True,"IDF: A short while ago, the IDF identified missiles launched from Iran toward the territory of the State of Israel. Defensive systems are operating to intercept the threat. In the past few minutes, the Home Front Command has sent a precautionary directive directly to mobile phones in the relevant areas. The public is asked to act responsibly and follow the instructions—they save lives. Upon receiving an alert, the public is instructed to enter a protected space and remain there until further notice. Leaving a protected space is permitted only after receiving explicit instructions. The public is requested to continue acting in accordance with the Home Front Command’s guidelines.",https://t.me/idfofficial/17027
tg_17034_1,17034,2026-03-14T19:08:36+02:00,2026-03-14T19:08:36+02:00,detection_before_alert,iran,high,missile,True,"IDF: A short while ago, the IDF identified missiles launched from Iran toward the territory of the State of Israel. Defensive systems are operating to intercept the threat. In the past few minutes, the Home Front Command has sent a precautionary directive directly to mobile phones in the relevant areas. The public is asked to act responsibly and follow the instructions—they save lives. Upon receiving an alert, the public is instructed to enter a protected space and remain there until further notice. Leaving a protected space is permitted only after receiving explicit instructions. The public is requested to continue acting in accordance with the Home Front Command’s guidelines.",https://t.me/idfofficial/17034
tg_17039_1,17039,2026-03-15T01:15:52+02:00,2026-03-15T01:15:52+02:00,detection_before_alert,iran,high,missile,True,"IDF: A short while ago, the IDF identified missiles launched from Iran toward the territory of the State of Israel. Defensive systems are operating to intercept the threat. In the past few minutes, the Home Front Command has sent a precautionary directive directly to mobile phones in the relevant areas. The public is asked to act responsibly and follow the instructions—they save lives. Upon receiving an alert, the public is instructed to enter a protected space and remain there until further notice. Leaving a protected space is permitted only after receiving explicit instructions. The public is requested to continue acting in accordance with the Home Front Command’s guidelines.",https://t.me/idfofficial/17039
tg_17041_1,17041,2026-03-15T02:25:05+02:00,2026-03-15T02:25:05+02:00,detection_before_alert,iran,high,missile,True,"IDF: A short while ago, the IDF identified missiles launched from Iran toward the territory of the State of Israel. Defensive systems are operating to intercept the threat. In the past few minutes, the Home Front Command has sent a precautionary directive directly to mobile phones in the relevant areas. The public is asked to act responsibly and follow the instructions—they save lives. Upon receiving an alert, the public is instructed to enter a protected space and remain there until further notice. Leaving a protected space is permitted only after receiving explicit instructions. The public is requested to continue acting in accordance with the Home Front Command’s guidelines.",https://t.me/idfofficial/17041
tg_17044_1,17044,2026-03-15T05:34:38+02:00,2026-03-15T05:34:38+02:00,detection_before_alert,iran,high,missile,True,"IDF: A short while ago, the IDF identified missiles launched from Iran toward the territory of the State of Israel. Defensive systems are operating to intercept the threat. In the past few minutes, the Home Front Command has sent a precautionary directive directly to mobile phones in the relevant areas. The public is asked to act responsibly and follow the instructions—they save lives. Upon receiving an alert, the public is instructed to enter a protected space and remain there until further notice. Leaving a protected space is permitted only after receiving explicit instructions. The public is requested to continue acting in accordance with the Home Front Command’s guidelines.",https://t.me/idfofficial/17044
tg_17046_1,17046,2026-03-15T06:14:53+02:00,2026-03-15T06:14:53+02:00,detection_before_alert,iran,high,missile,True,"IDF: A short while ago, the IDF identified missiles launched from Iran toward the territory of the State of Israel. Defensive systems are operating to intercept the threat. In the past few minutes, the Home Front Command has sent a precautionary directive directly to mobile phones in the relevant areas. The public is asked to act responsibly and follow the instructions—they save lives. Upon receiving an alert, the public is instructed to enter a protected space and remain there until further notice. Leaving a protected space is permitted only after receiving explicit instructions. The public is requested to continue acting in accordance with the Home Front Command’s guidelines.",https://t.me/idfofficial/17046
tg_17048_1,17048,2026-03-15T08:16:40+02:00,2026-03-15T08:16:40+02:00,detection_before_alert,iran,high,missile,True,"IDF: A short while ago, the IDF identified missiles launched from Iran toward the territory of the State of Israel. Defensive systems are operating to intercept the threat. In the past few minutes, the Home Front Command has sent a precautionary directive directly to mobile phones in the relevant areas. The public is asked to act responsibly and follow the instructions—they save lives. Upon receiving an alert, the public is instructed to enter a protected space and remain there until further notice. Leaving a protected space is permitted only after receiving explicit instructions. The public is requested to continue acting in accordance with the Home Front Command’s guidelines.",https://t.me/idfofficial/17048
tg_17052_1,17052,2026-03-15T11:35:13+02:00,2026-03-15T11:35:13+02:00,detection_before_alert,iran,high,missile,True,"IDF: A short while ago, the IDF identified missiles launched from Iran toward the territory of the State of Israel. Defensive systems are operating to intercept the threat. In the past few minutes, the Home Front Command has sent a precautionary directive directly to mobile phones in the relevant areas. The public is asked to act responsibly and follow the instructions—they save lives. Upon receiving an alert, the public is instructed to enter a protected space and remain there until further notice. Leaving a protected space is permitted only after receiving explicit instructions. The public is requested to continue acting in accordance with the Home Front Command’s guidelines.",https://t.me/idfofficial/17052
tg_17056_1,17056,2026-03-15T13:15:52+02:00,2026-03-15T13:15:52+02:00,detection_before_alert,iran,high,missile,True,"IDF: A short while ago, the IDF identified missiles launched from Iran toward the territory of the State of Israel. Defensive systems are operating to intercept the threat. In the past few minutes, the Home Front Command has sent a precautionary directive directly to mobile phones in the relevant areas. The public is asked to act responsibly and follow the instructions—they save lives. Upon receiving an alert, the public is instructed to enter a protected space and remain there until further notice. Leaving a protected space is permitted only after receiving explicit instructions. The public is requested to continue acting in accordance with the Home Front Command’s guidelines.",https://t.me/idfofficial/17056
tg_17067_1,17067,2026-03-16T01:27:33+02:00,2026-03-16T01:27:33+02:00,detection_before_alert,iran,high,missile,True,"IDF: A short while ago, the IDF identified missiles launched from Iran toward the territory of the State of Israel. Defensive systems are operating to intercept the threat. In the past few minutes, the Home Front Command has sent a precautionary directive directly to mobile phones in the relevant areas. The public is asked to act responsibly and follow the instructions—they save lives. Upon receiving an alert, the public is instructed to enter a protected space and remain there until further notice. Leaving a protected space is permitted only after receiving explicit instructions. The public is requested to continue acting in accordance with the Home Front Command’s guidelines.",https://t.me/idfofficial/17067
tg_17070_1,17070,2026-03-16T02:35:51+02:00,2026-03-16T02:35:51+02:00,detection_before_alert,iran,high,missile,True,"IDF: A short while ago, the IDF identified missiles launched from Iran toward the territory of the State of Israel. Defensive systems are operating to intercept the threat. In the past few minutes, the Home Front Command has sent a precautionary directive directly to mobile phones in the relevant areas. The public is asked to act responsibly and follow the instructions—they save lives. Upon receiving an alert, the public is instructed to enter a protected space and remain there until further notice. Leaving a protected space is permitted only after receiving explicit instructions. The public is requested to continue acting in accordance with the Home Front Command’s guidelines.",https://t.me/idfofficial/17070
tg_17074_1,17074,2026-03-16T10:02:58+02:00,2026-03-16T10:02:58+02:00,detection_before_alert,iran,high,missile,True,"IDF: A short while ago, the IDF identified missiles launched from Iran toward the territory of the State of Israel. Defensive systems are operating to intercept the threat. In the past few minutes, the Home Front Command has sent a precautionary directive directly to mobile phones in the relevant areas. The public is asked to act responsibly and follow the instructions—they save lives. Upon receiving an alert, the public is instructed to enter a protected space and remain there until further notice. Leaving a protected space is permitted only after receiving explicit instructions. The public is requested to continue acting in accordance with the Home Front Command’s guidelines.",https://t.me/idfofficial/17074
tg_17078_1,17078,2026-03-16T12:00:14+02:00,2026-03-16T12:00:14+02:00,detection_before_alert,iran,high,missile,True,"IDF: A short while ago, the IDF identified missiles launched from Iran toward the territory of the State of Israel. Defensive systems are operating to intercept the threat. In the past few minutes, the Home Front Command has sent a precautionary directive directly to mobile phones in the relevant areas. The public is asked to act responsibly and follow the instructions—they save lives. Upon receiving an alert, the public is instructed to enter a protected space and remain there until further notice. Leaving a protected space is permitted only after receiving explicit instructions. The public is requested to continue acting in accordance with the Home Front Command’s guidelines.",https://t.me/idfofficial/17078
tg_17082_1,17082,2026-03-16T14:59:19+02:00,2026-03-16T14:59:19+02:00,detection_before_alert,iran,high,missile,True,"IDF: A short while ago, the IDF identified missiles launched from Iran toward the territory of the State of Israel. Defensive systems are operating to intercept the threat. In the past few minutes, the Home Front Command has sent a precautionary directive directly to mobile phones in the relevant areas. The public is asked to act responsibly and follow the instructions—they save lives. Upon receiving an alert, the public is instructed to enter a protected space and remain there until further notice. Leaving a protected space is permitted only after receiving explicit instructions. The public is requested to continue acting in accordance with the Home Front Command’s guidelines.",https://t.me/idfofficial/17082
tg_17090_1,17090,2026-03-16T20:59:32+02:00,2026-03-16T20:59:32+02:00,detection_before_alert,iran,high,missile,True,"IDF: A short while ago, the IDF identified missiles launched from Iran toward the territory of the State of Israel. Defensive systems are operating to intercept the threat. In the past few minutes, the Home Front Command has sent a precautionary directive directly to mobile phones in the relevant areas. The public is asked to act responsibly and follow the instructions—they save lives. Upon receiving an alert, the public is instructed to enter a protected space and remain there until further notice. Leaving a protected space is permitted only after receiving explicit instructions. The public is requested to continue acting in accordance with the Home Front Command’s guidelines.",https://t.me/idfofficial/17090
tg_17094_1,17094,2026-03-16T22:17:21+02:00,2026-03-16T22:17:21+02:00,detection_before_alert,iran,high,missile,True,"IDF: A short while ago, the IDF identified missiles launched from Iran toward the territory of the State of Israel. Defensive systems are operating to intercept the threat. In the past few minutes, the Home Front Command has sent a precautionary directive directly to mobile phones in the relevant areas. The public is asked to act responsibly and follow the instructions—they save lives. Upon receiving an alert, the public is instructed to enter a protected space and remain there until further notice. Leaving a protected space is permitted only after receiving explicit instructions. The public is requested to continue acting in accordance with the Home Front Command’s guidelines.",https://t.me/idfofficial/17094
tg_17096_1,17096,2026-03-17T01:00:53+02:00,2026-03-17T01:00:53+02:00,detection_before_alert,iran,high,missile,True,"IDF: A short while ago, the IDF identified missiles launched from Iran toward the territory of the State of Israel. Defensive systems are operating to intercept the threat. In the past few minutes, the Home Front Command has sent a precautionary directive directly to mobile phones in the relevant areas. The public is asked to act responsibly and follow the instructions—they save lives. Upon receiving an alert, the public is instructed to enter a protected space and remain there until further notice. Leaving a protected space is permitted only after receiving explicit instructions. The public is requested to continue acting in accordance with the Home Front Command’s guidelines.",https://t.me/idfofficial/17096
tg_17098_1,17098,2026-03-17T03:31:02+02:00,2026-03-17T03:31:02+02:00,detection_before_alert,iran,high,missile,True,"IDF: A short while ago, the IDF identified missiles launched from Iran toward the territory of the State of Israel. Defensive systems are operating to intercept the threat. In the past few minutes, the Home Front Command has sent a precautionary directive directly to mobile phones in the relevant areas. The public is asked to act responsibly and follow the instructions—they save lives. Upon receiving an alert, the public is instructed to enter a protected space and remain there until further notice. Leaving a protected space is permitted only after receiving explicit instructions. The public is requested to continue acting in accordance with the Home Front Command’s guidelines.",https://t.me/idfofficial/17098
tg_17106_1,17106,2026-03-17T11:46:27+02:00,2026-03-17T11:46:27+02:00,detection_before_alert,iran,high,missile,True,"IDF: A short while ago, the IDF identified missiles launched from Iran toward the territory of the State of Israel. Defensive systems are operating to intercept the threat. In the past few minutes, the Home Front Command has sent a precautionary directive directly to mobile phones in the relevant areas. The public is asked to act responsibly and follow the instructions—they save lives. Upon receiving an alert, the public is instructed to enter a protected space and remain there until further notice. Leaving a protected space is permitted only after receiving explicit instructions. The public is requested to continue acting in accordance with the Home Front Command’s guidelines.",https://t.me/idfofficial/17106
tg_17108_1,17108,2026-03-17T12:32:40+02:00,2026-03-17T12:32:40+02:00,detection_before_alert,iran,high,missile,True,"IDF: A short while ago, the IDF identified missiles launched from Iran toward the territory of the State of Israel. Defensive systems are operating to intercept the threat. In the past few minutes, the Home Front Command has sent a precautionary directive directly to mobile phones in the relevant areas. The public is asked to act responsibly and follow the instructions—they save lives. Upon receiving an alert, the public is instructed to enter a protected space and remain there until further notice. Leaving a protected space is permitted only after receiving explicit instructions. The public is requested to continue acting in accordance with the Home Front Command’s guidelines.",https://t.me/idfofficial/17108
tg_17113_1,17113,2026-03-17T13:51:59+02:00,2026-03-17T13:51:59+02:00,detection_before_alert,iran,high,missile,True,"IDF: A short while ago, the IDF identified missiles launched from Iran toward the territory of the State of Israel. Defensive systems are operating to intercept the threat. In the past few minutes, the Home Front Command has sent a precautionary directive directly to mobile phones in the relevant areas. The public is asked to act responsibly and follow the instructions—they save lives. Upon receiving an alert, the public is instructed to enter a protected space and remain there until further notice. Leaving a protected space is permitted only after receiving explicit instructions. The public is requested to continue acting in accordance with the Home Front Command’s guidelines.",https://t.me/idfofficial/17113
tg_17116_1,17116,2026-03-17T15:24:50+02:00,2026-03-17T15:24:50+02:00,detection_before_alert,iran,high,missile,True,"IDF: A short while ago, the IDF identified missiles launched from Iran toward the territory of the State of Israel. Defensive systems are operating to intercept the threat. In the past few minutes, the Home Front Command has sent a precautionary directive directly to mobile phones in the relevant areas. The public is asked to act responsibly and follow the instructions—they save lives. Upon receiving an alert, the public is instructed to enter a protected space and remain there until further notice. Leaving a protected space is permitted only after receiving explicit instructions. The public is requested to continue acting in accordance with the Home Front Command’s guidelines.",https://t.me/idfofficial/17116
tg_17122_1,17122,2026-03-17T17:40:02+02:00,2026-03-17T17:40:02+02:00,detection_before_alert,iran,high,missile,True,"IDF: A short while ago, the IDF identified missiles launched from Iran toward the territory of the State of Israel. Defensive systems are operating to intercept the threat. In the past few minutes, the Home Front Command has sent a precautionary directive directly to mobile phones in the relevant areas. The public is asked to act responsibly and follow the instructions—they save lives. Upon receiving an alert, the public is instructed to enter a protected space and remain there until further notice. Leaving a protected space is permitted only after receiving explicit instructions. The public is requested to continue acting in accordance with the Home Front Command’s guidelines.",https://t.me/idfofficial/17122
tg_17124_1,17124,2026-03-17T18:04:05+02:00,2026-03-17T18:04:05+02:00,detection_before_alert,iran,high,missile,True,"IDF: A short while ago, the IDF identified missiles launched from Iran toward the territory of the State of Israel. Defensive systems are operating to intercept the threat. In the past few minutes, the Home Front Command has sent a precautionary directive directly to mobile phones in the relevant areas. The public is asked to act responsibly and follow the instructions—they save lives. Upon receiving an alert, the public is instructed to enter a protected space and remain there until further notice. Leaving a protected space is permitted only after receiving explicit instructions. The public is requested to continue acting in accordance with the Home Front Command’s guidelines.",https://t.me/idfofficial/17124
tg_17130_1,17130,2026-03-17T21:40:13+02:00,2026-03-17T21:40:13+02:00,detection_before_alert,iran,high,missile,True,"IDF: A short while ago, the IDF identified missiles launched from Iran toward the territory of the State of Israel. Defensive systems are operating to intercept the threat. In the past few minutes, the Home Front Command has sent a precautionary directive directly to mobile phones in the relevant areas. The public is asked to act responsibly and follow the instructions—they save lives. Upon receiving an alert, the public is instructed to enter a protected space and remain there until further notice. Leaving a protected space is permitted only after receiving explicit instructions. The public is requested to continue acting in accordance with the Home Front Command’s guidelines.",https://t.me/idfofficial/17130
tg_17133_1,17133,2026-03-18T00:12:38+02:00,2026-03-18T00:12:38+02:00,detection_before_alert,iran,high,missile,True,"IDF: A short while ago, the IDF identified missiles launched from Iran toward the territory of the State of Israel. Defensive systems are operating to intercept the threat. In the past few minutes, the Home Front Command has sent a precautionary directive directly to mobile phones in the relevant areas. The public is asked to act responsibly and follow the instructions—they save lives. Upon receiving an alert, the public is instructed to enter a protected space and remain there until further notice. Leaving a protected space is permitted only after receiving explicit instructions. The public is requested to continue acting in accordance with the Home Front Command’s guidelines.",https://t.me/idfofficial/17133
tg_17137_1,17137,2026-03-18T03:50:57+02:00,2026-03-18T03:50:57+02:00,detection_before_alert,iran,high,missile,True,"IDF: A short while ago, the IDF identified missiles launched from Iran toward the territory of the State of Israel. Defensive systems are operating to intercept the threat. In the past few minutes, the Home Front Command has sent a precautionary directive directly to mobile phones in the relevant areas. The public is asked to act responsibly and follow the instructions—they save lives. Upon receiving an alert, the public is instructed to enter a protected space and remain there until further notice. Leaving a protected space is permitted only after receiving explicit instructions. The public is requested to continue acting in accordance with the Home Front Command’s guidelines.",https://t.me/idfofficial/17137
tg_17139_1,17139,2026-03-18T04:34:03+02:00,2026-03-18T04:34:03+02:00,detection_before_alert,iran,high,missile,True,"IDF: A short while ago, the IDF identified missiles launched from Iran toward the territory of the State of Israel. Defensive systems are operating to intercept the threat. In the past few minutes, the Home Front Command has sent a precautionary directive directly to mobile phones in the relevant areas. The public is asked to act responsibly and follow the instructions—they save lives. Upon receiving an alert, the public is instructed to enter a protected space and remain there until further notice. Leaving a protected space is permitted only after receiving explicit instructions. The public is requested to continue acting in accordance with the Home Front Command’s guidelines.",https://t.me/idfofficial/17139
tg_17144_1,17144,2026-03-18T07:52:49+02:00,2026-03-18T07:52:49+02:00,detection_before_alert,iran,high,missile,True,"IDF: A short while ago, the IDF identified missiles launched from Iran toward the territory of the State of Israel. Defensive systems are operating to intercept the threat. In the past few minutes, the Home Front Command has sent a precautionary directive directly to mobile phones in the relevant areas. The public is asked to act responsibly and follow the instructions—they save lives. Upon receiving an alert, the public is instructed to enter a protected space and remain there until further notice. Leaving a protected space is permitted only after receiving explicit instructions. The public is requested to continue acting in accordance with the Home Front Command’s guidelines.",https://t.me/idfofficial/17144
tg_17148_1,17148,2026-03-18T11:04:00+02:00,2026-03-18T11:04:00+02:00,detection_before_alert,iran,high,missile,True,"IDF: A short while ago, the IDF identified missiles launched from Iran toward the territory of the State of Israel. Defensive systems are operating to intercept the threat. In the past few minutes, the Home Front Command has sent a precautionary directive directly to mobile phones in the relevant areas. The public is asked to act responsibly and follow the instructions—they save lives. Upon receiving an alert, the public is instructed to enter a protected space and remain there until further notice. Leaving a protected space is permitted only after receiving explicit instructions. The public is requested to continue acting in accordance with the Home Front Command’s guidelines.",https://t.me/idfofficial/17148
tg_17153_1,17153,2026-03-18T13:15:32+02:00,2026-03-18T13:15:32+02:00,detection_before_alert,iran,high,missile,True,"IDF: A short while ago, the IDF identified missiles launched from Iran toward the territory of the State of Israel. Defensive systems are operating to intercept the threat. In the past few minutes, the Home Front Command has sent a precautionary directive directly to mobile phones in the relevant areas. The public is asked to act responsibly and follow the instructions—they save lives. Upon receiving an alert, the public is instructed to enter a protected space and remain there until further notice. Leaving a protected space is permitted only after receiving explicit instructions. The public is requested to continue acting in accordance with the Home Front Command’s guidelines.",https://t.me/idfofficial/17153
tg_17155_1,17155,2026-03-18T15:34:25+02:00,2026-03-18T15:34:25+02:00,detection_before_alert,iran,high,missile,True,"IDF: A short while ago, the IDF identified missiles launched from Iran toward the territory of the State of Israel. Defensive systems are operating to intercept the threat. In the past few minutes, the Home Front Command has sent a precautionary directive directly to mobile phones in the relevant areas. The public is asked to act responsibly and follow the instructions—they save lives. Upon receiving an alert, the public is instructed to enter a protected space and remain there until further notice. Leaving a protected space is permitted only after receiving explicit instructions. The public is requested to continue acting in accordance with the Home Front Command’s guidelines.",https://t.me/idfofficial/17155
tg_17159_1,17159,2026-03-18T16:30:25+02:00,2026-03-18T16:30:25+02:00,detection_before_alert,iran,high,missile,True,"IDF: A short while ago, the IDF identified missiles launched from Iran toward the territory of the State of Israel. Defensive systems are operating to intercept the threat. In the past few minutes, the Home Front Command has sent a precautionary directive directly to mobile phones in the relevant areas. The public is asked to act responsibly and follow the instructions—they save lives. Upon receiving an alert, the public is instructed to enter a protected space and remain there until further notice. Leaving a protected space is permitted only after receiving explicit instructions. The public is requested to continue acting in accordance with the Home Front Command’s guidelines.",https://t.me/idfofficial/17159
tg_17163_1,17163,2026-03-18T17:50:46+02:00,2026-03-18T17:50:46+02:00,detection_before_alert,iran,high,missile,True,"IDF: A short while ago, the IDF identified missiles launched from Iran toward the territory of the State of Israel. Defensive systems are operating to intercept the threat. In the past few minutes, the Home Front Command has sent a precautionary directive directly to mobile phones in the relevant areas. The public is asked to act responsibly and follow the instructions—they save lives. Upon receiving an alert, the public is instructed to enter a protected space and remain there until further notice. Leaving a protected space is permitted only after receiving explicit instructions. The public is requested to continue acting in accordance with the Home Front Command’s guidelines.",https://t.me/idfofficial/17163
tg_17173_1,17173,2026-03-18T22:03:44+02:00,2026-03-18T22:03:44+02:00,detection_before_alert,iran,high,missile,True,"IDF: A short while ago, the IDF identified missiles launched from Iran toward the territory of the State of Israel. Defensive systems are operating to intercept the threat. In the past few minutes, the Home Front Command has sent a precautionary directive directly to mobile phones in the relevant areas. The public is asked to act responsibly and follow the instructions—they save lives. Upon receiving an alert, the public is instructed to enter a protected space and remain there until further notice. Leaving a protected space is permitted only after receiving explicit instructions. The public is requested to continue acting in accordance with the Home Front Command’s guidelines.",https://t.me/idfofficial/17173
tg_17176_1,17176,2026-03-18T23:30:47+02:00,2026-03-18T23:30:47+02:00,detection_before_alert,iran,high,missile,True,"IDF: A short while ago, the IDF identified missiles launched from Iran toward the territory of the State of Israel. Defensive systems are operating to intercept the threat. In the past few minutes, the Home Front Command has sent a precautionary directive directly to mobile phones in the relevant areas. The public is asked to act responsibly and follow the instructions—they save lives. Upon receiving an alert, the public is instructed to enter a protected space and remain there until further notice. Leaving a protected space is permitted only after receiving explicit instructions. The public is requested to continue acting in accordance with the Home Front Command’s guidelines.",https://t.me/idfofficial/17176
tg_17180_1,17180,2026-03-19T03:12:09+02:00,2026-03-19T03:12:09+02:00,detection_before_alert,iran,high,missile,True,"IDF: A short while ago, the IDF identified missiles launched from Iran toward the territory of the State of Israel. Defensive systems are operating to intercept the threat. In the past few minutes, the Home Front Command has sent a precautionary directive directly to mobile phones in the relevant areas. The public is asked to act responsibly and follow the instructions—they save lives. Upon receiving an alert, the public is instructed to enter a protected space and remain there until further notice. Leaving a protected space is permitted only after receiving explicit instructions. The public is requested to continue acting in accordance with the Home Front Command’s guidelines.",https://t.me/idfofficial/17180
tg_17182_1,17182,2026-03-19T04:42:18+02:00,2026-03-19T04:42:18+02:00,detection_before_alert,iran,high,missile,True,"IDF: A short while ago, the IDF identified missiles launched from Iran toward the territory of the State of Israel. Defensive systems are operating to intercept the threat. In the past few minutes, the Home Front Command has sent a precautionary directive directly to mobile phones in the relevant areas. The public is asked to act responsibly and follow the instructions—they save lives. Upon receiving an alert, the public is instructed to enter a protected space and remain there until further notice. Leaving a protected space is permitted only after receiving explicit instructions. The public is requested to continue acting in accordance with the Home Front Command’s guidelines.",https://t.me/idfofficial/17182
tg_17184_1,17184,2026-03-19T05:20:16+02:00,2026-03-19T05:20:16+02:00,detection_before_alert,iran,high,missile,True,"IDF: A short while ago, the IDF identified missiles launched from Iran toward the territory of the State of Israel. Defensive systems are operating to intercept the threat. In the past few minutes, the Home Front Command has sent a precautionary directive directly to mobile phones in the relevant areas. The public is asked to act responsibly and follow the instructions—they save lives. Upon receiving an alert, the public is instructed to enter a protected space and remain there until further notice. Leaving a protected space is permitted only after receiving explicit instructions. The public is requested to continue acting in accordance with the Home Front Command’s guidelines.",https://t.me/idfofficial/17184
tg_17186_1,17186,2026-03-19T05:44:40+02:00,2026-03-19T05:44:40+02:00,detection_before_alert,iran,high,missile,True,"IDF: A short while ago, the IDF identified missiles launched from Iran toward the territory of the State of Israel. Defensive systems are operating to intercept the threat. In the past few minutes, the Home Front Command has sent a precautionary directive directly to mobile phones in the relevant areas. The public is asked to act responsibly and follow the instructions—they save lives. Upon receiving an alert, the public is instructed to enter a protected space and remain there until further notice. Leaving a protected space is permitted only after receiving explicit instructions. The public is requested to continue acting in accordance with the Home Front Command’s guidelines.",https://t.me/idfofficial/17186
tg_17188_1,17188,2026-03-19T06:50:07+02:00,2026-03-19T06:50:07+02:00,detection_before_alert,iran,high,missile,True,"IDF: A short while ago, the IDF identified missiles launched from Iran toward the territory of the State of Israel. Defensive systems are operating to intercept the threat. In the past few minutes, the Home Front Command has sent a precautionary directive directly to mobile phones in the relevant areas. The public is asked to act responsibly and follow the instructions—they save lives. Upon receiving an alert, the public is instructed to enter a protected space and remain there until further notice. Leaving a protected space is permitted only after receiving explicit instructions. The public is requested to continue acting in accordance with the Home Front Command’s guidelines.",https://t.me/idfofficial/17188
tg_17190_1,17190,2026-03-19T07:32:43+02:00,2026-03-19T07:32:43+02:00,detection_before_alert,iran,high,missile,True,"IDF: A short while ago, the IDF identified missiles launched from Iran toward the territory of the State of Israel. Defensive systems are operating to intercept the threat. In the past few minutes, the Home Front Command has sent a precautionary directive directly to mobile phones in the relevant areas. The public is asked to act responsibly and follow the instructions—they save lives. Upon receiving an alert, the public is instructed to enter a protected space and remain there until further notice. Leaving a protected space is permitted only after receiving explicit instructions. The public is requested to continue acting in accordance with the Home Front Command’s guidelines.",https://t.me/idfofficial/17190
tg_17194_1,17194,2026-03-19T10:49:42+02:00,2026-03-19T10:49:42+02:00,detection_before_alert,iran,high,missile,True,"IDF: A short while ago, the IDF identified missiles launched from Iran toward the territory of the State of Israel. Defensive systems are operating to intercept the threat. In the past few minutes, the Home Front Command has sent a precautionary directive directly to mobile phones in the relevant areas. The public is asked to act responsibly and follow the instructions—they save lives. Upon receiving an alert, the public is instructed to enter a protected space and remain there until further notice. Leaving a protected space is permitted only after receiving explicit instructions. The public is requested to continue acting in accordance with the Home Front Command’s guidelines.",https://t.me/idfofficial/17194
tg_17197_1,17197,2026-03-19T11:39:02+02:00,2026-03-19T11:39:02+02:00,detection_before_alert,iran,high,missile,True,"IDF: A short while ago, the IDF identified missiles launched from Iran toward the territory of the State of Israel. Defensive systems are operating to intercept the threat. In the past few minutes, the Home Front Command has sent a precautionary directive directly to mobile phones in the relevant areas. The public is asked to act responsibly and follow the instructions—they save lives. Upon receiving an alert, the public is instructed to enter a protected space and remain there until further notice. Leaving a protected space is permitted only after receiving explicit instructions. The public is requested to continue acting in accordance with the Home Front Command’s guidelines.",https://t.me/idfofficial/17197
tg_17202_1,17202,2026-03-19T16:40:07+02:00,2026-03-19T16:40:07+02:00,detection_before_alert,iran,high,missile,True,"IDF: A short while ago, the IDF identified missiles launched from Iran toward the territory of the State of Israel. Defensive systems are operating to intercept the threat. In the past few minutes, the Home Front Command has sent a precautionary directive directly to mobile phones in the relevant areas. The public is asked to act responsibly and follow the instructions—they save lives. Upon receiving an alert, the public is instructed to enter a protected space and remain there until further notice. Leaving a protected space is permitted only after receiving explicit instructions. The public is requested to continue acting in accordance with the Home Front Command’s guidelines.",https://t.me/idfofficial/17202
tg_17206_1,17206,2026-03-19T18:45:33+02:00,2026-03-19T18:45:33+02:00,detection_before_alert,iran,high,missile,True,"IDF: A short while ago, the IDF identified missiles launched from Iran toward the territory of the State of Israel. Defensive systems are operating to intercept the threat. In the past few minutes, the Home Front Command has sent a precautionary directive directly to mobile phones in the relevant areas. The public is asked to act responsibly and follow the instructions—they save lives. Upon receiving an alert, the public is instructed to enter a protected space and remain there until further notice. Leaving a protected space is permitted only after receiving explicit instructions. The public is requested to continue acting in accordance with the Home Front Command’s guidelines.",https://t.me/idfofficial/17206
tg_17209_1,17209,2026-03-19T20:51:25+02:00,2026-03-19T20:51:25+02:00,detection_before_alert,iran,high,missile,True,"IDF: A short while ago, the IDF identified missiles launched from Iran toward the territory of the State of Israel. Defensive systems are operating to intercept the threat. In the past few minutes, the Home Front Command has sent a precautionary directive directly to mobile phones in the relevant areas. The public is asked to act responsibly and follow the instructions—they save lives. Upon receiving an alert, the public is instructed to enter a protected space and remain there until further notice. Leaving a protected space is permitted only after receiving explicit instructions. The public is requested to continue acting in accordance with the Home Front Command’s guidelines.",https://t.me/idfofficial/17209
tg_17212_1,17212,2026-03-19T22:42:36+02:00,2026-03-19T22:42:36+02:00,detection_before_alert,iran,high,missile,True,"IDF: A short while ago, the IDF identified missiles launched from Iran toward the territory of the State of Israel. Defensive systems are operating to intercept the threat. In the past few minutes, the Home Front Command has sent a precautionary directive directly to mobile phones in the relevant areas. The public is asked to act responsibly and follow the instructions—they save lives. Upon receiving an alert, the public is instructed to enter a protected space and remain there until further notice. Leaving a protected space is permitted only after receiving explicit instructions. The public is requested to continue acting in accordance with the Home Front Command’s guidelines.",https://t.me/idfofficial/17212
tg_17215_1,17215,2026-03-19T23:27:49+02:00,2026-03-19T23:27:49+02:00,detection_before_alert,iran,high,missile,True,"IDF: A short while ago, the IDF identified missiles launched from Iran toward the territory of the State of Israel. Defensive systems are operating to intercept the threat. In the past few minutes, the Home Front Command has sent a precautionary directive directly to mobile phones in the relevant areas. The public is asked to act responsibly and follow the instructions—they save lives. Upon receiving an alert, the public is instructed to enter a protected space and remain there until further notice. Leaving a protected space is permitted only after receiving explicit instructions. The public is requested to continue acting in accordance with the Home Front Command’s guidelines.",https://t.me/idfofficial/17215
tg_17217_1,17217,2026-03-19T23:47:56+02:00,2026-03-19T23:47:56+02:00,detection_before_alert,iran,high,missile,True,"IDF: A short while ago, the IDF identified missiles launched from Iran toward the territory of the State of Israel. Defensive systems are operating to intercept the threat. In the past few minutes, the Home Front Command has sent a precautionary directive directly to mobile phones in the relevant areas. The public is asked to act responsibly and follow the instructions—they save lives. Upon receiving an alert, the public is instructed to enter a protected space and remain there until further notice. Leaving a protected space is permitted only after receiving explicit instructions. The public is requested to continue acting in accordance with the Home Front Command’s guidelines.",https://t.me/idfofficial/17217
tg_17219_1,17219,2026-03-20T02:47:25+02:00,2026-03-20T02:47:25+02:00,detection_before_alert,iran,high,missile,True,"IDF: A short while ago, the IDF identified missiles launched from Iran toward the territory of the State of Israel. Defensive systems are operating to intercept the threat. In the past few minutes, the Home Front Command has sent a precautionary directive directly to mobile phones in the relevant areas. The public is asked to act responsibly and follow the instructions—they save lives. Upon receiving an alert, the public is instructed to enter a protected space and remain there until further notice. Leaving a protected space is permitted only after receiving explicit instructions. The public is requested to continue acting in accordance with the Home Front Command’s guidelines.",https://t.me/idfofficial/17219
tg_17223_1,17223,2026-03-20T08:09:39+02:00,2026-03-20T08:09:39+02:00,detection_before_alert,iran,high,missile,True,"IDF: A short while ago, the IDF identified missiles launched from Iran toward the territory of the State of Israel. Defensive systems are operating to intercept the threat. In the past few minutes, the Home Front Command has sent a precautionary directive directly to mobile phones in the relevant areas. The public is asked to act responsibly and follow the instructions—they save lives. Upon receiving an alert, the public is instructed to enter a protected space and remain there until further notice. Leaving a protected space is permitted only after receiving explicit instructions. The public is requested to continue acting in accordance with the Home Front Command’s guidelines.",https://t.me/idfofficial/17223
tg_17225_1,17225,2026-03-20T08:41:57+02:00,2026-03-20T08:41:57+02:00,detection_before_alert,iran,high,missile,True,"IDF: A short while ago, the IDF identified missiles launched from Iran toward the territory of the State of Israel. Defensive systems are operating to intercept the threat. In the past few minutes, the Home Front Command has sent a precautionary directive directly to mobile phones in the relevant areas. The public is asked to act responsibly and follow the instructions—they save lives. Upon receiving an alert, the public is instructed to enter a protected space and remain there until further notice. Leaving a protected space is permitted only after receiving explicit instructions. The public is requested to continue acting in accordance with the Home Front Command’s guidelines.",https://t.me/idfofficial/17225
tg_17227_1,17227,2026-03-20T10:38:32+02:00,2026-03-20T10:38:32+02:00,detection_before_alert,iran,high,missile,True,"IDF: A short while ago, the IDF identified missiles launched from Iran toward the territory of the State of Israel. Defensive systems are operating to intercept the threat. In the past few minutes, the Home Front Command has sent a precautionary directive directly to mobile phones in the relevant areas. The public is asked to act responsibly and follow the instructions—they save lives. Upon receiving an alert, the public is instructed to enter a protected space and remain there until further notice. Leaving a protected space is permitted only after receiving explicit instructions. The public is requested to continue acting in accordance with the Home Front Command’s guidelines.",https://t.me/idfofficial/17227
tg_17231_1,17231,2026-03-20T12:54:14+02:00,2026-03-20T12:54:14+02:00,detection_before_alert,iran,high,missile,True,"IDF: A short while ago, the IDF identified missiles launched from Iran toward the territory of the State of Israel. Defensive systems are operating to intercept the threat. In the past few minutes, the Home Front Command has sent a precautionary directive directly to mobile phones in the relevant areas. The public is asked to act responsibly and follow the instructions—they save lives. Upon receiving an alert, the public is instructed to enter a protected space and remain there until further notice. Leaving a protected space is permitted only after receiving explicit instructions. The public is requested to continue acting in accordance with the Home Front Command’s guidelines.",https://t.me/idfofficial/17231
tg_17234_1,17234,2026-03-20T13:50:17+02:00,2026-03-20T13:50:17+02:00,detection_before_alert,iran,high,missile,True,"IDF: A short while ago, the IDF identified missiles launched from Iran toward the territory of the State of Israel. Defensive systems are operating to intercept the threat. In the past few minutes, the Home Front Command has sent a precautionary directive directly to mobile phones in the relevant areas. The public is asked to act responsibly and follow the instructions—they save lives. Upon receiving an alert, the public is instructed to enter a protected space and remain there until further notice. Leaving a protected space is permitted only after receiving explicit instructions. The public is requested to continue acting in accordance with the Home Front Command’s guidelines.",https://t.me/idfofficial/17234
tg_17240_1,17240,2026-03-20T16:08:20+02:00,2026-03-20T16:08:20+02:00,detection_before_alert,iran,high,missile,True,"IDF: A short while ago, the IDF identified missiles launched from Iran toward the territory of the State of Israel. Defensive systems are operating to intercept the threat. In the past few minutes, the Home Front Command has sent a precautionary directive directly to mobile phones in the relevant areas. The public is asked to act responsibly and follow the instructions—they save lives. Upon receiving an alert, the public is instructed to enter a protected space and remain there until further notice. Leaving a protected space is permitted only after receiving explicit instructions. The public is requested to continue acting in accordance with the Home Front Command’s guidelines.",https://t.me/idfofficial/17240
tg_17241_1,17241,2026-03-20T17:00:55+02:00,2026-03-20T17:00:55+02:00,detection_before_alert,iran,high,missile,True,"IDF: A short while ago, the IDF identified missiles launched from Iran toward the territory of the State of Israel. Defensive systems are operating to intercept the threat. In the past few minutes, the Home Front Command has sent a precautionary directive directly to mobile phones in the relevant areas. The public is asked to act responsibly and follow the instructions—they save lives. Upon receiving an alert, the public is instructed to enter a protected space and remain there until further notice. Leaving a protected space is permitted only after receiving explicit instructions. The public is requested to continue acting in accordance with the Home Front Command’s guidelines.",https://t.me/idfofficial/17241
tg_17245_1,17245,2026-03-20T21:34:20+02:00,2026-03-20T21:34:20+02:00,detection_before_alert,iran,high,missile,True,"IDF: A short while ago, the IDF identified missiles launched from Iran toward the territory of the State of Israel. Defensive systems are operating to intercept the threat. In the past few minutes, the Home Front Command has sent a precautionary directive directly to mobile phones in the relevant areas. The public is asked to act responsibly and follow the instructions—they save lives. Upon receiving an alert, the public is instructed to enter a protected space and remain there until further notice. Leaving a protected space is permitted only after receiving explicit instructions. The public is requested to continue acting in accordance with the Home Front Command’s guidelines.",https://t.me/idfofficial/17245
tg_17248_1,17248,2026-03-21T01:09:23+02:00,2026-03-21T01:09:23+02:00,detection_before_alert,iran,high,missile,True,"IDF: A short while ago, the IDF identified missiles launched from Iran toward the territory of the State of Israel. Defensive systems are operating to intercept the threat. In the past few minutes, the Home Front Command has sent a precautionary directive directly to mobile phones in the relevant areas. The public is asked to act responsibly and follow the instructions—they save lives. Upon receiving an alert, the public is instructed to enter a protected space and remain there until further notice. Leaving a protected space is permitted only after receiving explicit instructions. The public is requested to continue acting in accordance with the Home Front Command’s guidelines.",https://t.me/idfofficial/17248
tg_17251_1,17251,2026-03-21T03:16:33+02:00,2026-03-21T03:16:33+02:00,detection_before_alert,iran,high,missile,True,"IDF: A short while ago, the IDF identified missiles launched from Iran toward the territory of the State of Israel. Defensive systems are operating to intercept the threat. In the past few minutes, the Home Front Command has sent a precautionary directive directly to mobile phones in the relevant areas. The public is asked to act responsibly and follow the instructions—they save lives. Upon receiving an alert, the public is instructed to enter a protected space and remain there until further notice. Leaving a protected space is permitted only after receiving explicit instructions. The public is requested to continue acting in accordance with the Home Front Command’s guidelines.",https://t.me/idfofficial/17251
tg_17254_1,17254,2026-03-21T05:25:58+02:00,2026-03-21T05:25:58+02:00,detection_before_alert,iran,high,missile,True,"IDF: A short while ago, the IDF identified missiles launched from Iran toward the territory of the State of Israel. Defensive systems are operating to intercept the threat. In the past few minutes, the Home Front Command has sent a precautionary directive directly to mobile phones in the relevant areas. The public is asked to act responsibly and follow the instructions—they save lives. Upon receiving an alert, the public is instructed to enter a protected space and remain there until further notice. Leaving a protected space is permitted only after receiving explicit instructions. The public is requested to continue acting in accordance with the Home Front Command’s guidelines.",https://t.me/idfofficial/17254
tg_17256_1,17256,2026-03-21T08:25:37+02:00,2026-03-21T08:25:37+02:00,detection_before_alert,iran,high,missile,True,"IDF: A short while ago, the IDF identified missiles launched from Iran toward the territory of the State of Israel. Defensive systems are operating to intercept the threat. In the past few minutes, the Home Front Command has sent a precautionary directive directly to mobile phones in the relevant areas. The public is asked to act responsibly and follow the instructions—they save lives. Upon receiving an alert, the public is instructed to enter a protected space and remain there until further notice. Leaving a protected space is permitted only after receiving explicit instructions. The public is requested to continue acting in accordance with the Home Front Command’s guidelines.",https://t.me/idfofficial/17256
tg_17263_1,17263,2026-03-21T16:54:31+02:00,2026-03-21T16:54:31+02:00,detection_before_alert,iran,high,missile,True,"IDF: A short while ago, the IDF identified missiles launched from Iran toward the territory of the State of Israel. Defensive systems are operating to intercept the threat. In the past few minutes, the Home Front Command has sent a precautionary directive directly to mobile phones in the relevant areas. The public is asked to act responsibly and follow the instructions—they save lives. Upon receiving an alert, the public is instructed to enter a protected space and remain there until further notice. Leaving a protected space is permitted only after receiving explicit instructions. The public is requested to continue acting in accordance with the Home Front Command’s guidelines.",https://t.me/idfofficial/17263
tg_17268_1,17268,2026-03-21T18:43:34+02:00,2026-03-21T18:43:34+02:00,detection_before_alert,iran,high,missile,True,"IDF: A short while ago, the IDF identified missiles launched from Iran toward the territory of the State of Israel. Defensive systems are operating to intercept the threat. In the past few minutes, the Home Front Command has sent a precautionary directive directly to mobile phones in the relevant areas. The public is asked to act responsibly and follow the instructions—they save lives. Upon receiving an alert, the public is instructed to enter a protected space and remain there until further notice. Leaving a protected space is permitted only after receiving explicit instructions. The public is requested to continue acting in accordance with the Home Front Command’s guidelines.",https://t.me/idfofficial/17268
tg_17274_1,17274,2026-03-21T20:34:59+02:00,2026-03-21T20:34:59+02:00,detection_before_alert,iran,high,missile,True,"IDF: A short while ago, the IDF identified missiles launched from Iran toward the territory of the State of Israel. Defensive systems are operating to intercept the threat. In the past few minutes, the Home Front Command has sent a precautionary directive directly to mobile phones in the relevant areas. The public is asked to act responsibly and follow the instructions—they save lives. Upon receiving an alert, the public is instructed to enter a protected space and remain there until further notice. Leaving a protected space is permitted only after receiving explicit instructions. The public is requested to continue acting in accordance with the Home Front Command’s guidelines.",https://t.me/idfofficial/17274
tg_17278_1,17278,2026-03-21T22:00:49+02:00,2026-03-21T22:00:49+02:00,detection_before_alert,iran,high,missile,True,"IDF: A short while ago, the IDF identified missiles launched from Iran toward the territory of the State of Israel. Defensive systems are operating to intercept the threat. In the past few minutes, the Home Front Command has sent a precautionary directive directly to mobile phones in the relevant areas. The public is asked to act responsibly and follow the instructions—they save lives. Upon receiving an alert, the public is instructed to enter a protected space and remain there until further notice. Leaving a protected space is permitted only after receiving explicit instructions. The public is requested to continue acting in accordance with the Home Front Command’s guidelines.",https://t.me/idfofficial/17278
tg_17280_1,17280,2026-03-21T22:22:25+02:00,2026-03-21T22:22:25+02:00,detection_before_alert,iran,high,missile,True,"IDF: A short while ago, the IDF identified missiles launched from Iran toward the territory of the State of Israel. Defensive systems are operating to intercept the threat. In the past few minutes, the Home Front Command has sent a precautionary directive directly to mobile phones in the relevant areas. The public is asked to act responsibly and follow the instructions—they save lives. Upon receiving an alert, the public is instructed to enter a protected space and remain there until further notice. Leaving a protected space is permitted only after receiving explicit instructions. The public is requested to continue acting in accordance with the Home Front Command’s guidelines.",https://t.me/idfofficial/17280
tg_17287_1,17287,2026-03-22T07:02:37+02:00,2026-03-22T07:02:37+02:00,detection_before_alert,iran,high,missile,True,"IDF: A short while ago, the IDF identified missiles launched from Iran toward the territory of the State of Israel. Defensive systems are operating to intercept the threat. In the past few minutes, the Home Front Command has sent a precautionary directive directly to mobile phones in the relevant areas. The public is asked to act responsibly and follow the instructions—they save lives. Upon receiving an alert, the public is instructed to enter a protected space and remain there until further notice. Leaving a protected space is permitted only after receiving explicit instructions. The public is requested to continue acting in accordance with the Home Front Command’s guidelines.",https://t.me/idfofficial/17287
tg_17291_1,17291,2026-03-22T07:47:02+02:00,2026-03-22T07:47:02+02:00,detection_before_alert,iran,high,missile,True,"IDF: A short while ago, the IDF identified missiles launched from Iran toward the territory of the State of Israel. Defensive systems are operating to intercept the threat. In the past few minutes, the Home Front Command has sent a precautionary directive directly to mobile phones in the relevant areas. The public is asked to act responsibly and follow the instructions—they save lives. Upon receiving an alert, the public is instructed to enter a protected space and remain there until further notice. Leaving a protected space is permitted only after receiving explicit instructions. The public is requested to continue acting in accordance with the Home Front Command’s guidelines.",https://t.me/idfofficial/17291
tg_17293_1,17293,2026-03-22T08:11:21+02:00,2026-03-22T08:11:21+02:00,detection_before_alert,iran,high,missile,True,"IDF: A short while ago, the IDF identified missiles launched from Iran toward the territory of the State of Israel. Defensive systems are operating to intercept the threat. In the past few minutes, the Home Front Command has sent a precautionary directive directly to mobile phones in the relevant areas. The public is asked to act responsibly and follow the instructions—they save lives. Upon receiving an alert, the public is instructed to enter a protected space and remain there until further notice. Leaving a protected space is permitted only after receiving explicit instructions. The public is requested to continue acting in accordance with the Home Front Command’s guidelines.",https://t.me/idfofficial/17293
tg_17296_1,17296,2026-03-22T09:17:51+02:00,2026-03-22T09:17:51+02:00,detection_before_alert,iran,high,missile,True,"IDF: A short while ago, the IDF identified missiles launched from Iran toward the territory of the State of Israel. Defensive systems are operating to intercept the threat. In the past few minutes, the Home Front Command has sent a precautionary directive directly to mobile phones in the relevant areas. The public is asked to act responsibly and follow the instructions—they save lives. Upon receiving an alert, the public is instructed to enter a protected space and remain there until further notice. Leaving a protected space is permitted only after receiving explicit instructions. The public is requested to continue acting in accordance with the Home Front Command’s guidelines.",https://t.me/idfofficial/17296
tg_17299_1,17299,2026-03-22T11:09:12+02:00,2026-03-22T11:09:12+02:00,detection_before_alert,iran,high,missile,True,"IDF: A short while ago, the IDF identified missiles launched from Iran toward the territory of the State of Israel. Defensive systems are operating to intercept the threat. In the past few minutes, the Home Front Command has sent a precautionary directive directly to mobile phones in the relevant areas. The public is asked to act responsibly and follow the instructions—they save lives. Upon receiving an alert, the public is instructed to enter a protected space and remain there until further notice. Leaving a protected space is permitted only after receiving explicit instructions. The public is requested to continue acting in accordance with the Home Front Command’s guidelines.",https://t.me/idfofficial/17299
tg_17303_1,17303,2026-03-22T11:59:16+02:00,2026-03-22T11:59:16+02:00,detection_before_alert,iran,high,missile,True,"IDF: A short while ago, the IDF identified missiles launched from Iran toward the territory of the State of Israel. Defensive systems are operating to intercept the threat. In the past few minutes, the Home Front Command has sent a precautionary directive directly to mobile phones in the relevant areas. The public is asked to act responsibly and follow the instructions—they save lives. Upon receiving an alert, the public is instructed to enter a protected space and remain there until further notice. Leaving a protected space is permitted only after receiving explicit instructions. The public is requested to continue acting in accordance with the Home Front Command’s guidelines.",https://t.me/idfofficial/17303
tg_17310_1,17310,2026-03-22T15:04:12+02:00,2026-03-22T15:04:12+02:00,detection_before_alert,iran,high,missile,True,"IDF: A short while ago, the IDF identified missiles launched from Iran toward the territory of the State of Israel. Defensive systems are operating to intercept the threat. In the past few minutes, the Home Front Command has sent a precautionary directive directly to mobile phones in the relevant areas. The public is asked to act responsibly and follow the instructions—they save lives. Upon receiving an alert, the public is instructed to enter a protected space and remain there until further notice. Leaving a protected space is permitted only after receiving explicit instructions. The public is requested to continue acting in accordance with the Home Front Command’s guidelines.",https://t.me/idfofficial/17310
tg_17313_1,17313,2026-03-22T18:23:03+02:00,2026-03-22T18:23:03+02:00,detection_before_alert,iran,high,missile,True,"IDF: A short while ago, the IDF identified missiles launched from Iran toward the territory of the State of Israel. Defensive systems are operating to intercept the threat. In the past few minutes, the Home Front Command has sent a precautionary directive directly to mobile phones in the relevant areas. The public is asked to act responsibly and follow the instructions—they save lives. Upon receiving an alert, the public is instructed to enter a protected space and remain there until further notice. Leaving a protected space is permitted only after receiving explicit instructions. The public is requested to continue acting in accordance with the Home Front Command’s guidelines.",https://t.me/idfofficial/17313
tg_17317_1,17317,2026-03-22T22:59:05+02:00,2026-03-22T22:59:05+02:00,detection_before_alert,iran,high,missile,True,"IDF: A short while ago, the IDF identified missiles launched from Iran toward the territory of the State of Israel. Defensive systems are operating to intercept the threat. In the past few minutes, the Home Front Command has sent a precautionary directive directly to mobile phones in the relevant areas. The public is asked to act responsibly and follow the instructions—they save lives. Upon receiving an alert, the public is instructed to enter a protected space and remain there until further notice. Leaving a protected space is permitted only after receiving explicit instructions. The public is requested to continue acting in accordance with the Home Front Command’s guidelines.",https://t.me/idfofficial/17317
tg_17319_1,17319,2026-03-22T23:17:54+02:00,2026-03-22T23:17:54+02:00,detection_before_alert,iran,high,missile,True,"IDF: A short while ago, the IDF identified missiles launched from Iran toward the territory of the State of Israel. Defensive systems are operating to intercept the threat. In the past few minutes, the Home Front Command has sent a precautionary directive directly to mobile phones in the relevant areas. The public is asked to act responsibly and follow the instructions—they save lives. Upon receiving an alert, the public is instructed to enter a protected space and remain there until further notice. Leaving a protected space is permitted only after receiving explicit instructions. The public is requested to continue acting in accordance with the Home Front Command’s guidelines.",https://t.me/idfofficial/17319
tg_17321_1,17321,2026-03-22T23:58:51+02:00,2026-03-22T23:58:51+02:00,detection_before_alert,iran,high,missile,True,"IDF: A short while ago, the IDF identified missiles launched from Iran toward the territory of the State of Israel. Defensive systems are operating to intercept the threat. In the past few minutes, the Home Front Command has sent a precautionary directive directly to mobile phones in the relevant areas. The public is asked to act responsibly and follow the instructions—they save lives. Upon receiving an alert, the public is instructed to enter a protected space and remain there until further notice. Leaving a protected space is permitted only after receiving explicit instructions. The public is requested to continue acting in accordance with the Home Front Command’s guidelines.",https://t.me/idfofficial/17321
tg_17325_1,17325,2026-03-23T06:53:34+02:00,2026-03-23T06:53:34+02:00,detection_before_alert,iran,high,missile,True,"IDF: A short while ago, the IDF identified missiles launched from Iran toward the territory of the State of Israel. Defensive systems are operating to intercept the threat. In the past few minutes, the Home Front Command has sent a precautionary directive directly to mobile phones in the relevant areas. The public is asked to act responsibly and follow the instructions—they save lives. Upon receiving an alert, the public is instructed to enter a protected space and remain there until further notice. Leaving a protected space is permitted only after receiving explicit instructions. The public is requested to continue acting in accordance with the Home Front Command’s guidelines.",https://t.me/idfofficial/17325
tg_17327_1,17327,2026-03-23T10:04:33+02:00,2026-03-23T10:04:33+02:00,detection_before_alert,iran,high,missile,True,"IDF: A short while ago, the IDF identified missiles launched from Iran toward the territory of the State of Israel. Defensive systems are operating to intercept the threat. In the past few minutes, the Home Front Command has sent a precautionary directive directly to mobile phones in the relevant areas. The public is asked to act responsibly and follow the instructions—they save lives. Upon receiving an alert, the public is instructed to enter a protected space and remain there until further notice. Leaving a protected space is permitted only after receiving explicit instructions. The public is requested to continue acting in accordance with the Home Front Command’s guidelines.",https://t.me/idfofficial/17327
tg_17339_1,17339,2026-03-23T21:26:11+02:00,2026-03-23T21:26:11+02:00,detection_before_alert,iran,high,missile,True,"IDF: A short while ago, the IDF identified missiles launched from Iran toward the territory of the State of Israel. Defensive systems are operating to intercept the threat. In the past few minutes, the Home Front Command has sent a precautionary directive directly to mobile phones in the relevant areas. The public is asked to act responsibly and follow the instructions—they save lives. Upon receiving an alert, the public is instructed to enter a protected space and remain there until further notice. Leaving a protected space is permitted only after receiving explicit instructions. The public is requested to continue acting in accordance with the Home Front Command’s guidelines.",https://t.me/idfofficial/17339
tg_17342_1,17342,2026-03-23T21:57:06+02:00,2026-03-23T21:57:06+02:00,detection_before_alert,iran,high,missile,True,"IDF: A short while ago, the IDF identified missiles launched from Iran toward the territory of the State of Israel. Defensive systems are operating to intercept the threat. In the past few minutes, the Home Front Command has sent a precautionary directive directly to mobile phones in the relevant areas. The public is asked to act responsibly and follow the instructions—they save lives. Upon receiving an alert, the public is instructed to enter a protected space and remain there until further notice. Leaving a protected space is permitted only after receiving explicit instructions. The public is requested to continue acting in accordance with the Home Front Command’s guidelines.",https://t.me/idfofficial/17342
tg_17344_1,17344,2026-03-24T00:17:48+02:00,2026-03-24T00:17:48+02:00,detection_before_alert,iran,high,missile,True,"IDF: A short while ago, the IDF identified missiles launched from Iran toward the territory of the State of Israel. Defensive systems are operating to intercept the threat. In the past few minutes, the Home Front Command has sent a precautionary directive directly to mobile phones in the relevant areas. The public is asked to act responsibly and follow the instructions—they save lives. Upon receiving an alert, the public is instructed to enter a protected space and remain there until further notice. Leaving a protected space is permitted only after receiving explicit instructions. The public is requested to continue acting in accordance with the Home Front Command’s guidelines.",https://t.me/idfofficial/17344
tg_17347_1,17347,2026-03-24T01:03:10+02:00,2026-03-24T01:03:10+02:00,detection_before_alert,iran,high,missile,True,"IDF: A short while ago, the IDF identified missiles launched from Iran toward the territory of the State of Israel. Defensive systems are operating to intercept the threat. In the past few minutes, the Home Front Command has sent a precautionary directive directly to mobile phones in the relevant areas. The public is asked to act responsibly and follow the instructions—they save lives. Upon receiving an alert, the public is instructed to enter a protected space and remain there until further notice. Leaving a protected space is permitted only after receiving explicit instructions. The public is requested to continue acting in accordance with the Home Front Command’s guidelines.",https://t.me/idfofficial/17347
tg_17349_1,17349,2026-03-24T03:55:23+02:00,2026-03-24T03:55:23+02:00,detection_before_alert,iran,high,missile,True,"IDF: A short while ago, the IDF identified missiles launched from Iran toward the territory of the State of Israel. Defensive systems are operating to intercept the threat. In the past few minutes, the Home Front Command has sent a precautionary directive directly to mobile phones in the relevant areas. The public is asked to act responsibly and follow the instructions—they save lives. Upon receiving an alert, the public is instructed to enter a protected space and remain there until further notice. Leaving a protected space is permitted only after receiving explicit instructions. The public is requested to continue acting in accordance with the Home Front Command’s guidelines.",https://t.me/idfofficial/17349
tg_17351_1,17351,2026-03-24T04:27:30+02:00,2026-03-24T04:27:30+02:00,detection_before_alert,iran,high,missile,True,"IDF: A short while ago, the IDF identified missiles launched from Iran toward the territory of the State of Israel. Defensive systems are operating to intercept the threat. In the past few minutes, the Home Front Command has sent a precautionary directive directly to mobile phones in the relevant areas. The public is asked to act responsibly and follow the instructions—they save lives. Upon receiving an alert, the public is instructed to enter a protected space and remain there until further notice. Leaving a protected space is permitted only after receiving explicit instructions. The public is requested to continue acting in accordance with the Home Front Command’s guidelines.",https://t.me/idfofficial/17351
tg_17353_1,17353,2026-03-24T06:10:29+02:00,2026-03-24T06:10:29+02:00,detection_before_alert,iran,high,missile,True,"IDF: A short while ago, the IDF identified missiles launched from Iran toward the territory of the State of Israel. Defensive systems are operating to intercept the threat. In the past few minutes, the Home Front Command has sent a precautionary directive directly to mobile phones in the relevant areas. The public is asked to act responsibly and follow the instructions—they save lives. Upon receiving an alert, the public is instructed to enter a protected space and remain there until further notice. Leaving a protected space is permitted only after receiving explicit instructions. The public is requested to continue acting in accordance with the Home Front Command’s guidelines.",https://t.me/idfofficial/17353
tg_17356_1,17356,2026-03-24T07:29:06+02:00,2026-03-24T07:29:06+02:00,detection_before_alert,iran,high,missile,True,"IDF: A short while ago, the IDF identified missiles launched from Iran toward the territory of the State of Israel. Defensive systems are operating to intercept the threat. In the past few minutes, the Home Front Command has sent a precautionary directive directly to mobile phones in the relevant areas. The public is asked to act responsibly and follow the instructions—they save lives. Upon receiving an alert, the public is instructed to enter a protected space and remain there until further notice. Leaving a protected space is permitted only after receiving explicit instructions. The public is requested to continue acting in accordance with the Home Front Command’s guidelines.",https://t.me/idfofficial/17356
tg_17360_1,17360,2026-03-24T08:59:51+02:00,2026-03-24T08:59:51+02:00,detection_before_alert,iran,high,missile,True,"IDF: A short while ago, the IDF identified missiles launched from Iran toward the territory of the State of Israel. Defensive systems are operating to intercept the threat. In the past few minutes, the Home Front Command has sent a precautionary directive directly to mobile phones in the relevant areas. The public is asked to act responsibly and follow the instructions—they save lives. Upon receiving an alert, the public is instructed to enter a protected space and remain there until further notice. Leaving a protected space is permitted only after receiving explicit instructions. The public is requested to continue acting in accordance with the Home Front Command’s guidelines.",https://t.me/idfofficial/17360
tg_17367_1,17367,2026-03-24T12:43:41+02:00,2026-03-24T12:43:41+02:00,detection_before_alert,iran,high,missile,True,"IDF: A short while ago, the IDF identified missiles launched from Iran toward the territory of the State of Israel. Defensive systems are operating to intercept the threat. In the past few minutes, the Home Front Command has sent a precautionary directive directly to mobile phones in the relevant areas. The public is asked to act responsibly and follow the instructions—they save lives. Upon receiving an alert, the public is instructed to enter a protected space and remain there until further notice. Leaving a protected space is permitted only after receiving explicit instructions. The public is requested to continue acting in accordance with the Home Front Command’s guidelines.",https://t.me/idfofficial/17367
tg_17369_1,17369,2026-03-24T14:38:25+02:00,2026-03-24T14:38:25+02:00,detection_before_alert,iran,high,missile,True,"IDF: A short while ago, the IDF identified missiles launched from Iran toward the territory of the State of Israel. Defensive systems are operating to intercept the threat. In the past few minutes, the Home Front Command has sent a precautionary directive directly to mobile phones in the relevant areas. The public is asked to act responsibly and follow the instructions—they save lives. Upon receiving an alert, the public is instructed to enter a protected space and remain there until further notice. Leaving a protected space is permitted only after receiving explicit instructions. The public is requested to continue acting in accordance with the Home Front Command’s guidelines.",https://t.me/idfofficial/17369
tg_17373_1,17373,2026-03-24T15:40:07+02:00,2026-03-24T15:40:07+02:00,detection_before_alert,iran,high,missile,True,"IDF: A short while ago, the IDF identified missiles launched from Iran toward the territory of the State of Israel. Defensive systems are operating to intercept the threat. In the past few minutes, the Home Front Command has sent a precautionary directive directly to mobile phones in the relevant areas. The public is asked to act responsibly and follow the instructions—they save lives. Upon receiving an alert, the public is instructed to enter a protected space and remain there until further notice. Leaving a protected space is permitted only after receiving explicit instructions. The public is requested to continue acting in accordance with the Home Front Command’s guidelines.",https://t.me/idfofficial/17373
tg_17377_1,17377,2026-03-24T18:58:14+02:00,2026-03-24T18:58:14+02:00,detection_before_alert,iran,high,missile,True,"IDF: A short while ago, the IDF identified missiles launched from Iran toward the territory of the State of Israel. Defensive systems are operating to intercept the threat. In the past few minutes, the Home Front Command has sent a precautionary directive directly to mobile phones in the relevant areas. The public is asked to act responsibly and follow the instructions—they save lives. Upon receiving an alert, the public is instructed to enter a protected space and remain there until further notice. Leaving a protected space is permitted only after receiving explicit instructions. The public is requested to continue acting in accordance with the Home Front Command’s guidelines.",https://t.me/idfofficial/17377
tg_17383_1,17383,2026-03-24T20:35:10+02:00,2026-03-24T20:35:10+02:00,detection_before_alert,iran,high,missile,True,"IDF: A short while ago, the IDF identified missiles launched from Iran toward the territory of the State of Israel. Defensive systems are operating to intercept the threat. In the past few minutes, the Home Front Command has sent a precautionary directive directly to mobile phones in the relevant areas. The public is asked to act responsibly and follow the instructions—they save lives. Upon receiving an alert, the public is instructed to enter a protected space and remain there until further notice. Leaving a protected space is permitted only after receiving explicit instructions. The public is requested to continue acting in accordance with the Home Front Command’s guidelines.",https://t.me/idfofficial/17383
tg_17388_1,17388,2026-03-24T23:29:53+02:00,2026-03-24T23:29:53+02:00,detection_before_alert,iran,high,missile,True,"IDF: A short while ago, the IDF identified missiles launched from Iran toward the territory of the State of Israel. Defensive systems are operating to intercept the threat. In the past few minutes, the Home Front Command has sent a precautionary directive directly to mobile phones in the relevant areas. The public is asked to act responsibly and follow the instructions—they save lives. Upon receiving an alert, the public is instructed to enter a protected space and remain there until further notice. Leaving a protected space is permitted only after receiving explicit instructions. The public is requested to continue acting in accordance with the Home Front Command’s guidelines.",https://t.me/idfofficial/17388
tg_17390_1,17390,2026-03-25T00:36:47+02:00,2026-03-25T00:36:47+02:00,detection_before_alert,iran,high,missile,True,"IDF: A short while ago, the IDF identified missiles launched from Iran toward the territory of the State of Israel. Defensive systems are operating to intercept the threat. In the past few minutes, the Home Front Command has sent a precautionary directive directly to mobile phones in the relevant areas. The public is asked to act responsibly and follow the instructions—they save lives. Upon receiving an alert, the public is instructed to enter a protected space and remain there until further notice. Leaving a protected space is permitted only after receiving explicit instructions. The public is requested to continue acting in accordance with the Home Front Command’s guidelines.",https://t.me/idfofficial/17390
tg_17393_1,17393,2026-03-25T02:49:51+02:00,2026-03-25T02:49:51+02:00,detection_before_alert,iran,high,missile,True,"IDF: A short while ago, the IDF identified missiles launched from Iran toward the territory of the State of Israel. Defensive systems are operating to intercept the threat. In the past few minutes, the Home Front Command has sent a precautionary directive directly to mobile phones in the relevant areas. The public is asked to act responsibly and follow the instructions—they save lives. Upon receiving an alert, the public is instructed to enter a protected space and remain there until further notice. Leaving a protected space is permitted only after receiving explicit instructions. The public is requested to continue acting in accordance with the Home Front Command’s guidelines.",https://t.me/idfofficial/17393
tg_17396_1,17396,2026-03-25T07:09:07+02:00,2026-03-25T07:09:07+02:00,detection_before_alert,iran,high,missile,True,"IDF: A short while ago, the IDF identified missiles launched from Iran toward the territory of the State of Israel. Defensive systems are operating to intercept the threat. In the past few minutes, the Home Front Command has sent a precautionary directive directly to mobile phones in the relevant areas. The public is asked to act responsibly and follow the instructions—they save lives. Upon receiving an alert, the public is instructed to enter a protected space and remain there until further notice. Leaving a protected space is permitted only after receiving explicit instructions. The public is requested to continue acting in accordance with the Home Front Command’s guidelines.",https://t.me/idfofficial/17396
tg_17400_1,17400,2026-03-25T10:42:57+02:00,2026-03-25T10:42:57+02:00,detection_before_alert,iran,high,missile,True,"IDF: A short while ago, the IDF identified missiles launched from Iran toward the territory of the State of Israel. Defensive systems are operating to intercept the threat. In the past few minutes, the Home Front Command has sent a precautionary directive directly to mobile phones in the relevant areas. The public is asked to act responsibly and follow the instructions—they save lives. Upon receiving an alert, the public is instructed to enter a protected space and remain there until further notice. Leaving a protected space is permitted only after receiving explicit instructions. The public is requested to continue acting in accordance with the Home Front Command’s guidelines.",https://t.me/idfofficial/17400
tg_17402_1,17402,2026-03-25T11:14:45+02:00,2026-03-25T11:14:45+02:00,detection_before_alert,iran,high,missile,True,"IDF: A short while ago, the IDF identified missiles launched from Iran toward the territory of the State of Israel. Defensive systems are operating to intercept the threat. In the past few minutes, the Home Front Command has sent a precautionary directive directly to mobile phones in the relevant areas. The public is asked to act responsibly and follow the instructions—they save lives. Upon receiving an alert, the public is instructed to enter a protected space and remain there until further notice. Leaving a protected space is permitted only after receiving explicit instructions. The public is requested to continue acting in accordance with the Home Front Command’s guidelines.",https://t.me/idfofficial/17402
tg_17407_1,17407,2026-03-25T14:13:59+02:00,2026-03-25T14:13:59+02:00,detection_before_alert,iran,high,missile,True,"IDF: A short while ago, the IDF identified missiles launched from Iran toward the territory of the State of Israel. Defensive systems are operating to intercept the threat. In the past few minutes, the Home Front Command has sent a precautionary directive directly to mobile phones in the relevant areas. The public is asked to act responsibly and follow the instructions—they save lives. Upon receiving an alert, the public is instructed to enter a protected space and remain there until further notice. Leaving a protected space is permitted only after receiving explicit instructions. The public is requested to continue acting in accordance with the Home Front Command’s guidelines.",https://t.me/idfofficial/17407
tg_17411_1,17411,2026-03-25T16:10:15+02:00,2026-03-25T16:10:15+02:00,detection_before_alert,iran,high,missile,True,"IDF: A short while ago, the IDF identified missiles launched from Iran toward the territory of the State of Israel. Defensive systems are operating to intercept the threat. In the past few minutes, the Home Front Command has sent a precautionary directive directly to mobile phones in the relevant areas. The public is asked to act responsibly and follow the instructions—they save lives. Upon receiving an alert, the public is instructed to enter a protected space and remain there until further notice. Leaving a protected space is permitted only after receiving explicit instructions. The public is requested to continue acting in accordance with the Home Front Command’s guidelines.",https://t.me/idfofficial/17411
tg_17420_1,17420,2026-03-26T06:49:46+02:00,2026-03-26T06:49:46+02:00,detection_before_alert,iran,high,missile,True,"IDF: A short while ago, the IDF identified missiles launched from Iran toward the territory of the State of Israel. Defensive systems are operating to intercept the threat. In the past few minutes, the Home Front Command has sent a precautionary directive directly to mobile phones in the relevant areas. The public is asked to act responsibly and follow the instructions—they save lives. Upon receiving an alert, the public is instructed to enter a protected space and remain there until further notice. Leaving a protected space is permitted only after receiving explicit instructions. The public is requested to continue acting in accordance with the Home Front Command’s guidelines.",https://t.me/idfofficial/17420
tg_17422_1,17422,2026-03-26T07:11:33+02:00,2026-03-26T07:11:33+02:00,detection_before_alert,iran,high,missile,True,"IDF: A short while ago, the IDF identified missiles launched from Iran toward the territory of the State of Israel. Defensive systems are operating to intercept the threat. In the past few minutes, the Home Front Command has sent a precautionary directive directly to mobile phones in the relevant areas. The public is asked to act responsibly and follow the instructions—they save lives. Upon receiving an alert, the public is instructed to enter a protected space and remain there until further notice. Leaving a protected space is permitted only after receiving explicit instructions. The public is requested to continue acting in accordance with the Home Front Command’s guidelines.",https://t.me/idfofficial/17422
tg_17425_1,17425,2026-03-26T08:19:30+02:00,2026-03-26T08:19:30+02:00,detection_before_alert,iran,high,missile,True,"IDF: A short while ago, the IDF identified missiles launched from Iran toward the territory of the State of Israel. Defensive systems are operating to intercept the threat. In the past few minutes, the Home Front Command has sent a precautionary directive directly to mobile phones in the relevant areas. The public is asked to act responsibly and follow the instructions—they save lives. Upon receiving an alert, the public is instructed to enter a protected space and remain there until further notice. Leaving a protected space is permitted only after receiving explicit instructions. The public is requested to continue acting in accordance with the Home Front Command’s guidelines.",https://t.me/idfofficial/17425
tg_17427_1,17427,2026-03-26T08:55:31+02:00,2026-03-26T08:55:31+02:00,detection_before_alert,iran,high,missile,True,"IDF: A short while ago, the IDF identified missiles launched from Iran toward the territory of the State of Israel. Defensive systems are operating to intercept the threat. In the past few minutes, the Home Front Command has sent a precautionary directive directly to mobile phones in the relevant areas. The public is asked to act responsibly and follow the instructions—they save lives. Upon receiving an alert, the public is instructed to enter a protected space and remain there until further notice. Leaving a protected space is permitted only after receiving explicit instructions. The public is requested to continue acting in accordance with the Home Front Command’s guidelines.",https://t.me/idfofficial/17427
tg_17430_1,17430,2026-03-26T10:33:53+02:00,2026-03-26T10:33:53+02:00,detection_before_alert,iran,high,missile,True,"IDF: A short while ago, the IDF identified missiles launched from Iran toward the territory of the State of Israel. Defensive systems are operating to intercept the threat. In the past few minutes, the Home Front Command has sent a precautionary directive directly to mobile phones in the relevant areas. The public is asked to act responsibly and follow the instructions—they save lives. Upon receiving an alert, the public is instructed to enter a protected space and remain there until further notice. Leaving a protected space is permitted only after receiving explicit instructions. The public is requested to continue acting in accordance with the Home Front Command’s guidelines.",https://t.me/idfofficial/17430
tg_17432_1,17432,2026-03-26T10:53:55+02:00,2026-03-26T10:53:55+02:00,detection_before_alert,iran,high,missile,True,"IDF: A short while ago, the IDF identified missiles launched from Iran toward the territory of the State of Israel. Defensive systems are operating to intercept the threat. In the past few minutes, the Home Front Command has sent a precautionary directive directly to mobile phones in the relevant areas. The public is asked to act responsibly and follow the instructions—they save lives. Upon receiving an alert, the public is instructed to enter a protected space and remain there until further notice. Leaving a protected space is permitted only after receiving explicit instructions. The public is requested to continue acting in accordance with the Home Front Command’s guidelines.",https://t.me/idfofficial/17432
tg_17435_1,17435,2026-03-26T13:18:10+02:00,2026-03-26T13:18:10+02:00,detection_before_alert,iran,high,missile,True,"IDF: A short while ago, the IDF identified missiles launched from Iran toward the territory of the State of Israel. Defensive systems are operating to intercept the threat. In the past few minutes, the Home Front Command has sent a precautionary directive directly to mobile phones in the relevant areas. The public is asked to act responsibly and follow the instructions—they save lives. Upon receiving an alert, the public is instructed to enter a protected space and remain there until further notice. Leaving a protected space is permitted only after receiving explicit instructions. The public is requested to continue acting in accordance with the Home Front Command’s guidelines.",https://t.me/idfofficial/17435
tg_17442_1,17442,2026-03-26T17:02:41+02:00,2026-03-26T17:02:41+02:00,detection_before_alert,iran,high,missile,True,"IDF: A short while ago, the IDF identified missiles launched from Iran toward the territory of the State of Israel. Defensive systems are operating to intercept the threat. In the past few minutes, the Home Front Command has sent a precautionary directive directly to mobile phones in the relevant areas. The public is asked to act responsibly and follow the instructions—they save lives. Upon receiving an alert, the public is instructed to enter a protected space and remain there until further notice. Leaving a protected space is permitted only after receiving explicit instructions. The public is requested to continue acting in accordance with the Home Front Command’s guidelines.",https://t.me/idfofficial/17442
tg_17445_1,17445,2026-03-26T17:43:15+02:00,2026-03-26T17:43:15+02:00,detection_before_alert,iran,high,missile,True,"IDF: A short while ago, the IDF identified missiles launched from Iran toward the territory of the State of Israel. Defensive systems are operating to intercept the threat. In the past few minutes, the Home Front Command has sent a precautionary directive directly to mobile phones in the relevant areas. The public is asked to act responsibly and follow the instructions—they save lives. Upon receiving an alert, the public is instructed to enter a protected space and remain there until further notice. Leaving a protected space is permitted only after receiving explicit instructions. The public is requested to continue acting in accordance with the Home Front Command’s guidelines.",https://t.me/idfofficial/17445
tg_17457_1,17457,2026-03-26T23:52:32+02:00,2026-03-26T23:52:32+02:00,detection_before_alert,iran,high,missile,True,"IDF: A short while ago, the IDF identified missiles launched from Iran toward the territory of the State of Israel. Defensive systems are operating to intercept the threat. In the past few minutes, the Home Front Command has sent a precautionary directive directly to mobile phones in the relevant areas. The public is asked to act responsibly and follow the instructions—they save lives. Upon receiving an alert, the public is instructed to enter a protected space and remain there until further notice. Leaving a protected space is permitted only after receiving explicit instructions. The public is requested to continue acting in accordance with the Home Front Command’s guidelines.",https://t.me/idfofficial/17457
tg_17459_1,17459,2026-03-27T01:40:23+02:00,2026-03-27T01:40:23+02:00,detection_before_alert,iran,high,missile,True,"IDF: A short while ago, the IDF identified missiles launched from Iran toward the territory of the State of Israel. Defensive systems are operating to intercept the threat. In the past few minutes, the Home Front Command has sent a precautionary directive directly to mobile phones in the relevant areas. The public is asked to act responsibly and follow the instructions—they save lives. Upon receiving an alert, the public is instructed to enter a protected space and remain there until further notice. Leaving a protected space is permitted only after receiving explicit instructions. The public is requested to continue acting in accordance with the Home Front Command’s guidelines.",https://t.me/idfofficial/17459
tg_17464_1,17464,2026-03-27T10:34:49+03:00,2026-03-27T10:34:49+03:00,detection_before_alert,iran,high,missile,True,"IDF: A short while ago, the IDF identified missiles launched from Iran toward the territory of the State of Israel. Defensive systems are operating to intercept the threat. In the past few minutes, the Home Front Command has sent a precautionary directive directly to mobile phones in the relevant areas. The public is asked to act responsibly and follow the instructions—they save lives. Upon receiving an alert, the public is instructed to enter a protected space and remain there until further notice. Leaving a protected space is permitted only after receiving explicit instructions. The public is requested to continue acting in accordance with the Home Front Command’s guidelines.",https://t.me/idfofficial/17464
tg_17468_1,17468,2026-03-27T13:24:53+03:00,2026-03-27T13:24:53+03:00,detection_before_alert,iran,high,missile,True,"IDF: A short while ago, the IDF identified missiles launched from Iran toward the territory of the State of Israel. Defensive systems are operating to intercept the threat. In the past few minutes, the Home Front Command has sent a precautionary directive directly to mobile phones in the relevant areas. The public is asked to act responsibly and follow the instructions—they save lives. Upon receiving an alert, the public is instructed to enter a protected space and remain there until further notice. Leaving a protected space is permitted only after receiving explicit instructions. The public is requested to continue acting in accordance with the Home Front Command’s guidelines.",https://t.me/idfofficial/17468
tg_17470_1,17470,2026-03-27T14:03:18+03:00,2026-03-27T14:03:18+03:00,detection_before_alert,iran,high,missile,True,"IDF: A short while ago, the IDF identified missiles launched from Iran toward the territory of the State of Israel. Defensive systems are operating to intercept the threat. In the past few minutes, the Home Front Command has sent a precautionary directive directly to mobile phones in the relevant areas. The public is asked to act responsibly and follow the instructions—they save lives. Upon receiving an alert, the public is instructed to enter a protected space and remain there until further notice. Leaving a protected space is permitted only after receiving explicit instructions. The public is requested to continue acting in accordance with the Home Front Command’s guidelines.",https://t.me/idfofficial/17470
tg_17484_1,17484,2026-03-27T23:10:34+03:00,2026-03-27T23:10:34+03:00,detection_before_alert,iran,high,missile,True,"IDF: A short while ago, the IDF identified missiles launched from Iran toward the territory of the State of Israel. Defensive systems are operating to intercept the threat. In the past few minutes, the Home Front Command has sent a precautionary directive directly to mobile phones in the relevant areas. The public is asked to act responsibly and follow the instructions—they save lives. Upon receiving an alert, the public is instructed to enter a protected space and remain there until further notice. Leaving a protected space is permitted only after receiving explicit instructions. The public is requested to continue acting in accordance with the Home Front Command’s guidelines.",https://t.me/idfofficial/17484
tg_17486_1,17486,2026-03-27T23:32:53+03:00,2026-03-27T23:32:53+03:00,detection_before_alert,iran,high,missile,True,"IDF: A short while ago, the IDF identified missiles launched from Iran toward the territory of the State of Israel. Defensive systems are operating to intercept the threat. In the past few minutes, the Home Front Command has sent a precautionary directive directly to mobile phones in the relevant areas. The public is asked to act responsibly and follow the instructions—they save lives. Upon receiving an alert, the public is instructed to enter a protected space and remain there until further notice. Leaving a protected space is permitted only after receiving explicit instructions. The public is requested to continue acting in accordance with the Home Front Command’s guidelines.",https://t.me/idfofficial/17486
tg_17490_1,17490,2026-03-28T01:24:49+03:00,2026-03-28T01:24:49+03:00,detection_before_alert,iran,high,missile,True,"IDF: A short while ago, the IDF identified missiles launched from Iran toward the territory of the State of Israel. Defensive systems are operating to intercept the threat. In the past few minutes, the Home Front Command has sent a precautionary directive directly to mobile phones in the relevant areas. The public is asked to act responsibly and follow the instructions—they save lives. Upon receiving an alert, the public is instructed to enter a protected space and remain there until further notice. Leaving a protected space is permitted only after receiving explicit instructions. The public is requested to continue acting in accordance with the Home Front Command’s guidelines.",https://t.me/idfofficial/17490
tg_17494_1,17494,2026-03-28T04:54:23+03:00,2026-03-28T04:54:23+03:00,detection_before_alert,iran,high,missile,True,"IDF: A short while ago, the IDF identified missiles launched from Iran toward the territory of the State of Israel. Defensive systems are operating to intercept the threat. In the past few minutes, the Home Front Command has sent a precautionary directive directly to mobile phones in the relevant areas. The public is asked to act responsibly and follow the instructions—they save lives. Upon receiving an alert, the public is instructed to enter a protected space and remain there until further notice. Leaving a protected space is permitted only after receiving explicit instructions. The public is requested to continue acting in accordance with the Home Front Command’s guidelines.",https://t.me/idfofficial/17494
tg_17496_1,17496,2026-03-28T06:12:47+03:00,2026-03-28T06:12:47+03:00,detection_before_alert,iran,high,missile,True,"IDF: A short while ago, the IDF identified missiles launched from Iran toward the territory of the State of Israel. Defensive systems are operating to intercept the threat. In the past few minutes, the Home Front Command has sent a precautionary directive directly to mobile phones in the relevant areas. The public is asked to act responsibly and follow the instructions—they save lives. Upon receiving an alert, the public is instructed to enter a protected space and remain there until further notice. Leaving a protected space is permitted only after receiving explicit instructions. The public is requested to continue acting in accordance with the Home Front Command’s guidelines.",https://t.me/idfofficial/17496
tg_17504_1,17504,2026-03-28T14:07:56+03:00,2026-03-28T14:07:56+03:00,detection_before_alert,iran,high,missile,True,"IDF: A short while ago, the IDF identified missiles launched from Iran toward the territory of the State of Israel. Defensive systems are operating to intercept the threat. In the past few minutes, the Home Front Command has sent a precautionary directive directly to mobile phones in the relevant areas. The public is asked to act responsibly and follow the instructions—they save lives. Upon receiving an alert, the public is instructed to enter a protected space and remain there until further notice. Leaving a protected space is permitted only after receiving explicit instructions. The public is requested to continue acting in accordance with the Home Front Command’s guidelines.",https://t.me/idfofficial/17504
tg_17509_1,17509,2026-03-28T17:53:04+03:00,2026-03-28T17:53:04+03:00,detection_before_alert,iran,high,missile,True,"IDF: A short while ago, the IDF identified missiles launched from Iran toward the territory of the State of Israel. Defensive systems are operating to intercept the threat. In the past few minutes, the Home Front Command has sent a precautionary directive directly to mobile phones in the relevant areas. The public is asked to act responsibly and follow the instructions—they save lives. Upon receiving an alert, the public is instructed to enter a protected space and remain there until further notice. Leaving a protected space is permitted only after receiving explicit instructions. The public is requested to continue acting in accordance with the Home Front Command’s guidelines.",https://t.me/idfofficial/17509
tg_17512_1,17512,2026-03-28T18:55:26+03:00,2026-03-28T18:55:26+03:00,detection_before_alert,iran,high,missile,True,"IDF: A short while ago, the IDF identified missiles launched from Iran toward the territory of the State of Israel. Defensive systems are operating to intercept the threat. In the past few minutes, the Home Front Command has sent a precautionary directive directly to mobile phones in the relevant areas. The public is asked to act responsibly and follow the instructions—they save lives. Upon receiving an alert, the public is instructed to enter a protected space and remain there until further notice. Leaving a protected space is permitted only after receiving explicit instructions. The public is requested to continue acting in accordance with the Home Front Command’s guidelines.",https://t.me/idfofficial/17512
tg_17517_1,17517,2026-03-28T20:59:17+03:00,2026-03-28T20:59:17+03:00,detection_before_alert,iran,high,missile,True,"IDF: A short while ago, the IDF identified missiles launched from Iran toward the territory of the State of Israel. Defensive systems are operating to intercept the threat. In the past few minutes, the Home Front Command has sent a precautionary directive directly to mobile phones in the relevant areas. The public is asked to act responsibly and follow the instructions—they save lives. Upon receiving an alert, the public is instructed to enter a protected space and remain there until further notice. Leaving a protected space is permitted only after receiving explicit instructions. The public is requested to continue acting in accordance with the Home Front Command’s guidelines.",https://t.me/idfofficial/17517
tg_17521_1,17521,2026-03-29T01:50:35+03:00,2026-03-29T01:50:35+03:00,detection_before_alert,iran,high,missile,True,"IDF: A short while ago, the IDF identified missiles launched from Iran toward the territory of the State of Israel. Defensive systems are operating to intercept the threat. In the past few minutes, the Home Front Command has sent a precautionary directive directly to mobile phones in the relevant areas. The public is asked to act responsibly and follow the instructions—they save lives. Upon receiving an alert, the public is instructed to enter a protected space and remain there until further notice. Leaving a protected space is permitted only after receiving explicit instructions. The public is requested to continue acting in accordance with the Home Front Command’s guidelines.",https://t.me/idfofficial/17521
tg_17523_1,17523,2026-03-29T05:20:22+03:00,2026-03-29T05:20:22+03:00,detection_before_alert,iran,high,missile,True,"IDF: A short while ago, the IDF identified missiles launched from Iran toward the territory of the State of Israel. Defensive systems are operating to intercept the threat. In the past few minutes, the Home Front Command has sent a precautionary directive directly to mobile phones in the relevant areas. The public is asked to act responsibly and follow the instructions—they save lives. Upon receiving an alert, the public is instructed to enter a protected space and remain there until further notice. Leaving a protected space is permitted only after receiving explicit instructions. The public is requested to continue acting in accordance with the Home Front Command’s guidelines.",https://t.me/idfofficial/17523
tg_17529_1,17529,2026-03-29T09:55:46+03:00,2026-03-29T09:55:46+03:00,detection_before_alert,iran,high,missile,True,"IDF: A short while ago, the IDF identified missiles launched from Iran toward the territory of the State of Israel. Defensive systems are operating to intercept the threat. In the past few minutes, the Home Front Command has sent a precautionary directive directly to mobile phones in the relevant areas. The public is asked to act responsibly and follow the instructions—they save lives. Upon receiving an alert, the public is instructed to enter a protected space and remain there until further notice. Leaving a protected space is permitted only after receiving explicit instructions. The public is requested to continue acting in accordance with the Home Front Command’s guidelines.",https://t.me/idfofficial/17529
tg_17532_1,17532,2026-03-29T13:22:48+03:00,2026-03-29T13:22:48+03:00,detection_before_alert,iran,high,missile,True,"IDF: A short while ago, the IDF identified missiles launched from Iran toward the territory of the State of Israel. Defensive systems are operating to intercept the threat. In the past few minutes, the Home Front Command has sent a precautionary directive directly to mobile phones in the relevant areas. The public is asked to act responsibly and follow the instructions—they save lives. Upon receiving an alert, the public is instructed to enter a protected space and remain there until further notice. Leaving a protected space is permitted only after receiving explicit instructions. The public is requested to continue acting in accordance with the Home Front Command’s guidelines.",https://t.me/idfofficial/17532
tg_17536_1,17536,2026-03-29T15:19:08+03:00,2026-03-29T15:19:08+03:00,detection_before_alert,iran,high,missile,True,"IDF: A short while ago, the IDF identified missiles launched from Iran toward the territory of the State of Israel. Defensive systems are operating to intercept the threat. In the past few minutes, the Home Front Command has sent a precautionary directive directly to mobile phones in the relevant areas. The public is asked to act responsibly and follow the instructions—they save lives. Upon receiving an alert, the public is instructed to enter a protected space and remain there until further notice. Leaving a protected space is permitted only after receiving explicit instructions. The public is requested to continue acting in accordance with the Home Front Command’s guidelines.",https://t.me/idfofficial/17536
tg_17538_1,17538,2026-03-29T17:35:25+03:00,2026-03-29T17:35:25+03:00,detection_before_alert,iran,high,missile,True,"IDF: A short while ago, the IDF identified missiles launched from Iran toward the territory of the State of Israel. Defensive systems are operating to intercept the threat. In the past few minutes, the Home Front Command has sent a precautionary directive directly to mobile phones in the relevant areas. The public is asked to act responsibly and follow the instructions—they save lives. Upon receiving an alert, the public is instructed to enter a protected space and remain there until further notice. Leaving a protected space is permitted only after receiving explicit instructions. The public is requested to continue acting in accordance with the Home Front Command’s guidelines.",https://t.me/idfofficial/17538
tg_17543_1,17543,2026-03-29T19:25:21+03:00,2026-03-29T19:25:21+03:00,detection_before_alert,iran,high,missile,True,"IDF: A short while ago, the IDF identified missiles launched from Iran toward the territory of the State of Israel. Defensive systems are operating to intercept the threat. In the past few minutes, the Home Front Command has sent a precautionary directive directly to mobile phones in the relevant areas. The public is asked to act responsibly and follow the instructions—they save lives. Upon receiving an alert, the public is instructed to enter a protected space and remain there until further notice. Leaving a protected space is permitted only after receiving explicit instructions. The public is requested to continue acting in accordance with the Home Front Command’s guidelines.",https://t.me/idfofficial/17543
tg_17547_1,17547,2026-03-29T22:09:30+03:00,2026-03-29T22:09:30+03:00,detection_before_alert,iran,high,missile,True,"IDF: A short while ago, the IDF identified missiles launched from Iran toward the territory of the State of Israel. Defensive systems are operating to intercept the threat. In the past few minutes, the Home Front Command has sent a precautionary directive directly to mobile phones in the relevant areas. The public is asked to act responsibly and follow the instructions—they save lives. Upon receiving an alert, the public is instructed to enter a protected space and remain there until further notice. Leaving a protected space is permitted only after receiving explicit instructions. The public is requested to continue acting in accordance with the Home Front Command’s guidelines.",https://t.me/idfofficial/17547
tg_17550_1,17550,2026-03-29T23:06:49+03:00,2026-03-29T23:06:49+03:00,detection_before_alert,iran,high,missile,True,"IDF: A short while ago, the IDF identified missiles launched from Iran toward the territory of the State of Israel. Defensive systems are operating to intercept the threat. In the past few minutes, the Home Front Command has sent a precautionary directive directly to mobile phones in the relevant areas. The public is asked to act responsibly and follow the instructions—they save lives. Upon receiving an alert, the public is instructed to enter a protected space and remain there until further notice. Leaving a protected space is permitted only after receiving explicit instructions. The public is requested to continue acting in accordance with the Home Front Command’s guidelines.",https://t.me/idfofficial/17550
tg_17553_1,17553,2026-03-30T01:22:21+03:00,2026-03-30T01:22:21+03:00,launch_report,yemen,high,uav,False,"IDF: In the past hour, two UAVs launched from Yemen were intercepted by the Israeli Air Force.",https://t.me/idfofficial/17553
tg_17556_1,17556,2026-03-30T06:43:06+03:00,2026-03-30T06:43:06+03:00,detection_before_alert,iran,high,missile,True,"IDF: A short while ago, the IDF identified missiles launched from Iran toward the territory of the State of Israel. Defensive systems are operating to intercept the threat. In the past few minutes, the Home Front Command has sent a precautionary directive directly to mobile phones in the relevant areas. The public is asked to act responsibly and follow the instructions—they save lives. Upon receiving an alert, the public is instructed to enter a protected space and remain there until further notice. Leaving a protected space is permitted only after receiving explicit instructions. The public is requested to continue acting in accordance with the Home Front Command’s guidelines.",https://t.me/idfofficial/17556
tg_17558_1,17558,2026-03-30T07:32:06+03:00,2026-03-30T07:32:06+03:00,detection_before_alert,iran,high,missile,True,"IDF: A short while ago, the IDF identified missiles launched from Iran toward the territory of the State of Israel. Defensive systems are operating to intercept the threat. In the past few minutes, the Home Front Command has sent a precautionary directive directly to mobile phones in the relevant areas. The public is asked to act responsibly and follow the instructions—they save lives. Upon receiving an alert, the public is instructed to enter a protected space and remain there until further notice. Leaving a protected space is permitted only after receiving explicit instructions. The public is requested to continue acting in accordance with the Home Front Command’s guidelines.",https://t.me/idfofficial/17558
tg_17561_1,17561,2026-03-30T08:43:10+03:00,2026-03-30T08:43:10+03:00,detection_before_alert,iran,high,missile,True,"IDF: A short while ago, the IDF identified missiles launched from Iran toward the territory of the State of Israel. Defensive systems are operating to intercept the threat. In the past few minutes, the Home Front Command has sent a precautionary directive directly to mobile phones in the relevant areas. The public is asked to act responsibly and follow the instructions—they save lives. Upon receiving an alert, the public is instructed to enter a protected space and remain there until further notice. Leaving a protected space is permitted only after receiving explicit instructions. The public is requested to continue acting in accordance with the Home Front Command’s guidelines.",https://t.me/idfofficial/17561
tg_17570_1,17570,2026-03-30T11:16:20+03:00,2026-03-30T11:16:20+03:00,detection_before_alert,iran,high,missile,True,"IDF: A short while ago, the IDF identified missiles launched from Iran toward the territory of the State of Israel. Defensive systems are operating to intercept the threat. In the past few minutes, the Home Front Command has sent a precautionary directive directly to mobile phones in the relevant areas. The public is asked to act responsibly and follow the instructions—they save lives. Upon receiving an alert, the public is instructed to enter a protected space and remain there until further notice. Leaving a protected space is permitted only after receiving explicit instructions. The public is requested to continue acting in accordance with the Home Front Command’s guidelines.",https://t.me/idfofficial/17570
tg_17571_1,17571,2026-03-30T11:16:39+03:00,2026-03-30T11:16:39+03:00,detection_before_alert,iran,high,missile,True,"IDF: A short while ago, the IDF identified missiles launched from Iran toward the territory of the State of Israel. Defensive systems are operating to intercept the threat. In the past few minutes, the Home Front Command has sent a precautionary directive directly to mobile phones in the relevant areas. The public is asked to act responsibly and follow the instructions—they save lives. Upon receiving an alert, the public is instructed to enter a protected space and remain there until further notice. Leaving a protected space is permitted only after receiving explicit instructions. The public is requested to continue acting in accordance with the Home Front Command’s guidelines.",https://t.me/idfofficial/17571
tg_17575_1,17575,2026-03-30T12:44:11+03:00,2026-03-30T12:44:11+03:00,detection_before_alert,iran,high,missile,True,"IDF: A short while ago, the IDF identified missiles launched from Iran toward the territory of the State of Israel. Defensive systems are operating to intercept the threat. In the past few minutes, the Home Front Command has sent a precautionary directive directly to mobile phones in the relevant areas. The public is asked to act responsibly and follow the instructions—they save lives. Upon receiving an alert, the public is instructed to enter a protected space and remain there until further notice. Leaving a protected space is permitted only after receiving explicit instructions. The public is requested to continue acting in accordance with the Home Front Command’s guidelines.",https://t.me/idfofficial/17575
tg_17585_1,17585,2026-03-30T21:00:33+03:00,2026-03-30T21:00:33+03:00,detection_before_alert,iran,high,missile,True,"IDF: A short while ago, the IDF identified missiles launched from Iran toward the territory of the State of Israel. Defensive systems are operating to intercept the threat. In the past few minutes, the Home Front Command has sent a precautionary directive directly to mobile phones in the relevant areas. The public is asked to act responsibly and follow the instructions—they save lives. Upon receiving an alert, the public is instructed to enter a protected space and remain there until further notice. Leaving a protected space is permitted only after receiving explicit instructions. The public is requested to continue acting in accordance with the Home Front Command’s guidelines.",https://t.me/idfofficial/17585
tg_17587_1,17587,2026-03-30T21:28:41+03:00,2026-03-30T21:28:41+03:00,detection_before_alert,iran,high,missile,True,"IDF: A short while ago, the IDF identified missiles launched from Iran toward the territory of the State of Israel. Defensive systems are operating to intercept the threat. In the past few minutes, the Home Front Command has sent a precautionary directive directly to mobile phones in the relevant areas. The public is asked to act responsibly and follow the instructions—they save lives. Upon receiving an alert, the public is instructed to enter a protected space and remain there until further notice. Leaving a protected space is permitted only after receiving explicit instructions. The public is requested to continue acting in accordance with the Home Front Command’s guidelines.",https://t.me/idfofficial/17587
tg_17591_1,17591,2026-03-31T05:29:19+03:00,2026-03-31T05:29:19+03:00,detection_before_alert,iran,high,missile,True,"IDF: A short while ago, the IDF identified missiles launched from Iran toward the territory of the State of Israel. Defensive systems are operating to intercept the threat. In the past few minutes, the Home Front Command has sent a precautionary directive directly to mobile phones in the relevant areas. The public is asked to act responsibly and follow the instructions—they save lives. Upon receiving an alert, the public is instructed to enter a protected space and remain there until further notice. Leaving a protected space is permitted only after receiving explicit instructions. The public is requested to continue acting in accordance with the Home Front Command’s guidelines.",https://t.me/idfofficial/17591
tg_17596_1,17596,2026-03-31T09:26:36+03:00,2026-03-31T09:26:36+03:00,detection_before_alert,iran,high,missile,True,"IDF: A short while ago, the IDF identified missiles launched from Iran toward the territory of the State of Israel. Defensive systems are operating to intercept the threat. In the past few minutes, the Home Front Command has sent a precautionary directive directly to mobile phones in the relevant areas. The public is asked to act responsibly and follow the instructions—they save lives. Upon receiving an alert, the public is instructed to enter a protected space and remain there until further notice. Leaving a protected space is permitted only after receiving explicit instructions. The public is requested to continue acting in accordance with the Home Front Command’s guidelines.",https://t.me/idfofficial/17596
tg_17599_1,17599,2026-03-31T10:59:32+03:00,2026-03-31T10:59:32+03:00,detection_before_alert,iran,high,missile,True,"IDF: A short while ago, the IDF identified missiles launched from Iran toward the territory of the State of Israel. Defensive systems are operating to intercept the threat. In the past few minutes, the Home Front Command has sent a precautionary directive directly to mobile phones in the relevant areas. The public is asked to act responsibly and follow the instructions—they save lives. Upon receiving an alert, the public is instructed to enter a protected space and remain there until further notice. Leaving a protected space is permitted only after receiving explicit instructions. The public is requested to continue acting in accordance with the Home Front Command’s guidelines.",https://t.me/idfofficial/17599
tg_17623_1,17623,2026-04-01T07:48:05+03:00,2026-04-01T07:48:05+03:00,detection_before_alert,iran,high,missile,True,"IDF: A short while ago, the IDF identified missiles launched from Iran toward the territory of the State of Israel. Defensive systems are operating to intercept the threat. In the past few minutes, the Home Front Command has sent a precautionary directive directly to mobile phones in the relevant areas. The public is asked to act responsibly and follow the instructions—they save lives. Upon receiving an alert, the public is instructed to enter a protected space and remain there until further notice. Leaving a protected space is permitted only after receiving explicit instructions. The public is requested to continue acting in accordance with the Home Front Command’s guidelines.",https://t.me/idfofficial/17623
tg_17626_1,17626,2026-04-01T08:27:39+03:00,2026-04-01T08:27:39+03:00,detection_before_alert,iran,high,missile,True,"IDF: A short while ago, the IDF identified missiles launched from Iran toward the territory of the State of Israel. Defensive systems are operating to intercept the threat. In the past few minutes, the Home Front Command has sent a precautionary directive directly to mobile phones in the relevant areas. The public is asked to act responsibly and follow the instructions—they save lives. Upon receiving an alert, the public is instructed to enter a protected space and remain there until further notice. Leaving a protected space is permitted only after receiving explicit instructions. The public is requested to continue acting in accordance with the Home Front Command’s guidelines.",https://t.me/idfofficial/17626
tg_17629_1,17629,2026-04-01T09:00:47+03:00,2026-04-01T09:00:47+03:00,detection_before_alert,iran,high,missile,True,"IDF: A short while ago, the IDF identified missiles launched from Iran toward the territory of the State of Israel. Defensive systems are operating to intercept the threat. In the past few minutes, the Home Front Command has sent a precautionary directive directly to mobile phones in the relevant areas. The public is asked to act responsibly and follow the instructions—they save lives. Upon receiving an alert, the public is instructed to enter a protected space and remain there until further notice. Leaving a protected space is permitted only after receiving explicit instructions. The public is requested to continue acting in accordance with the Home Front Command’s guidelines.",https://t.me/idfofficial/17629
tg_17632_1,17632,2026-04-01T09:45:33+03:00,2026-04-01T09:45:33+03:00,detection_before_alert,iran,high,missile,True,"IDF: A short while ago, the IDF identified missiles launched from Iran toward the territory of the State of Israel. Defensive systems are operating to intercept the threat. In the past few minutes, the Home Front Command has sent a precautionary directive directly to mobile phones in the relevant areas. The public is asked to act responsibly and follow the instructions—they save lives. Upon receiving an alert, the public is instructed to enter a protected space and remain there until further notice. Leaving a protected space is permitted only after receiving explicit instructions. The public is requested to continue acting in accordance with the Home Front Command’s guidelines.",https://t.me/idfofficial/17632
tg_17639_1,17639,2026-04-01T17:16:52+03:00,2026-04-01T17:16:52+03:00,detection_before_alert,iran,high,missile,True,"IDF: A short while ago, the IDF identified missiles launched from Iran toward the territory of the State of Israel. Defensive systems are operating to intercept the threat. In the past few minutes, the Home Front Command has sent a precautionary directive directly to mobile phones in the relevant areas. The public is asked to act responsibly and follow the instructions—they save lives. Upon receiving an alert, the public is instructed to enter a protected space and remain there until further notice. Leaving a protected space is permitted only after receiving explicit instructions. The public is requested to continue acting in accordance with the Home Front Command’s guidelines.",https://t.me/idfofficial/17639
tg_17643_1,17643,2026-04-01T18:03:08+03:00,2026-04-01T18:03:08+03:00,detection_before_alert,iran,high,missile,True,"IDF: A short while ago, the IDF identified missiles launched from Iran toward the territory of the State of Israel. Defensive systems are operating to intercept the threat. In the past few minutes, the Home Front Command has sent a precautionary directive directly to mobile phones in the relevant areas. The public is asked to act responsibly and follow the instructions—they save lives. Upon receiving an alert, the public is instructed to enter a protected space and remain there until further notice. Leaving a protected space is permitted only after receiving explicit instructions. The public is requested to continue acting in accordance with the Home Front Command’s guidelines.",https://t.me/idfofficial/17643
tg_17646_1,17646,2026-04-02T01:36:07+03:00,2026-04-02T01:36:07+03:00,detection_before_alert,iran,high,missile,True,"IDF: A short while ago, the IDF identified missiles launched from Iran toward the territory of the State of Israel. Defensive systems are operating to intercept the threat. In the past few minutes, the Home Front Command has sent a precautionary directive directly to mobile phones in the relevant areas. The public is asked to act responsibly and follow the instructions—they save lives. Upon receiving an alert, the public is instructed to enter a protected space and remain there until further notice. Leaving a protected space is permitted only after receiving explicit instructions. The public is requested to continue acting in accordance with the Home Front Command’s guidelines.",https://t.me/idfofficial/17646
tg_17648_1,17648,2026-04-02T03:24:23+03:00,2026-04-02T03:24:23+03:00,detection_before_alert,iran,high,missile,True,"IDF: A short while ago, the IDF identified missiles launched from Iran toward the territory of the State of Israel. Defensive systems are operating to intercept the threat. In the past few minutes, the Home Front Command has sent a precautionary directive directly to mobile phones in the relevant areas. The public is asked to act responsibly and follow the instructions—they save lives. Upon receiving an alert, the public is instructed to enter a protected space and remain there until further notice. Leaving a protected space is permitted only after receiving explicit instructions. The public is requested to continue acting in accordance with the Home Front Command’s guidelines.",https://t.me/idfofficial/17648
tg_17650_1,17650,2026-04-02T04:43:13+03:00,2026-04-02T04:43:13+03:00,detection_before_alert,iran,high,missile,True,"IDF: A short while ago, the IDF identified missiles launched from Iran toward the territory of the State of Israel. Defensive systems are operating to intercept the threat. In the past few minutes, the Home Front Command has sent a precautionary directive directly to mobile phones in the relevant areas. The public is asked to act responsibly and follow the instructions—they save lives. Upon receiving an alert, the public is instructed to enter a protected space and remain there until further notice. Leaving a protected space is permitted only after receiving explicit instructions. The public is requested to continue acting in accordance with the Home Front Command’s guidelines.",https://t.me/idfofficial/17650
tg_17652_1,17652,2026-04-02T07:13:35+03:00,2026-04-02T07:13:35+03:00,detection_before_alert,iran,high,missile,True,"IDF: A short while ago, the IDF identified missiles launched from Iran toward the territory of the State of Israel. Defensive systems are operating to intercept the threat. In the past few minutes, the Home Front Command has sent a precautionary directive directly to mobile phones in the relevant areas. The public is asked to act responsibly and follow the instructions—they save lives. Upon receiving an alert, the public is instructed to enter a protected space and remain there until further notice. Leaving a protected space is permitted only after receiving explicit instructions. The public is requested to continue acting in accordance with the Home Front Command’s guidelines.",https://t.me/idfofficial/17652
tg_17653_1,17653,2026-04-02T07:31:07+03:00,2026-04-02T07:31:07+03:00,detection_before_alert,iran,high,missile,True,"IDF: A short while ago, the IDF identified missiles launched from Iran IDF: Following the situational assessment, the Home Front Command has announced that it is now permitted to leave protected spaces in all areas of the country. The public is requested to continue to follow the Home Front Command instructions.",https://t.me/idfofficial/17653
tg_17658_1,17658,2026-04-02T17:46:47+03:00,2026-04-02T17:46:47+03:00,detection_before_alert,iran,high,missile,True,"IDF: A short while ago, the IDF identified missiles launched from Iran toward the territory of the State of Israel. Defensive systems are operating to intercept the threat. In the past few minutes, the Home Front Command has sent a precautionary directive directly to mobile phones in the relevant areas. The public is asked to act responsibly and follow the instructions—they save lives. Upon receiving an alert, the public is instructed to enter a protected space and remain there until further notice. Leaving a protected space is permitted only after receiving explicit instructions. The public is requested to continue acting in accordance with the Home Front Command’s guidelines.",https://t.me/idfofficial/17658
tg_17662_1,17662,2026-04-02T19:20:43+03:00,2026-04-02T19:20:43+03:00,detection_before_alert,iran,high,missile,True,"IDF: A short while ago, the IDF identified missiles launched from Iran toward the territory of the State of Israel. Defensive systems are operating to intercept the threat. In the past few minutes, the Home Front Command has sent a precautionary directive directly to mobile phones in the relevant areas. The public is asked to act responsibly and follow the instructions—they save lives. Upon receiving an alert, the public is instructed to enter a protected space and remain there until further notice. Leaving a protected space is permitted only after receiving explicit instructions. The public is requested to continue acting in accordance with the Home Front Command’s guidelines.",https://t.me/idfofficial/17662
tg_17668_1,17668,2026-04-03T03:09:50+03:00,2026-04-03T03:09:50+03:00,detection_before_alert,iran,high,missile,True,"IDF: A short while ago, the IDF identified missiles launched from Iran toward the territory of the State of Israel. Defensive systems are operating to intercept the threat. In the past few minutes, the Home Front Command has sent a precautionary directive directly to mobile phones in the relevant areas. The public is asked to act responsibly and follow the instructions—they save lives. Upon receiving an alert, the public is instructed to enter a protected space and remain there until further notice. Leaving a protected space is permitted only after receiving explicit instructions. The public is requested to continue acting in accordance with the Home Front Command’s guidelines.",https://t.me/idfofficial/17668
tg_17670_1,17670,2026-04-03T10:48:52+03:00,2026-04-03T10:48:52+03:00,detection_before_alert,iran,high,missile,True,"IDF: A short while ago, the IDF identified missiles launched from Iran toward the territory of the State of Israel. Defensive systems are operating to intercept the threat. In the past few minutes, the Home Front Command has sent a precautionary directive directly to mobile phones in the relevant areas. The public is asked to act responsibly and follow the instructions—they save lives. Upon receiving an alert, the public is instructed to enter a protected space and remain there until further notice. Leaving a protected space is permitted only after receiving explicit instructions. The public is requested to continue acting in accordance with the Home Front Command’s guidelines.",https://t.me/idfofficial/17670
tg_17676_1,17676,2026-04-03T16:08:32+03:00,2026-04-03T16:08:32+03:00,detection_before_alert,iran,high,missile,True,"IDF: A short while ago, the IDF identified missiles launched from Iran toward the territory of the State of Israel. Defensive systems are operating to intercept the threat. In the past few minutes, the Home Front Command has sent a precautionary directive directly to mobile phones in the relevant areas. The public is asked to act responsibly and follow the instructions—they save lives. Upon receiving an alert, the public is instructed to enter a protected space and remain there until further notice. Leaving a protected space is permitted only after receiving explicit instructions. The public is requested to continue acting in accordance with the Home Front Command’s guidelines.",https://t.me/idfofficial/17676
tg_17682_1,17682,2026-04-03T18:20:47+03:00,2026-04-03T18:20:47+03:00,detection_before_alert,iran,high,missile,True,"IDF: A short while ago, the IDF identified missiles launched from Iran toward the territory of the State of Israel. Defensive systems are operating to intercept the threat. In the past few minutes, the Home Front Command has sent a precautionary directive directly to mobile phones in the relevant areas. The public is asked to act responsibly and follow the instructions—they save lives. Upon receiving an alert, the public is instructed to enter a protected space and remain there until further notice. Leaving a protected space is permitted only after receiving explicit instructions. The public is requested to continue acting in accordance with the Home Front Command’s guidelines.",https://t.me/idfofficial/17682
tg_17685_1,17685,2026-04-03T19:25:01+03:00,2026-04-03T19:25:01+03:00,detection_before_alert,iran,high,missile,True,"IDF: A short while ago, the IDF identified missiles launched from Iran toward the territory of the State of Israel. Defensive systems are operating to intercept the threat. In the past few minutes, the Home Front Command has sent a precautionary directive directly to mobile phones in the relevant areas. The public is asked to act responsibly and follow the instructions—they save lives. Upon receiving an alert, the public is instructed to enter a protected space and remain there until further notice. Leaving a protected space is permitted only after receiving explicit instructions. The public is requested to continue acting in accordance with the Home Front Command’s guidelines.",https://t.me/idfofficial/17685
tg_17688_1,17688,2026-04-03T20:53:41+03:00,2026-04-03T20:53:41+03:00,detection_before_alert,iran,high,missile,True,"IDF: A short while ago, the IDF identified missiles launched from Iran toward the territory of the State of Israel. Defensive systems are operating to intercept the threat. In the past few minutes, the Home Front Command has sent a precautionary directive directly to mobile phones in the relevant areas. The public is asked to act responsibly and follow the instructions—they save lives. Upon receiving an alert, the public is instructed to enter a protected space and remain there until further notice. Leaving a protected space is permitted only after receiving explicit instructions. The public is requested to continue acting in accordance with the Home Front Command’s guidelines.",https://t.me/idfofficial/17688
tg_17692_1,17692,2026-04-04T01:26:26+03:00,2026-04-04T01:26:26+03:00,detection_before_alert,iran,high,missile,True,"IDF: A short while ago, the IDF identified missiles launched from Iran toward the territory of the State of Israel. Defensive systems are operating to intercept the threat. In the past few minutes, the Home Front Command has sent a precautionary directive directly to mobile phones in the relevant areas. The public is asked to act responsibly and follow the instructions—they save lives. Upon receiving an alert, the public is instructed to enter a protected space and remain there until further notice. Leaving a protected space is permitted only after receiving explicit instructions. The public is requested to continue acting in accordance with the Home Front Command’s guidelines.",https://t.me/idfofficial/17692
tg_17694_1,17694,2026-04-04T01:55:27+03:00,2026-04-04T01:55:27+03:00,detection_before_alert,iran,high,missile,True,"IDF: A short while ago, the IDF identified missiles launched from Iran toward the territory of the State of Israel. Defensive systems are operating to intercept the threat. In the past few minutes, the Home Front Command has sent a precautionary directive directly to mobile phones in the relevant areas. The public is asked to act responsibly and follow the instructions—they save lives. Upon receiving an alert, the public is instructed to enter a protected space and remain there until further notice. Leaving a protected space is permitted only after receiving explicit instructions. The public is requested to continue acting in accordance with the Home Front Command’s guidelines.",https://t.me/idfofficial/17694
tg_17698_1,17698,2026-04-04T11:45:25+03:00,2026-04-04T11:45:25+03:00,detection_before_alert,iran,high,missile,True,"IDF: A short while ago, the IDF identified missiles launched from Iran toward the territory of the State of Israel. Defensive systems are operating to intercept the threat. In the past few minutes, the Home Front Command has sent a precautionary directive directly to mobile phones in the relevant areas. The public is asked to act responsibly and follow the instructions—they save lives. Upon receiving an alert, the public is instructed to enter a protected space and remain there until further notice. Leaving a protected space is permitted only after receiving explicit instructions. The public is requested to continue acting in accordance with the Home Front Command’s guidelines.",https://t.me/idfofficial/17698
tg_17703_1,17703,2026-04-04T14:51:17+03:00,2026-04-04T14:51:17+03:00,detection_before_alert,iran,high,missile,True,"IDF: A short while ago, the IDF identified missiles launched from Iran toward the territory of the State of Israel. Defensive systems are operating to intercept the threat. In the past few minutes, the Home Front Command has sent a precautionary directive directly to mobile phones in the relevant areas. The public is asked to act responsibly and follow the instructions—they save lives. Upon receiving an alert, the public is instructed to enter a protected space and remain there until further notice. Leaving a protected space is permitted only after receiving explicit instructions. The public is requested to continue acting in accordance with the Home Front Command’s guidelines.",https://t.me/idfofficial/17703
tg_17707_1,17707,2026-04-04T16:20:33+03:00,2026-04-04T16:20:33+03:00,detection_before_alert,iran,high,missile,True,"IDF: A short while ago, the IDF identified missiles launched from Iran toward the territory of the State of Israel. Defensive systems are operating to intercept the threat. In the past few minutes, the Home Front Command has sent a precautionary directive directly to mobile phones in the relevant areas. The public is asked to act responsibly and follow the instructions—they save lives. Upon receiving an alert, the public is instructed to enter a protected space and remain there until further notice. Leaving a protected space is permitted only after receiving explicit instructions. The public is requested to continue acting in accordance with the Home Front Command’s guidelines.",https://t.me/idfofficial/17707
tg_17708_1,17708,2026-04-04T17:44:16+03:00,2026-04-04T17:44:16+03:00,detection_before_alert,iran,high,missile,True,"IDF: A short while ago, the IDF identified missiles launched from Iran toward the territory of the State of Israel. Defensive systems are operating to intercept the threat. In the past few minutes, the Home Front Command has sent a precautionary directive directly to mobile phones in the relevant areas. The public is asked to act responsibly and follow the instructions—they save lives. Upon receiving an alert, the public is instructed to enter a protected space and remain there until further notice. Leaving a protected space is permitted only after receiving explicit instructions. The public is requested to continue acting in accordance with the Home Front Command’s guidelines.",https://t.me/idfofficial/17708
tg_17710_1,17710,2026-04-04T18:28:30+03:00,2026-04-04T18:28:30+03:00,detection_before_alert,iran,high,missile,True,"IDF: A short while ago, the IDF identified missiles launched from Iran toward the territory of the State of Israel. Defensive systems are operating to intercept the threat. In the past few minutes, the Home Front Command has sent a precautionary directive directly to mobile phones in the relevant areas. The public is asked to act responsibly and follow the instructions—they save lives. Upon receiving an alert, the public is instructed to enter a protected space and remain there until further notice. Leaving a protected space is permitted only after receiving explicit instructions. The public is requested to continue acting in accordance with the Home Front Command’s guidelines.",https://t.me/idfofficial/17710
tg_17712_1,17712,2026-04-04T19:25:29+03:00,2026-04-04T19:25:29+03:00,detection_before_alert,iran,high,missile,True,"IDF: A short while ago, the IDF identified missiles launched from Iran toward the territory of the State of Israel. Defensive systems are operating to intercept the threat. In the past few minutes, the Home Front Command has sent a precautionary directive directly to mobile phones in the relevant areas. The public is asked to act responsibly and follow the instructions—they save lives. Upon receiving an alert, the public is instructed to enter a protected space and remain there until further notice. Leaving a protected space is permitted only after receiving explicit instructions. The public is requested to continue acting in accordance with the Home Front Command’s guidelines.",https://t.me/idfofficial/17712
tg_17720_1,17720,2026-04-05T01:37:05+03:00,2026-04-05T01:37:05+03:00,detection_before_alert,iran,high,missile,True,"IDF: A short while ago, the IDF identified missiles launched from Iran toward the territory of the State of Israel. Defensive systems are operating to intercept the threat. In the past few minutes, the Home Front Command has sent a precautionary directive directly to mobile phones in the relevant areas. The public is asked to act responsibly and follow the instructions—they save lives. Upon receiving an alert, the public is instructed to enter a protected space and remain there until further notice. Leaving a protected space is permitted only after receiving explicit instructions. The public is requested to continue acting in accordance with the Home Front Command’s guidelines.",https://t.me/idfofficial/17720
tg_17722_1,17722,2026-04-05T04:08:05+03:00,2026-04-05T04:08:05+03:00,detection_before_alert,iran,high,missile,True,"IDF: A short while ago, the IDF identified missiles launched from Iran toward the territory of the State of Israel. Defensive systems are operating to intercept the threat. In the past few minutes, the Home Front Command has sent a precautionary directive directly to mobile phones in the relevant areas. The public is asked to act responsibly and follow the instructions—they save lives. Upon receiving an alert, the public is instructed to enter a protected space and remain there until further notice. Leaving a protected space is permitted only after receiving explicit instructions. The public is requested to continue acting in accordance with the Home Front Command’s guidelines.",https://t.me/idfofficial/17722
tg_17726_1,17726,2026-04-05T09:59:27+03:00,2026-04-05T09:59:27+03:00,detection_before_alert,iran,high,missile,True,"IDF: A short while ago, the IDF identified missiles launched from Iran toward the territory of the State of Israel. Defensive systems are operating to intercept the threat. In the past few minutes, the Home Front Command has sent a precautionary directive directly to mobile phones in the relevant areas. The public is asked to act responsibly and follow the instructions—they save lives. Upon receiving an alert, the public is instructed to enter a protected space and remain there until further notice. Leaving a protected space is permitted only after receiving explicit instructions. The public is requested to continue acting in accordance with the Home Front Command’s guidelines.",https://t.me/idfofficial/17726
tg_17730_1,17730,2026-04-05T13:27:12+03:00,2026-04-05T13:27:12+03:00,detection_before_alert,iran,high,missile,True,"IDF: A short while ago, the IDF identified missiles launched from Iran toward the territory of the State of Israel. Defensive systems are operating to intercept the threat. In the past few minutes, the Home Front Command has sent a precautionary directive directly to mobile phones in the relevant areas. The public is asked to act responsibly and follow the instructions—they save lives. Upon receiving an alert, the public is instructed to enter a protected space and remain there until further notice. Leaving a protected space is permitted only after receiving explicit instructions. The public is requested to continue acting in accordance with the Home Front Command’s guidelines.",https://t.me/idfofficial/17730
tg_17737_1,17737,2026-04-05T18:09:28+03:00,2026-04-05T18:09:28+03:00,detection_before_alert,iran,high,missile,True,"IDF: A short while ago, the IDF identified missiles launched from Iran toward the territory of the State of Israel. Defensive systems are operating to intercept the threat. In the past few minutes, the Home Front Command has sent a precautionary directive directly to mobile phones in the relevant areas. The public is asked to act responsibly and follow the instructions—they save lives. Upon receiving an alert, the public is instructed to enter a protected space and remain there until further notice. Leaving a protected space is permitted only after receiving explicit instructions. The public is requested to continue acting in accordance with the Home Front Command’s guidelines.",https://t.me/idfofficial/17737
tg_17743_1,17743,2026-04-06T03:20:49+03:00,2026-04-06T03:20:49+03:00,detection_before_alert,iran,high,missile,True,"IDF: A short while ago, the IDF identified missiles launched from Iran toward the territory of the State of Israel. Defensive systems are operating to intercept the threat. In the past few minutes, the Home Front Command has sent a precautionary directive directly to mobile phones in the relevant areas. The public is asked to act responsibly and follow the instructions—they save lives. Upon receiving an alert, the public is instructed to enter a protected space and remain there until further notice. Leaving a protected space is permitted only after receiving explicit instructions. The public is requested to continue acting in accordance with the Home Front Command’s guidelines.",https://t.me/idfofficial/17743
tg_17745_1,17745,2026-04-06T05:42:54+03:00,2026-04-06T05:42:54+03:00,detection_before_alert,iran,high,missile,True,"IDF: A short while ago, the IDF identified missiles launched from Iran toward the territory of the State of Israel. Defensive systems are operating to intercept the threat. In the past few minutes, the Home Front Command has sent a precautionary directive directly to mobile phones in the relevant areas. The public is asked to act responsibly and follow the instructions—they save lives. Upon receiving an alert, the public is instructed to enter a protected space and remain there until further notice. Leaving a protected space is permitted only after receiving explicit instructions. The public is requested to continue acting in accordance with the Home Front Command’s guidelines.",https://t.me/idfofficial/17745
tg_17749_1,17749,2026-04-06T06:43:48+03:00,2026-04-06T06:43:48+03:00,detection_before_alert,iran,high,missile,True,"IDF: A short while ago, the IDF identified missiles launched from Iran toward the territory of the State of Israel. Defensive systems are operating to intercept the threat. In the past few minutes, the Home Front Command has sent a precautionary directive directly to mobile phones in the relevant areas. The public is asked to act responsibly and follow the instructions—they save lives. Upon receiving an alert, the public is instructed to enter a protected space and remain there until further notice. Leaving a protected space is permitted only after receiving explicit instructions. The public is requested to continue acting in accordance with the Home Front Command’s guidelines.",https://t.me/idfofficial/17749
tg_17751_1,17751,2026-04-06T07:54:14+03:00,2026-04-06T07:54:14+03:00,detection_before_alert,iran,high,missile,True,"IDF: A short while ago, the IDF identified missiles launched from Iran toward the territory of the State of Israel. Defensive systems are operating to intercept the threat. In the past few minutes, the Home Front Command has sent a precautionary directive directly to mobile phones in the relevant areas. The public is asked to act responsibly and follow the instructions—they save lives. Upon receiving an alert, the public is instructed to enter a protected space and remain there until further notice. Leaving a protected space is permitted only after receiving explicit instructions. The public is requested to continue acting in accordance with the Home Front Command’s guidelines.",https://t.me/idfofficial/17751
tg_17760_1,17760,2026-04-06T13:33:50+03:00,2026-04-06T13:33:50+03:00,detection_before_alert,iran,high,missile,True,"IDF: A short while ago, the IDF identified missiles launched from Iran toward the territory of the State of Israel. Defensive systems are operating to intercept the threat. In the past few minutes, the Home Front Command has sent a precautionary directive directly to mobile phones in the relevant areas. The public is asked to act responsibly and follow the instructions—they save lives. Upon receiving an alert, the public is instructed to enter a protected space and remain there until further notice. Leaving a protected space is permitted only after receiving explicit instructions. The public is requested to continue acting in accordance with the Home Front Command’s guidelines.",https://t.me/idfofficial/17760
tg_17764_1,17764,2026-04-06T15:41:31+03:00,2026-04-06T15:41:31+03:00,detection_before_alert,iran,high,missile,True,"IDF: A short while ago, the IDF identified missiles launched from Iran toward the territory of the State of Israel. Defensive systems are operating to intercept the threat. In the past few minutes, the Home Front Command has sent a precautionary directive directly to mobile phones in the relevant areas. The public is asked to act responsibly and follow the instructions—they save lives. Upon receiving an alert, the public is instructed to enter a protected space and remain there until further notice. Leaving a protected space is permitted only after receiving explicit instructions. The public is requested to continue acting in accordance with the Home Front Command’s guidelines.",https://t.me/idfofficial/17764
tg_17775_1,17775,2026-04-07T03:27:26+03:00,2026-04-07T03:27:26+03:00,detection_before_alert,iran,high,missile,True,"IDF: A short while ago, the IDF identified missiles launched from Iran toward the territory of the State of Israel. Defensive systems are operating to intercept the threat. In the past few minutes, the Home Front Command has sent a precautionary directive directly to mobile phones in the relevant areas. The public is asked to act responsibly and follow the instructions—they save lives. Upon receiving an alert, the public is instructed to enter a protected space and remain there until further notice. Leaving a protected space is permitted only after receiving explicit instructions. The public is requested to continue acting in accordance with the Home Front Command’s guidelines.",https://t.me/idfofficial/17775
tg_17778_1,17778,2026-04-07T09:02:24+03:00,2026-04-07T09:02:24+03:00,detection_before_alert,iran,high,missile,True,"IDF: A short while ago, the IDF identified missiles launched from Iran toward the territory of the State of Israel. Defensive systems are operating to intercept the threat. In the past few minutes, the Home Front Command has sent a precautionary directive directly to mobile phones in the relevant areas. The public is asked to act responsibly and follow the instructions—they save lives. Upon receiving an alert, the public is instructed to enter a protected space and remain there until further notice. Leaving a protected space is permitted only after receiving explicit instructions. The public is requested to continue acting in accordance with the Home Front Command’s guidelines.",https://t.me/idfofficial/17778
tg_17786_1,17786,2026-04-07T13:01:28+03:00,2026-04-07T13:01:28+03:00,detection_before_alert,iran,high,missile,True,"IDF: A short while ago, the IDF identified missiles launched from Iran toward the territory of the State of Israel. Defensive systems are operating to intercept the threat. In the past few minutes, the Home Front Command has sent a precautionary directive directly to mobile phones in the relevant areas. The public is asked to act responsibly and follow the instructions—they save lives. Upon receiving an alert, the public is instructed to enter a protected space and remain there until further notice. Leaving a protected space is permitted only after receiving explicit instructions. The public is requested to continue acting in accordance with the Home Front Command’s guidelines.",https://t.me/idfofficial/17786
tg_17790_1,17790,2026-04-07T16:09:37+03:00,2026-04-07T16:09:37+03:00,detection_before_alert,iran,high,missile,True,"IDF: A short while ago, the IDF identified missiles launched from Iran toward the territory of the State of Israel. Defensive systems are operating to intercept the threat. In the past few minutes, the Home Front Command has sent a precautionary directive directly to mobile phones in the relevant areas. The public is asked to act responsibly and follow the instructions—they save lives. Upon receiving an alert, the public is instructed to enter a protected space and remain there until further notice. Leaving a protected space is permitted only after receiving explicit instructions. The public is requested to continue acting in accordance with the Home Front Command’s guidelines.",https://t.me/idfofficial/17790
tg_17793_1,17793,2026-04-07T18:15:43+03:00,2026-04-07T18:15:43+03:00,detection_before_alert,iran,high,missile,True,"IDF: A short while ago, the IDF identified missiles launched from Iran toward the territory of the State of Israel. Defensive systems are operating to intercept the threat. In the past few minutes, the Home Front Command has sent a precautionary directive directly to mobile phones in the relevant areas. The public is asked to act responsibly and follow the instructions—they save lives. Upon receiving an alert, the public is instructed to enter a protected space and remain there until further notice. Leaving a protected space is permitted only after receiving explicit instructions. The public is requested to continue acting in accordance with the Home Front Command’s guidelines.",https://t.me/idfofficial/17793
tg_17795_1,17795,2026-04-07T18:37:44+03:00,2026-04-07T18:37:44+03:00,detection_before_alert,iran,high,missile,True,"IDF: A short while ago, the IDF identified missiles launched from Iran toward the territory of the State of Israel. Defensive systems are operating to intercept the threat. In the past few minutes, the Home Front Command has sent a precautionary directive directly to mobile phones in the relevant areas. The public is asked to act responsibly and follow the instructions—they save lives. Upon receiving an alert, the public is instructed to enter a protected space and remain there until further notice. Leaving a protected space is permitted only after receiving explicit instructions. The public is requested to continue acting in accordance with the Home Front Command’s guidelines.",https://t.me/idfofficial/17795
tg_17799_1,17799,2026-04-07T20:33:50+03:00,2026-04-07T20:33:50+03:00,detection_before_alert,iran,high,missile,True,"IDF: A short while ago, the IDF identified missiles launched from Iran toward the territory of the State of Israel. Defensive systems are operating to intercept the threat. In the past few minutes, the Home Front Command has sent a precautionary directive directly to mobile phones in the relevant areas. The public is asked to act responsibly and follow the instructions—they save lives. Upon receiving an alert, the public is instructed to enter a protected space and remain there until further notice. Leaving a protected space is permitted only after receiving explicit instructions. The public is requested to continue acting in accordance with the Home Front Command’s guidelines.",https://t.me/idfofficial/17799
tg_17802_1,17802,2026-04-07T21:59:03+03:00,2026-04-07T21:59:03+03:00,detection_before_alert,iran,high,missile,True,"IDF: A short while ago, the IDF identified missiles launched from Iran toward the territory of the State of Israel. Defensive systems are operating to intercept the threat. In the past few minutes, the Home Front Command has sent a precautionary directive directly to mobile phones in the relevant areas. The public is asked to act responsibly and follow the instructions—they save lives. Upon receiving an alert, the public is instructed to enter a protected space and remain there until further notice. Leaving a protected space is permitted only after receiving explicit instructions. The public is requested to continue acting in accordance with the Home Front Command’s guidelines.",https://t.me/idfofficial/17802
tg_17804_1,17804,2026-04-08T01:41:37+03:00,2026-04-08T01:41:37+03:00,detection_before_alert,iran,high,missile,True,"IDF: A short while ago, the IDF identified missiles launched from Iran toward the territory of the State of Israel. Defensive systems are operating to intercept the threat. In the past few minutes, the Home Front Command has sent a precautionary directive directly to mobile phones in the relevant areas. The public is asked to act responsibly and follow the instructions—they save lives. Upon receiving an alert, the public is instructed to enter a protected space and remain there until further notice. Leaving a protected space is permitted only after receiving explicit instructions. The public is requested to continue acting in accordance with the Home Front Command’s guidelines.",https://t.me/idfofficial/17804
tg_17806_1,17806,2026-04-08T02:34:36+03:00,2026-04-08T02:34:36+03:00,detection_before_alert,iran,high,missile,True,"IDF: A short while ago, the IDF identified missiles launched from Iran toward the territory of the State of Israel. Defensive systems are operating to intercept the threat. In the past few minutes, the Home Front Command has sent a precautionary directive directly to mobile phones in the relevant areas. The public is asked to act responsibly and follow the instructions—they save lives. Upon receiving an alert, the public is instructed to enter a protected space and remain there until further notice. Leaving a protected space is permitted only after receiving explicit instructions. The public is requested to continue acting in accordance with the Home Front Command’s guidelines.",https://t.me/idfofficial/17806
tg_17808_1,17808,2026-04-08T03:16:14+03:00,2026-04-08T03:16:14+03:00,detection_before_alert,iran,high,missile,True,"IDF: A short while ago, the IDF identified missiles launched from Iran toward the territory of the State of Israel. Defensive systems are operating to intercept the threat. In the past few minutes, the Home Front Command has sent a precautionary directive directly to mobile phones in the relevant areas. The public is asked to act responsibly and follow the instructions—they save lives. Upon receiving an alert, the public is instructed to enter a protected space and remain there until further notice. Leaving a protected space is permitted only after receiving explicit instructions. The public is requested to continue acting in accordance with the Home Front Command’s guidelines.",https://t.me/idfofficial/17808
tg_17861_1,17861,2026-04-13T16:57:07+03:00,2026-04-13T16:57:07+03:00,launch_report,lebanon,high,uav,False,"IDF: Since this morning: More than 10 hostile aircraft launched from Lebanon to the State of Israel were intercepted Since this morning, the Israeli Air Force intercepted more than 10 hostile aircraft launched from Lebanon toward the State of Israel and IDF soldiers operating in southern Lebanon. The Israeli Air Force continues to remove threats to the civilians of the State of Israel, while further degrading the Hezbollah terrorist organization’s capabilities. Attached is footage of a hostile aircraft intercepted by aerial defense systems: https://bit.ly/4ci1y2r",https://t.me/idfofficial/17861
tg_17924_1,17924,2026-04-21T19:32:08+03:00,2026-04-21T19:32:08+03:00,confirmation_after_alert,lebanon,high,mixed,True,"IDF: A short while ago, the Hezbollah terrorist organization launched several rockets toward IDF soldiers operating south of the Forward Defense Line, in the area of Rab Thalathin in southern Lebanon. In response, the IDF struck the launcher from which the rockets were launched. Contrary to the report of the false identification, and according to an additional inquiry, the sirens in the areas of Kfar Yuval and Ma'ayan Baruch were most likely sounded following the interception of a UAV launched from Lebanon prior to crossing into Israeli territory. The launches constitute a blatant violation of the ceasefire agreement.",https://t.me/idfofficial/17924
tg_17945_1,17945,2026-04-23T23:30:27+03:00,2026-04-23T23:30:27+03:00,confirmation_after_alert,lebanon,high,unknown,True,"IDF: Following the sirens that sounded in the area of Shtula a short while ago, several launches that crossed from Lebanon into Israeli territory were identified. The Israeli Air Force intercepted the launches. Sirens were sounded in accordance with protocol.",https://t.me/idfofficial/17945
tg_17965_1,17965,2026-04-25T16:19:53+03:00,2026-04-25T16:19:53+03:00,confirmation_after_alert,lebanon,high,projectile,True,"IDF: Following the sirens that sounded in the areas of Manara, Margaliot, and Misgav Am, two projectiles that were launched from Lebanon toward Israeli territory were identified. One projectile was succesfully intercepted, and the other fell in an open area. No injuries were reported. This incident constitutes a blatant violation of the ceasefire understandings by the Hezbollah terrorist organization.",https://t.me/idfofficial/17965
tg_17968_1,17968,2026-04-25T17:38:21+03:00,2026-04-25T17:38:21+03:00,confirmation_after_alert,lebanon,high,uav,False,"IDF: Following the sirens that were sounded in several areas in northern Israel, the Israeli Air Force successfully intercepted a suspicious aerial target that was launched from Lebanon toward Israeli territory. Contact with an additional suspicious aerial target was lost. No injuries were reported. This incident constitutes a blatant violation of the ceasefire understandings by the Hezbollah terrorist organization.",https://t.me/idfofficial/17968
tg_17990_1,17990,2026-04-27T08:21:10+03:00,2026-04-27T07:40:00+03:00,explicit_siren_time,lebanon,high,mixed,True,"IDF: Following the sirens that sounded in the communities of northern Israel regarding a hostile aircraft infiltration at 7:40, The contact with the target that was launched from Lebanon toward Israeli territory was lost. No injuries were reported. Missile and rocket alerts were activated due to concerns of falling interception debris. Following the sirens that were sounded in the communities of northern Israel regarding a hostile aircraft infiltration at 8:05 it was determined to be a false identification.",https://t.me/idfofficial/17990
tg_17990_2,17990,2026-04-27T08:21:10+03:00,2026-04-27T08:05:00+03:00,explicit_siren_time,lebanon,high,mixed,True,"IDF: Following the sirens that sounded in the communities of northern Israel regarding a hostile aircraft infiltration at 7:40, The contact with the target that was launched from Lebanon toward Israeli territory was lost. No injuries were reported. Missile and rocket alerts were activated due to concerns of falling interception debris. Following the sirens that were sounded in the communities of northern Israel regarding a hostile aircraft infiltration at 8:05 it was determined to be a false identification.",https://t.me/idfofficial/17990
tg_18024_1,18024,2026-04-29T11:15:35+03:00,2026-04-29T11:15:35+03:00,confirmation_after_alert,lebanon,high,uav,False,"IDF: Following the Hostile aircraft infiltration sirens that sounded in the area of Avivim, the Israeli Air Force successfully intercepted a UAV that was launched from Lebanon prior to its crossing into Israeli territory. In an additional incident a short while ago, an interceptor was launched toward a suspicious aerial target that was identified in the area in which IDF soldiers are operating in southern Lebanon. The results of the interception are under review. The target did not cross into Israeli territory. No sirens were sounded in accordance with protocol. These incidents constitute a violation of the ceasefire understandings by the Hezbollah terrorist organization.",https://t.me/idfofficial/18024
tg_18029_1,18029,2026-04-29T14:22:12+03:00,2026-04-29T14:22:12+03:00,confirmation_after_alert,lebanon,high,projectile,True,"IDF: Following the sirens that were sounded in several areas in northern Israel, two projectiles that were launched from Lebanon toward Israeli territory were identified. One projectile was intercepted, and the other fell in an open area. This incident constitutes an additional violation of the ceasefire understandings by the Hezbollah terrorist organization.",https://t.me/idfofficial/18029
tg_18040_1,18040,2026-04-29T21:04:49+03:00,2026-04-29T21:04:49+03:00,confirmation_after_alert,lebanon,high,uav,False,"IDF: Following the sirens that were sounded in the area of Misgav Am, the Israeli Air Force successfully intercepted a suspicious aerial target that was launched from Lebanon toward Israeli territory. In an additional incident, a short while ago an interceptor was launched toward a suspicious aerial target that was identified in the area in which IDF soldiers are operating in southern Lebanon. The target did not cross into Israeli territory. No sirens were sounded in accordance with protocol.",https://t.me/idfofficial/18040
tg_18061_1,18061,2026-05-01T11:15:29+03:00,2026-05-01T11:15:29+03:00,confirmation_after_alert,lebanon,high,uav,False,"IDF: Following the sirens that sounded in the area of Rosh HaNikra, the Israeli Air Force successfully intercepted a UAV that crossed from Lebanon into Israeli territory. Sirens were sounded in accordance with protocol. A short while ago, the Israeli Air Force successfully intercepted three suspicious aerial targets prior to crossing into Israeli territory. No sirens were sounded in accordance with protocol. Additionally, an additional interceptor was launched toward a suspicious aerial target that was identified in the area in which IDF soldiers are operating in southern Lebanon. The results of the interception are under review. No sirens were sounded in accordance with protocol.",https://t.me/idfofficial/18061
tg_18078_1,18078,2026-05-03T10:26:50+03:00,2026-05-03T10:26:50+03:00,confirmation_after_alert,lebanon,high,projectile,True,"IDF: Following the sirens that sounded in the area of Avivim a short while ago, several projectiles that were launched from Lebanon toward Israeli territory were identified. The Israeli Air Force intercepted one of the launches; the results of the interception of the additional launches are under review. This incident constitutes an additional violation of the ceasefire understandings by the Hezbollah terrorist organization.",https://t.me/idfofficial/18078
tg_18128_1,18128,2026-05-07T01:35:36+03:00,2026-05-07T01:35:36+03:00,confirmation_after_alert,lebanon,high,mixed,True,"IDF: Following the sirens that sounded a short while ago in Manara, Margaliot, and Kiryat Shmona, the Israeli Air Force intercepted a suspicious aerial target launched from Lebanon toward Israeli territory. Missiles and rocket alerts were activated due to concerns of falling debris from the interceptor.",https://t.me/idfofficial/18128
tg_18148_1,18148,2026-05-08T16:40:01+03:00,2026-05-08T16:40:01+03:00,launch_report,lebanon,high,rocket,True,IDF: The Israeli Air Force struck a launcher from which Hezbollah launched rockets toward Israel's northern communities Attached is footage of the strike: https://bit.ly/48KHkh1,https://t.me/idfofficial/18148
tg_18158_1,18158,2026-05-09T20:05:30+03:00,2026-05-09T20:05:30+03:00,confirmation_after_alert,lebanon,high,projectile,True,"IDF: Following the sirens that sounded a short while ago in the area of Bar'am, one projectile launched from Lebanon toward Israeli territory was identified. The projectile fell in open areas. No injuries were reported. This incident constitutes another violation of the ceasefire understandings by the Hezbollah terrorist organization.",https://t.me/idfofficial/18158
tg_18160_1,18160,2026-05-09T20:31:43+03:00,2026-05-09T20:31:43+03:00,confirmation_after_alert,lebanon,high,mixed,True,"IDF: Following the sirens that sounded in several areas in northern Israel regarding a hostile aircraft infiltration, the Israeli Air Force intercepted several suspicious aerial targets launched from Lebanon toward Israeli territory. No injuries were reported. Missile and rocket alerts were activated due to the interception attempts. This incident constitutes another violation of the ceasefire understandings by the Hezbollah terrorist organization.",https://t.me/idfofficial/18160
tg_18178_1,18178,2026-05-10T23:05:11+03:00,2026-05-10T23:05:11+03:00,confirmation_after_alert,lebanon,high,uav,False,"IDF: Following the sirens that sounded regarding a hostile aircraft infiltration in a number of areas in northern Israel, the Israeli Air Force intercepted a suspicious aerial target launched from Lebanon into Israeli territory. This incident constitutes a violation of the ceasefire understandings by the Hezbollah terrorist organization.",https://t.me/idfofficial/18178
tg_18228_1,18228,2026-05-14T11:30:46+03:00,2026-05-14T11:06:00+03:00,explicit_siren_time,lebanon,high,uav,False,"IDF: Following the sirens that sounded in the area of Misgav Am at 11:06, an interceptor was launched toward a suspicious aerial target launched from Lebanon toward Israeli territory. The results of the interception are under review. Additionally, following the sirens that sounded in the Mevuot Hermon Regional Council at 11:13, a suspicious aerial target was identified. The incident has concluded. No injuries were reported. These incidents constitute additional violations of the ceasefire understandings by the Hezbollah terrorist organization.",https://t.me/idfofficial/18228
tg_18228_2,18228,2026-05-14T11:30:46+03:00,2026-05-14T11:13:00+03:00,explicit_siren_time,lebanon,high,uav,False,"IDF: Following the sirens that sounded in the area of Misgav Am at 11:06, an interceptor was launched toward a suspicious aerial target launched from Lebanon toward Israeli territory. The results of the interception are under review. Additionally, following the sirens that sounded in the Mevuot Hermon Regional Council at 11:13, a suspicious aerial target was identified. The incident has concluded. No injuries were reported. These incidents constitute additional violations of the ceasefire understandings by the Hezbollah terrorist organization.",https://t.me/idfofficial/18228
tg_18231_1,18231,2026-05-14T13:43:14+03:00,2026-05-14T13:43:14+03:00,confirmation_after_alert,lebanon,high,uav,False,"IDF: Following the sirens that sounded a short while ago in the areas of Shlomi and Betzet, a suspicious aerial target launched from Lebanon toward Israeli territory was identified. The incident has concluded. No injuries were reported.",https://t.me/idfofficial/18231
tg_18243_1,18243,2026-05-15T07:14:32+03:00,2026-05-15T07:14:32+03:00,confirmation_after_alert,lebanon,high,projectile,True,"IDF: Following the sirens that sounded a short while ago in the areas of Masad and Eilabun, one projectile that crossed from Lebanon toward Israeli territory was intercepted. This incident constitutes an additional violation of the ceasefire understandings by the Hezbollah terrorist organization.",https://t.me/idfofficial/18243
tg_18254_1,18254,2026-05-15T18:20:27+03:00,2026-05-15T18:20:27+03:00,confirmation_after_alert,lebanon,high,uav,False,"IDF: Following the sirens that sounded a short while ago regarding a hostile aircraft infiltration in several areas in northern Israel, interceptors were launched toward several hostile aircrafts launched from Lebanon toward Israeli territory. One aircraft was intercepted, and several fell in open areas, in accordance with protocol. This incident constitutes an additional violation of the ceasefire understandings by the Hezbollah terrorist organization.",https://t.me/idfofficial/18254
tg_18259_1,18259,2026-05-15T19:28:46+03:00,2026-05-15T19:28:46+03:00,confirmation_after_alert,lebanon,high,uav,False,"IDF: Following the sirens that sounded a short while ago regarding a hostile aircraft infiltration in several areas in northern Israel, interceptors were launched toward several hostile aircraft launched from Lebanon toward Israeli territory. Two aircraft were intercepted, and several fell in open areas, in accordance with protocol. Impacts were identified in the areas of Metula and Kiryat Shmona. No injuries were reported. This incident constitutes an additional violation of the ceasefire understandings by the Hezbollah terrorist organization.",https://t.me/idfofficial/18259
tg_18271_1,18271,2026-05-16T16:05:32+03:00,2026-05-16T16:05:32+03:00,confirmation_after_alert,lebanon,high,uav,False,"IDF: Following the sirens that sounded a short while ago regarding a hostile aircraft infiltration in the area of Metula, the Israeli Air Force intercepted a suspicious aerial target that crossed from Lebanon into Israeli territory. This incident constitutes an additional violation of the ceasefire understandings by the Hezbollah terrorist organization.",https://t.me/idfofficial/18271
tg_18308_1,18308,2026-05-19T12:22:53+03:00,2026-05-19T12:22:53+03:00,confirmation_after_alert,lebanon,high,uav,False,"IDF: Following the sirens that sounded a short while ago regarding a hostile aircraft infiltration in several areas in northern Israel, a UAV that crossed from Lebanon to Israeli territory was intercepted.",https://t.me/idfofficial/18308
tg_18347_1,18347,2026-05-22T17:51:32+03:00,2026-05-22T17:51:32+03:00,confirmation_after_alert,lebanon,high,unknown,True,"IDF: Following the sirens that sounded in the past hour in several areas in northern Israel, the Israeli Air Force intercepted two suspicious aerial targets launched from Lebanon toward Israeli territory. Additionally, several impacts of suspicious aerial targets were identified in the area of the Israel-Lebanon border, within Israeli territory. The details are under review. Sirens were sounded in accordance with protocol.",https://t.me/idfofficial/18347
tg_18373_1,18373,2026-05-24T13:32:00+03:00,2026-05-24T13:32:00+03:00,confirmation_after_alert,lebanon,high,mixed,True,"IDF: Following the sirens that sounded a short while ago in the areas of Adamit and Arab al-Aramshe, an interceptor was launched toward a suspicious aerial target launched from Lebanon toward Israeli territory. The results of the interception are under review. Missile and rocket alerts were activated due to the interception attempts.",https://t.me/idfofficial/18373
tg_18394_1,18394,2026-05-25T12:57:06+03:00,2026-05-25T12:57:06+03:00,confirmation_after_alert,lebanon,high,uav,False,"IDF: Following the sirens that sounded regarding a hostile aircraft infiltration in several areas in northern Israel, the Hezbollah terrorist organization launched a number of explosive drones toward IDF soldiers and Israeli territory. As a result, an explosive drone impact has been identified in Metula. The incident is under review.",https://t.me/idfofficial/18394
tg_18417_1,18417,2026-05-26T14:08:54+03:00,2026-05-26T14:08:54+03:00,launch_report,lebanon,high,mixed,True,"IDF: Starting today (Tuesday): The Home Front Command will provide preliminary alerts for rocket and missile fire from Lebanon when operational conditions allow Commander of the Home Front Command, MG Rafi Milo: “Out of a deep commitment to civilian safety and improving protective capabilities, we have completed a professional process aimed at providing preliminary alerts for launches from Lebanese territory as well. The purpose of this initiative is to provide the public with additional preparation time prior to receiving an alert.” The preliminary alert will be distributed through the Home Front Command app, the Home Front Command Personal Message Platform (CB), the National Emergency Portal, and the Home Front Command Telegram channels. The preparation time provided by the preliminary alert for this threat will be relatively short and will vary according to the distance from the source of the launch: * Confrotation Line – several seconds prior to the sound of sirens. * Northern region – up to approximately one minute prior to the sound of sirens. * Rest of the country – up to approximately two minutes prior to the sound of sirens. Upon receiving an early warning regarding incoming fire from Lebanon, the public is instructed to move closer to a protected space so that, upon the sound of sirens, they can enter it within the required protection time for their area. It should be emphasized that there may be cases in which a siren will sound is issued without a prior early warning. Likewise, there may be cases in which an early warning is issued but no alert (siren) ultimately follows. The Home Front Command will continue to examine and improve its civilian alert capabilities in order to provide the public with additional time to safely reach protected spaces wherever possible.",https://t.me/idfofficial/18417
tg_18430_1,18430,2026-05-27T04:12:52+03:00,2026-05-27T04:12:52+03:00,confirmation_after_alert,lebanon,high,projectile,True,"IDF: ​Following the sirens that sounded a short while ago in several areas in northern Israel, one projectile that was launched from Lebanon crossed into Israeli territory and fell in an open area. No injuries were reported.",https://t.me/idfofficial/18430
tg_18489_1,18489,2026-05-30T01:55:25+03:00,2026-05-30T01:55:25+03:00,confirmation_after_alert,lebanon,high,projectile,True,"IDF: ​Following the sirens that sounded a short while ago in several areas in northern Israel, two projectiles launched from Lebanon toward Israeli territory were intercepted. No injuries were reported.",https://t.me/idfofficial/18489
tg_18491_1,18491,2026-05-30T02:18:00+03:00,2026-05-30T02:18:00+03:00,confirmation_after_alert,lebanon,high,projectile,True,"IDF: ​Following the sirens that sounded a short while ago in several areas in northern Israel, two projectiles launched from Lebanon toward Israeli territory were intercepted. No injuries were reported.",https://t.me/idfofficial/18491
tg_18493_1,18493,2026-05-30T03:49:03+03:00,2026-05-30T03:49:03+03:00,confirmation_after_alert,lebanon,high,projectile,True,"IDF: ​Following the sirens that sounded a short while ago in several areas in northern Israel, several projectiles launched from Lebanon toward Israeli territory were identified. The majority of the projectiles were intercepted, and a hit was identified in the area of Kiryat Shmona. No injuries were reported.",https://t.me/idfofficial/18493
tg_18495_1,18495,2026-05-30T06:18:55+03:00,2026-05-30T06:18:55+03:00,confirmation_after_alert,lebanon,high,projectile,True,"IDF: ​Following the sirens that sounded a short while ago in several areas in northern Israel, one projectile launched from Lebanon toward Israeli territory was intercepted.",https://t.me/idfofficial/18495
tg_18497_1,18497,2026-05-30T12:48:29+03:00,2026-05-30T12:48:29+03:00,confirmation_after_alert,lebanon,high,projectile,True,"IDF: ​Following the sirens that sounded a short while ago in several areas in northern Israel, a projectile launched from Lebanon toward Israeli territory was intercepted.",https://t.me/idfofficial/18497
tg_18499_1,18499,2026-05-30T14:22:39+03:00,2026-05-30T13:01:00+03:00,explicit_siren_time,lebanon,high,mixed,True,"IDF: ​Following the sirens that sounded at 13:01 regarding a hostile aircraft infiltration in several areas in northern Israel, a UAV launched from Lebanon toward Israeli territory was intercepted. Likewise, a suspicious aerial target fell in Israeli territory, near the Israel-Lebanon border. No injuries were reported. Missile and rocket alerts were activated due to concerns of falling debris from the interceptor. ​Following the sirens that sounded at 13:41 regarding a hostile aircraft infiltration in the areas of Misgav Am and Metula, a suspicious aerial target was identified that did not cross into Israeli territory. The incident has concluded.",https://t.me/idfofficial/18499
tg_18499_2,18499,2026-05-30T14:22:39+03:00,2026-05-30T13:41:00+03:00,explicit_siren_time,lebanon,high,mixed,True,"IDF: ​Following the sirens that sounded at 13:01 regarding a hostile aircraft infiltration in several areas in northern Israel, a UAV launched from Lebanon toward Israeli territory was intercepted. Likewise, a suspicious aerial target fell in Israeli territory, near the Israel-Lebanon border. No injuries were reported. Missile and rocket alerts were activated due to concerns of falling debris from the interceptor. ​Following the sirens that sounded at 13:41 regarding a hostile aircraft infiltration in the areas of Misgav Am and Metula, a suspicious aerial target was identified that did not cross into Israeli territory. The incident has concluded.",https://t.me/idfofficial/18499
tg_18501_1,18501,2026-05-30T15:33:17+03:00,2026-05-30T15:33:17+03:00,confirmation_after_alert,lebanon,high,mixed,True,"IDF: Following the sirens that sounded a short while ago regarding a hostile aircraft infiltration in the areas of Metula and Kfar Giladi, a suspicious aerial target launched from Lebanon toward Israeli territory was intercepted. Missile and rocket alerts were activated due to concerns of falling debris from the interceptor.",https://t.me/idfofficial/18501
tg_18503_1,18503,2026-05-30T16:12:16+03:00,2026-05-30T16:12:16+03:00,confirmation_after_alert,lebanon,high,mixed,True,"IDF: Following the sirens that sounded a short while ago regarding a hostile aircraft infiltration in several areas in northern Israel, a UAV launched from Lebanon toward Israeli territory was identified. The incident has concluded. No injuries were reported. Missile and rocket alerts were activated due to the interception attempts.",https://t.me/idfofficial/18503
tg_18506_1,18506,2026-05-30T16:35:20+03:00,2026-05-30T16:35:20+03:00,confirmation_after_alert,lebanon,high,projectile,True,"IDF: ​Following the sirens that sounded a short while ago in several areas in northern Israel, two projectiles launched from Lebanon toward Israeli territory were identified. One projectile was intercepted, and the other fell in an open area. No injuries were reported.",https://t.me/idfofficial/18506
tg_18509_1,18509,2026-05-30T17:11:03+03:00,2026-05-30T17:11:03+03:00,confirmation_after_alert,lebanon,high,projectile,True,"IDF: Following the sirens that sounded a short while ago in several areas in northern Israel, several projectiles launched from Lebanon toward Israeli territory were identified. Some of the projectiles were intercepted, and the others fell in open areas. No injuries were reported.",https://t.me/idfofficial/18509
tg_18511_1,18511,2026-05-30T18:52:57+03:00,2026-05-30T18:52:57+03:00,confirmation_after_alert,lebanon,high,projectile,True,"IDF: Following the sirens that sounded a short while ago in several areas in northern Israel, two projectiles launched from Lebanon toward Israeli territory were intercepted.",https://t.me/idfofficial/18511
tg_18513_1,18513,2026-05-30T19:45:17+03:00,2026-05-30T19:45:17+03:00,confirmation_after_alert,lebanon,high,mixed,True,"IDF: Following the sirens that sounded a short while ago in several areas in northern Israel, several projectiles launched from Lebanon toward Israeli territory were intercepted. Following the sirens that sounded a short while ago regarding a hostile aircraft infiltration in the area of Shomera, it was determined to be a false identification.",https://t.me/idfofficial/18513
tg_18516_1,18516,2026-05-30T22:03:32+03:00,2026-05-30T22:03:32+03:00,confirmation_after_alert,lebanon,high,projectile,True,"IDF: Following the sirens that sounded a short while ago in several areas in northern Israel, the Israeli Air Force intercepted two projectiles launched from Lebanon. No injuries were reported.",https://t.me/idfofficial/18516
tg_18518_1,18518,2026-05-30T23:04:16+03:00,2026-05-30T23:04:16+03:00,confirmation_after_alert,lebanon,high,uav,False,"IDF: Following the sirens that sounded regarding a hostile aircraft infiltration in the area of Rosh HaNikra, a suspicious aerial target that crossed from Lebanon into Israeli territory was identified. The incident has concluded.",https://t.me/idfofficial/18518
tg_18525_1,18525,2026-05-31T11:23:22+03:00,2026-05-31T10:49:00+03:00,explicit_siren_time,lebanon,high,projectile,True,"IDF: Following the sirens that sounded at 10:49 in the area of Zar'it, the Israeli Air Force intercepted two projectiles launched from Lebanon toward Israeli territory.",https://t.me/idfofficial/18525
tg_18528_1,18528,2026-05-31T11:57:44+03:00,2026-05-31T11:57:44+03:00,confirmation_after_alert,lebanon,high,projectile,True,"IDF: Following the sirens that sounded a short while ago in several areas in northern Israel, several projectiles launched from Lebanon toward Israeli territory were identified. The Israeli Air Force intercepted most of the projectiles. Several additional projectiles fell in open areas in accordance with protocol. No injuries were reported.",https://t.me/idfofficial/18528
tg_18531_1,18531,2026-05-31T12:58:37+03:00,2026-05-31T12:09:00+03:00,explicit_siren_time,lebanon,high,mixed,True,"IDF: Following the sirens that sounded at 12:09 in the areas of Kfar Giladi and Metula, two projectiles launched from Lebanon toward Israeli territory were identified. The Israeli Air Force intercepted one projectile, and the additional projectile fell in an open area in accordance with protocol. No injuries were reported. Following the sirens that sounded at 12:29 in the area of Acre and additional areas in northern Israel, several projectiles launched from Lebanon toward Israeli territory were identified. The Israeli Air Force intercepted one projectile, and the additional projectiles fell in open areas in accordance with protocol. Following the sirens that sounded at 12:37 regarding a hostile aircraft infiltration in the area of Kiryat Shmona, a suspicious aerial target was identified. The incident has concluded. In all incidents, no reports of injuries were received.",https://t.me/idfofficial/18531
tg_18531_2,18531,2026-05-31T12:58:37+03:00,2026-05-31T12:29:00+03:00,explicit_siren_time,lebanon,high,mixed,True,"IDF: Following the sirens that sounded at 12:09 in the areas of Kfar Giladi and Metula, two projectiles launched from Lebanon toward Israeli territory were identified. The Israeli Air Force intercepted one projectile, and the additional projectile fell in an open area in accordance with protocol. No injuries were reported. Following the sirens that sounded at 12:29 in the area of Acre and additional areas in northern Israel, several projectiles launched from Lebanon toward Israeli territory were identified. The Israeli Air Force intercepted one projectile, and the additional projectiles fell in open areas in accordance with protocol. Following the sirens that sounded at 12:37 regarding a hostile aircraft infiltration in the area of Kiryat Shmona, a suspicious aerial target was identified. The incident has concluded. In all incidents, no reports of injuries were received.",https://t.me/idfofficial/18531
tg_18531_3,18531,2026-05-31T12:58:37+03:00,2026-05-31T12:37:00+03:00,explicit_siren_time,lebanon,high,mixed,True,"IDF: Following the sirens that sounded at 12:09 in the areas of Kfar Giladi and Metula, two projectiles launched from Lebanon toward Israeli territory were identified. The Israeli Air Force intercepted one projectile, and the additional projectile fell in an open area in accordance with protocol. No injuries were reported. Following the sirens that sounded at 12:29 in the area of Acre and additional areas in northern Israel, several projectiles launched from Lebanon toward Israeli territory were identified. The Israeli Air Force intercepted one projectile, and the additional projectiles fell in open areas in accordance with protocol. Following the sirens that sounded at 12:37 regarding a hostile aircraft infiltration in the area of Kiryat Shmona, a suspicious aerial target was identified. The incident has concluded. In all incidents, no reports of injuries were received.",https://t.me/idfofficial/18531
tg_18534_1,18534,2026-05-31T13:24:02+03:00,2026-05-31T12:54:00+03:00,explicit_siren_time,lebanon,high,projectile,True,"IDF: Following the sirens that sounded at 12:54 and at 13:05 in several areas in northern Israel, the Israeli Air Force intercepted several projectiles launched from Lebanon toward Israeli territory. An additional projectile fell in an open area in accordance with protocol.",https://t.me/idfofficial/18534
tg_18535_1,18535,2026-05-31T14:36:32+03:00,2026-05-31T14:05:00+03:00,explicit_siren_time,lebanon,high,mixed,True,"IDF: Following the sirens that sounded at 14:05 regarding a hostile aircraft infiltration in several areas in northern Israel, the impact of a suspicious aerial target was identified near the Israel-Lebanon border. No injuries were reported. The incident is under review. Following the sirens that sounded at 14:19, the Israeli Air Force intercepted several projectiles launched from Lebanon toward Israeli territory.",https://t.me/idfofficial/18535
tg_18535_2,18535,2026-05-31T14:36:32+03:00,2026-05-31T14:19:00+03:00,explicit_siren_time,lebanon,high,mixed,True,"IDF: Following the sirens that sounded at 14:05 regarding a hostile aircraft infiltration in several areas in northern Israel, the impact of a suspicious aerial target was identified near the Israel-Lebanon border. No injuries were reported. The incident is under review. Following the sirens that sounded at 14:19, the Israeli Air Force intercepted several projectiles launched from Lebanon toward Israeli territory.",https://t.me/idfofficial/18535
tg_18543_1,18543,2026-05-31T18:07:33+03:00,2026-05-31T17:28:00+03:00,explicit_siren_time,lebanon,high,mixed,True,"IDF: Following the sirens that sounded at 17:28 regarding a hostile aircraft infiltration in several areas in northern Israel, the impact of a suspicious aerial target was identified near the Israel-Lebanon border. The incident is under review. Following the sirens that sounded at 17:46, the Israeli Air Force intercepted a projectile launched from Lebanon toward Israeli territory.",https://t.me/idfofficial/18543
tg_18543_2,18543,2026-05-31T18:07:33+03:00,2026-05-31T17:46:00+03:00,explicit_siren_time,lebanon,high,mixed,True,"IDF: Following the sirens that sounded at 17:28 regarding a hostile aircraft infiltration in several areas in northern Israel, the impact of a suspicious aerial target was identified near the Israel-Lebanon border. The incident is under review. Following the sirens that sounded at 17:46, the Israeli Air Force intercepted a projectile launched from Lebanon toward Israeli territory.",https://t.me/idfofficial/18543
tg_18546_1,18546,2026-05-31T19:16:57+03:00,2026-05-31T19:16:57+03:00,confirmation_after_alert,lebanon,high,projectile,True,"IDF: Following the sirens that sounded a short while ago in several areas in northern Israel, the Israeli Air Force intercepted two projectiles launched from Lebanon toward Israeli territory.",https://t.me/idfofficial/18546
tg_18556_1,18556,2026-06-01T00:32:54+03:00,2026-05-31T23:44:00+03:00,explicit_siren_time,lebanon,high,projectile,True,"IDF: Following the sirens that sounded at 23:44 and 23:47 in several areas in northern Israel, three projectiles launched from Lebanon toward Israeli territory were identified. The Israeli Air Force intercepted two projectiles, and the results of the additional interception are under review. Following the sirens that sounded a short while ago in the areas of Tiberias, Mitzpa, and Kfar Hittim, two projectiles launched from Lebanon toward Israeli territory were identified. One projectile fell adjacent to IDF soldiers operating in southern Lebanon, and an additional projectile fell in an open area.",https://t.me/idfofficial/18556
tg_18560_1,18560,2026-06-01T07:21:54+03:00,2026-06-01T06:39:00+03:00,explicit_siren_time,lebanon,high,mixed,True,"IDF: Following the sirens that sounded at 6:39 regarding a hostile aircraft infiltration in several areas in northern Israel, an interceptor was fired toward a suspicious aerial target that was launched from Lebanon toward Israeli territory. Following the sirens that sounded a short while ago in several areas in northern Israel, the Israeli Air Force intercepted a projectile launched from Lebanon toward Israeli territory. No injuries were reported.",https://t.me/idfofficial/18560
tg_18564_1,18564,2026-06-01T08:59:55+03:00,2026-06-01T08:15:00+03:00,explicit_siren_time,lebanon,high,mixed,True,"IDF: Following the sirens that sounded at 08:15 in several areas in northern Israel, the Israeli Air Force intercepted two projectiles launched from Lebanon toward Israeli territory. Following the sirens that sounded at 08:23 regarding a hostile aircraft infiltration in the area of Margaliot, the Israeli Air Force intercepted a suspicious aerial target that was identified in the area in which IDF soldiers are operating in southern Lebanon. No injuries were reported.",https://t.me/idfofficial/18564
tg_18564_2,18564,2026-06-01T08:59:55+03:00,2026-06-01T08:23:00+03:00,explicit_siren_time,lebanon,high,mixed,True,"IDF: Following the sirens that sounded at 08:15 in several areas in northern Israel, the Israeli Air Force intercepted two projectiles launched from Lebanon toward Israeli territory. Following the sirens that sounded at 08:23 regarding a hostile aircraft infiltration in the area of Margaliot, the Israeli Air Force intercepted a suspicious aerial target that was identified in the area in which IDF soldiers are operating in southern Lebanon. No injuries were reported.",https://t.me/idfofficial/18564
tg_18568_1,18568,2026-06-01T12:49:46+03:00,2026-06-01T12:49:46+03:00,confirmation_after_alert,lebanon,high,projectile,True,"IDF: Following the sirens that sounded a short while ago in several areas in northern Israel, two projectiles launched from Lebanon toward Israeli territory were intercepted.",https://t.me/idfofficial/18568
tg_18571_1,18571,2026-06-01T15:25:36+03:00,2026-06-01T15:25:36+03:00,confirmation_after_alert,lebanon,high,mixed,True,"IDF: Following the sirens that sounded a short while ago regarding a hostile aircraft infiltration in several areas in northern Israel, a suspicious aerial target was identified. The incident has concluded. No injuries were reported. Following the sirens that sounded a short while ago in several areas in northern Israel, several projectiles launched from Lebanon toward Israeli territory were identified. Several projectiles were intercepted, and additional projectiles fell in open areas.",https://t.me/idfofficial/18571
tg_18574_1,18574,2026-06-01T16:34:16+03:00,2026-06-01T15:44:00+03:00,explicit_siren_time,lebanon,high,mixed,True,"IDF: Following the sirens that sounded at 15:44 regarding a hostile aircraft infiltration in several areas in northern Israel, the impact of a suspicious aerial target in Metula was identified. No injuries were reported. Following the sirens that sounded at 16:07 regarding a hostile aircraft infiltration in several areas in northern Israel, a suspicious aerial target was identified. The incident has concluded. No injuries were reported. Following the sirens that sounded a short while ago in several areas in northern Israel, three projectiles launched from Lebanon towards Israeli territory were intercepted.",https://t.me/idfofficial/18574
tg_18574_2,18574,2026-06-01T16:34:16+03:00,2026-06-01T16:07:00+03:00,explicit_siren_time,lebanon,high,mixed,True,"IDF: Following the sirens that sounded at 15:44 regarding a hostile aircraft infiltration in several areas in northern Israel, the impact of a suspicious aerial target in Metula was identified. No injuries were reported. Following the sirens that sounded at 16:07 regarding a hostile aircraft infiltration in several areas in northern Israel, a suspicious aerial target was identified. The incident has concluded. No injuries were reported. Following the sirens that sounded a short while ago in several areas in northern Israel, three projectiles launched from Lebanon towards Israeli territory were intercepted.",https://t.me/idfofficial/18574
tg_18576_1,18576,2026-06-01T17:43:02+03:00,2026-06-01T17:43:02+03:00,confirmation_after_alert,lebanon,high,projectile,True,"IDF: Following the sirens that sounded a short while ago in the areas of Margaliot and Kiryat Shmona, one projectile launched from Lebanon towards Israeli territory was intercepted. Two additional projectiles fell adjacent to IDF soldiers operating in southern Lebanon. No injuries were reported.",https://t.me/idfofficial/18576
tg_18592_1,18592,2026-06-02T02:16:03+03:00,2026-06-02T01:35:00+03:00,explicit_siren_time,lebanon,high,mixed,True,"IDF: Following the sirens that sounded at 01:35 in several areas in northern Israel, the IAF intercepted two projectiles that crossed from Lebanon into Israeli territory. Following the sirens that sounded at 01:47 regarding a hostile aircraft infiltration in several areas in northern Israel, a suspicious aerial target was identified and later fell in Israeli territory, adjacent to the border with Lebanon. No injuries were reported. Missile and rocket alerts were activated due to the interception attempts.",https://t.me/idfofficial/18592
tg_18592_2,18592,2026-06-02T02:16:03+03:00,2026-06-02T01:47:00+03:00,explicit_siren_time,lebanon,high,mixed,True,"IDF: Following the sirens that sounded at 01:35 in several areas in northern Israel, the IAF intercepted two projectiles that crossed from Lebanon into Israeli territory. Following the sirens that sounded at 01:47 regarding a hostile aircraft infiltration in several areas in northern Israel, a suspicious aerial target was identified and later fell in Israeli territory, adjacent to the border with Lebanon. No injuries were reported. Missile and rocket alerts were activated due to the interception attempts.",https://t.me/idfofficial/18592
tg_18601_1,18601,2026-06-03T11:43:31+03:00,2026-06-03T11:43:31+03:00,confirmation_after_alert,lebanon,high,mixed,True,"IDF: Following the sirens that sounded a short while ago regarding a hostile aircraft infiltration in the areas of Manara and Kiryat Shmona, a suspicious aerial target that crossed from Lebanon into Israeli territory was intercepted. Missiles and rocket sirens were activated due to concerns of falling debris from the interceptor.",https://t.me/idfofficial/18601
tg_18603_1,18603,2026-06-03T15:01:41+03:00,2026-06-03T15:01:41+03:00,confirmation_after_alert,lebanon,high,projectile,True,"IDF: Following the sirens that sounded a short while ago in the area of Misgav Am, the Israeli Air Force intercepted two projectiles that crossed from Lebanon into Israeli territory.",https://t.me/idfofficial/18603
tg_18648_1,18648,2026-06-07T08:57:39+03:00,2026-06-07T08:57:39+03:00,confirmation_after_alert,lebanon,high,projectile,True,"IDF: Following the sirens that sounded a short while ago in the areas of Yiftah and Ramot Naftali, two projectiles that crossed from Lebanon into Israeli territory were intercepted.",https://t.me/idfofficial/18648
tg_18662_1,18662,2026-06-07T22:01:52+03:00,2026-06-07T22:01:52+03:00,detection_before_alert,iran,high,missile,True,"IDF: A short while ago, the IDF identified missiles launched from Iran toward the territory of the State of Israel. Defensive systems are operating to intercept the threat. In the past few minutes, the Home Front Command has sent a precautionary directive directly to mobile phones in the relevant areas. The public is asked to act responsibly and follow the instructions—they save lives. Upon receiving an alert, the public is instructed to enter a protected space and remain there until further notice. Leaving a protected space is permitted only after receiving explicit instructions. The public is requested to continue acting in accordance with the Home Front Command’s guidelines.",https://t.me/idfofficial/18662
tg_18663_1,18663,2026-06-07T22:06:18+03:00,2026-06-07T22:06:18+03:00,confirmation_after_alert,iran,high,missile,True,"IDF: A short while ago, sirens were sounded in several areas across the country, following the identification of missiles launched from Iran toward the State of Israel. The public is requested to follow the instructions of the Home Front Command. At this time, the Israeli Air Force is operating to intercept and strike threats where necessary to remove the threat. The defense is not hermetic, and therefore it is essential that the public continue to adhere to the Home Front Command’s guidelines.",https://t.me/idfofficial/18663
tg_18672_1,18672,2026-06-08T07:02:30+03:00,2026-06-08T07:02:30+03:00,detection_before_alert,iran,high,missile,True,"IDF: A short while ago, the IDF identified missiles launched from Iran toward the territory of the State of Israel. Defensive systems are operating to intercept the threat. In the past few minutes, the Home Front Command has sent a precautionary directive directly to mobile phones in the relevant areas. The public is asked to act responsibly and follow the instructions—they save lives. Upon receiving an alert, the public is instructed to enter a protected space and remain there until further notice. Leaving a protected space is permitted only after receiving explicit instructions. The public is requested to continue acting in accordance with the Home Front Command’s guidelines.",https://t.me/idfofficial/18672
tg_18674_1,18674,2026-06-08T07:35:51+03:00,2026-06-08T07:35:51+03:00,detection_before_alert,iran,high,missile,True,"IDF: A short while ago, the IDF identified missiles launched from Iran toward the territory of the State of Israel. Defensive systems are operating to intercept the threat. In the past few minutes, the Home Front Command has sent a precautionary directive directly to mobile phones in the relevant areas. The public is asked to act responsibly and follow the instructions—they save lives. Upon receiving an alert, the public is instructed to enter a protected space and remain there until further notice. Leaving a protected space is permitted only after receiving explicit instructions. The public is requested to continue acting in accordance with the Home Front Command’s guidelines.",https://t.me/idfofficial/18674
tg_18677_1,18677,2026-06-08T09:29:46+03:00,2026-06-08T09:29:46+03:00,detection_before_alert,iran,high,missile,True,"IDF: A short while ago, the IDF identified missiles launched from Iran toward the territory of the State of Israel. Defensive systems are operating to intercept the threat. In the past few minutes, the Home Front Command has sent a precautionary directive directly to mobile phones in the relevant areas. The public is asked to act responsibly and follow the instructions—they save lives. Upon receiving an alert, the public is instructed to enter a protected space and remain there until further notice. Leaving a protected space is permitted only after receiving explicit instructions. The public is requested to continue acting in accordance with the Home Front Command’s guidelines.",https://t.me/idfofficial/18677
tg_18683_1,18683,2026-06-08T15:25:07+03:00,2026-06-08T15:25:07+03:00,confirmation_after_alert,lebanon,high,projectile,True,"IDF: Following the sirens that sounded a short while ago in several areas in northern Israel, three projectiles launched from Lebanon toward IDF soldiers operating in southern Lebanon were identified. Some of the projectiles were intercepted prior to crossing into Israeli territory, and an additional projectile fell near IDF soldiers. No injuries were reported. Sirens were sounded in accordance with protocol.",https://t.me/idfofficial/18683
tg_18738_1,18738,2026-06-13T09:08:51+03:00,2026-06-13T09:08:51+03:00,confirmation_after_alert,lebanon,high,mixed,True,"IDF: Following the sirens that sounded a short while ago regarding a hostile aircraft infiltration in the areas of Metula and Misgav Am, the Israeli Air Force intercepted a suspicious aerial target that crossed from Lebanon into Israeli territory. Missile and rocket alerts were activated due to the interception attempts.",https://t.me/idfofficial/18738
tg_18770_1,18770,2026-06-14T19:46:45+03:00,2026-06-14T19:46:45+03:00,confirmation_after_alert,lebanon,high,projectile,True,"IDF: Following the sirens that sounded a short while ago in several areas in northern Israel, the impact of a projectile that crossed from Lebanon was identified in the area of Neot Mordechai, and several additional impacts were identified in the area in which IDF soldiers are operating in southern Lebanon. In addition, a short while ago, additional impacts of several suspicious aerial targets were identified in Israeli territory, near the Israel-Lebanon border.",https://t.me/idfofficial/18770
