wave_id,wave_start,wave_end,alert_rows,zone_count,burst_count,duration_minutes,wave_family_proxy,reported_source,source_label_confidence,source_evidence_count,source_event_ids,source_post_ids,source_urls
0,2026-02-28 10:10:00,2026-02-28 10:12:00,178,178,3,2.0,broad,iran,high,2,tg_16472_1;tg_16474_1,16472;16474,https://t.me/idfofficial/16472;https://t.me/idfofficial/16474
1,2026-02-28 10:25:00,2026-02-28 10:55:00,2256,1347,24,30.0,broad,unknown,none,0,,,
2,2026-02-28 11:06:00,2026-02-28 11:38:00,3044,1087,33,32.0,broad,unknown,none,0,,,
3,2026-02-28 11:48:00,2026-02-28 11:55:00,811,719,8,7.0,broad,unknown,none,0,,,
4,2026-02-28 12:29:00,2026-02-28 12:36:00,348,348,7,7.0,broad,iran,high,2,tg_16483_1;tg_16484_1,16483;16484,https://t.me/idfofficial/16483;https://t.me/idfofficial/16484
5,2026-02-28 13:08:00,2026-02-28 13:13:00,241,241,6,5.0,broad,iran,high,2,tg_16486_1;tg_16487_1,16486;16487,https://t.me/idfofficial/16486;https://t.me/idfofficial/16487
6,2026-02-28 14:43:00,2026-02-28 14:45:00,501,501,3,2.0,broad,iran,high,1,tg_16492_1,16492,https://t.me/idfofficial/16492
7,2026-02-28 15:27:00,2026-02-28 15:37:00,557,467,6,10.0,broad,iran,high,2,tg_16495_1;tg_16496_1,16495;16496,https://t.me/idfofficial/16495;https://t.me/idfofficial/16496
8,2026-02-28 15:50:00,2026-02-28 15:52:00,415,415,3,2.0,broad,iran,high,1,tg_16499_1,16499,https://t.me/idfofficial/16499
9,2026-02-28 16:04:00,2026-02-28 16:13:00,549,330,6,9.0,broad,unknown,none,0,,,
10,2026-02-28 16:34:00,2026-02-28 16:37:00,355,355,4,3.0,broad,iran,high,2,tg_16503_1;tg_16504_1,16503;16504,https://t.me/idfofficial/16503;https://t.me/idfofficial/16504
11,2026-02-28 16:54:00,2026-02-28 16:56:00,316,316,3,2.0,broad,unknown,none,0,,,
12,2026-02-28 17:13:00,2026-02-28 17:14:00,163,163,2,1.0,broad,iran,medium,1,tg_16508_1,16508,https://t.me/idfofficial/16508
13,2026-02-28 17:35:00,2026-02-28 18:17:00,1409,770,19,42.0,broad,iran,high,1,tg_16510_1,16510,https://t.me/idfofficial/16510
14,2026-02-28 18:35:00,2026-02-28 18:36:00,259,259,2,1.0,broad,unknown,none,0,,,
15,2026-02-28 18:45:00,2026-02-28 18:47:00,528,528,3,2.0,broad,unknown,none,0,,,
16,2026-02-28 19:26:00,2026-02-28 19:26:00,154,154,1,0.0,broad,iran,high,1,tg_16518_1,16518,https://t.me/idfofficial/16518
17,2026-02-28 22:37:00,2026-02-28 22:51:00,1132,836,13,14.0,broad,iran,high,2,tg_16524_1;tg_16525_1,16524;16525,https://t.me/idfofficial/16524;https://t.me/idfofficial/16525
18,2026-03-01 01:37:00,2026-03-01 01:52:00,770,734,11,15.0,broad,iran,high,2,tg_16532_1;tg_16533_1,16532;16533,https://t.me/idfofficial/16532;https://t.me/idfofficial/16533
19,2026-03-01 04:20:00,2026-03-01 04:20:00,1,1,1,0.0,localized,unknown,none,0,,,
20,2026-03-01 06:16:00,2026-03-01 06:18:00,218,218,3,2.0,broad,iran,high,2,tg_16540_1;tg_16541_1,16540;16541,https://t.me/idfofficial/16540;https://t.me/idfofficial/16541
21,2026-03-01 06:30:00,2026-03-01 07:09:00,2181,712,26,39.0,broad,unknown,none,0,,,
22,2026-03-01 08:54:00,2026-03-01 09:03:00,641,641,8,9.0,broad,iran,high,2,tg_16545_1;tg_16546_1,16545;16546,https://t.me/idfofficial/16545;https://t.me/idfofficial/16546
23,2026-03-01 09:55:00,2026-03-01 09:56:00,6,6,2,1.0,localized,iran,high,1,tg_16548_1,16548,https://t.me/idfofficial/16548
24,2026-03-01 10:06:00,2026-03-01 10:27:00,1552,1091,17,21.0,broad,unknown,none,0,,,
25,2026-03-01 12:49:00,2026-03-01 12:50:00,229,229,2,1.0,broad,iran,medium,1,tg_16555_1,16555,https://t.me/idfofficial/16555
26,2026-03-01 13:28:00,2026-03-01 13:45:00,1841,1135,16,17.0,broad,iran,medium,1,tg_16560_1,16560,https://t.me/idfofficial/16560
27,2026-03-01 13:55:00,2026-03-01 13:56:00,116,116,2,1.0,broad,unknown,none,0,,,
28,2026-03-01 16:48:00,2026-03-01 16:50:00,190,190,3,2.0,broad,iran,high,1,tg_16566_1,16566,https://t.me/idfofficial/16566
29,2026-03-01 20:37:00,2026-03-01 20:38:00,159,159,2,1.0,broad,iran,high,1,tg_16573_1,16573,https://t.me/idfofficial/16573
30,2026-03-01 21:07:00,2026-03-01 21:17:00,558,422,9,10.0,broad,iran,medium,1,tg_16578_1,16578,https://t.me/idfofficial/16578
31,2026-03-01 21:32:00,2026-03-01 21:34:00,156,156,3,2.0,broad,unknown,none,0,,,
32,2026-03-01 22:34:00,2026-03-01 22:36:00,179,179,3,2.0,broad,iran,medium,1,tg_16580_1,16580,https://t.me/idfofficial/16580
33,2026-03-02 00:45:00,2026-03-02 00:45:00,3,3,1,0.0,localized,unknown,none,0,,,
34,2026-03-02 01:02:00,2026-03-02 01:06:00,43,43,4,4.0,broad,lebanon,high,2,tg_16583_1;tg_16584_1,16583;16584,https://t.me/idfofficial/16583;https://t.me/idfofficial/16584
35,2026-03-02 01:30:00,2026-03-02 01:31:00,5,5,2,1.0,localized,unknown,none,0,,,
36,2026-03-02 05:33:00,2026-03-02 05:35:00,6,6,2,2.0,localized,unknown,none,0,,,
37,2026-03-02 07:07:00,2026-03-02 07:11:00,676,676,5,4.0,broad,iran,high,1,tg_16591_1,16591,https://t.me/idfofficial/16591
38,2026-03-02 07:37:00,2026-03-02 07:40:00,316,316,4,3.0,broad,iran,medium,1,tg_16594_1,16594,https://t.me/idfofficial/16594
39,2026-03-02 07:55:00,2026-03-02 07:58:00,165,165,4,3.0,broad,unknown,none,0,,,
40,2026-03-02 12:09:00,2026-03-02 12:12:00,292,292,4,3.0,broad,iran,medium,1,tg_16602_1,16602,https://t.me/idfofficial/16602
41,2026-03-02 12:34:00,2026-03-02 12:49:00,612,571,12,15.0,broad,iran,high,1,tg_16604_1,16604,https://t.me/idfofficial/16604
42,2026-03-02 13:00:00,2026-03-02 13:02:00,229,229,3,2.0,broad,unknown,none,0,,,
43,2026-03-02 14:35:00,2026-03-02 14:35:00,1,1,1,0.0,localized,unknown,none,0,,,
44,2026-03-02 17:37:00,2026-03-02 17:37:00,166,166,1,0.0,broad,iran,medium,1,tg_16617_1,16617,https://t.me/idfofficial/16617
45,2026-03-03 00:29:00,2026-03-03 00:48:00,1363,946,16,19.0,broad,iran,high,2,tg_16632_1;tg_16633_1,16632;16633,https://t.me/idfofficial/16632;https://t.me/idfofficial/16633
46,2026-03-03 01:03:00,2026-03-03 01:06:00,253,253,4,3.0,broad,unknown,none,0,,,
47,2026-03-03 04:37:00,2026-03-03 04:37:00,1,1,1,0.0,localized,unknown,none,0,,,
48,2026-03-03 06:14:00,2026-03-03 06:14:00,1,1,1,0.0,localized,unknown,none,0,,,
49,2026-03-03 07:41:00,2026-03-03 07:41:00,4,4,1,0.0,localized,unknown,none,0,,,
50,2026-03-03 08:32:00,2026-03-03 08:32:00,3,3,1,0.0,localized,unknown,none,0,,,
51,2026-03-03 09:08:00,2026-03-03 09:09:00,5,5,2,1.0,localized,unknown,none,0,,,
52,2026-03-03 10:40:00,2026-03-03 10:40:00,2,2,1,0.0,localized,unknown,none,0,,,
53,2026-03-03 11:13:00,2026-03-03 11:16:00,290,290,4,3.0,broad,iran,medium,1,tg_16643_1,16643,https://t.me/idfofficial/16643
54,2026-03-03 12:31:00,2026-03-03 12:46:00,611,576,8,15.0,broad,iran,medium,1,tg_16648_1,16648,https://t.me/idfofficial/16648
55,2026-03-03 13:27:00,2026-03-03 13:29:00,6,6,3,2.0,localized,unknown,none,0,,,
56,2026-03-03 14:35:00,2026-03-03 14:36:00,99,99,2,1.0,broad,iran,high,1,tg_16652_1,16652,https://t.me/idfofficial/16652
57,2026-03-03 14:52:00,2026-03-03 14:55:00,335,335,4,3.0,broad,unknown,none,0,,,
58,2026-03-03 15:41:00,2026-03-03 15:43:00,11,11,2,2.0,localized,iran,high,1,tg_16656_1,16656,https://t.me/idfofficial/16656
59,2026-03-03 16:04:00,2026-03-03 16:04:00,3,3,1,0.0,localized,unknown,none,0,,,
60,2026-03-03 17:18:00,2026-03-03 17:19:00,5,5,2,1.0,localized,unknown,none,0,,,
61,2026-03-03 17:45:00,2026-03-03 17:47:00,5,5,2,2.0,localized,unknown,none,0,,,
62,2026-03-03 19:55:00,2026-03-03 20:02:00,68,68,3,7.0,broad,lebanon,medium,1,tg_16664_1,16664,https://t.me/idfofficial/16664
63,2026-03-03 22:48:00,2026-03-03 22:50:00,233,233,3,2.0,broad,iran,medium,1,tg_16667_1,16667,https://t.me/idfofficial/16667
64,2026-03-03 23:17:00,2026-03-03 23:18:00,198,198,2,1.0,broad,iran,medium,1,tg_16670_1,16670,https://t.me/idfofficial/16670
65,2026-03-04 00:09:00,2026-03-04 00:11:00,286,286,3,2.0,broad,iran,medium,1,tg_16673_1,16673,https://t.me/idfofficial/16673
66,2026-03-04 00:55:00,2026-03-04 00:55:00,2,2,1,0.0,localized,iran,high,1,tg_16675_1,16675,https://t.me/idfofficial/16675
67,2026-03-04 01:16:00,2026-03-04 01:16:00,1,1,1,0.0,localized,unknown,none,0,,,
68,2026-03-04 02:36:00,2026-03-04 02:36:00,3,3,1,0.0,localized,unknown,none,0,,,
69,2026-03-04 02:46:00,2026-03-04 02:46:00,3,3,1,0.0,localized,unknown,none,0,,,
70,2026-03-04 03:28:00,2026-03-04 03:28:00,2,2,1,0.0,localized,unknown,none,0,,,
71,2026-03-04 03:54:00,2026-03-04 03:55:00,11,11,2,1.0,localized,unknown,none,0,,,
72,2026-03-04 04:24:00,2026-03-04 04:25:00,90,90,2,1.0,broad,mixed,conflict,2,tg_16678_1;tg_16679_1,16678;16679,https://t.me/idfofficial/16678;https://t.me/idfofficial/16679
73,2026-03-04 05:58:00,2026-03-04 06:00:00,255,255,3,2.0,broad,iran,medium,1,tg_16681_1,16681,https://t.me/idfofficial/16681
74,2026-03-04 06:09:00,2026-03-04 06:17:00,2,1,2,8.0,localized,unknown,none,0,,,
75,2026-03-04 06:39:00,2026-03-04 06:39:00,1,1,1,0.0,localized,unknown,none,0,,,
76,2026-03-04 06:54:00,2026-03-04 06:54:00,3,3,1,0.0,localized,unknown,none,0,,,
77,2026-03-04 08:36:00,2026-03-04 08:36:00,1,1,1,0.0,localized,unknown,none,0,,,
78,2026-03-04 09:40:00,2026-03-04 09:40:00,1,1,1,0.0,localized,unknown,none,0,,,
79,2026-03-04 10:09:00,2026-03-04 10:09:00,1,1,1,0.0,localized,unknown,none,0,,,
80,2026-03-04 13:28:00,2026-03-04 13:30:00,2,2,2,2.0,localized,unknown,none,0,,,
81,2026-03-04 14:02:00,2026-03-04 14:10:00,492,454,6,8.0,broad,lebanon,medium,1,tg_16692_1,16692,https://t.me/idfofficial/16692
82,2026-03-04 14:31:00,2026-03-04 14:38:00,415,415,5,7.0,broad,mixed,conflict,2,tg_16695_1;tg_16698_1,16695;16698,https://t.me/idfofficial/16695;https://t.me/idfofficial/16698
83,2026-03-04 15:00:00,2026-03-04 15:00:00,2,2,1,0.0,localized,lebanon,high,1,tg_16698_2,16698,https://t.me/idfofficial/16698
84,2026-03-04 15:21:00,2026-03-04 15:23:00,32,32,3,2.0,broad,unknown,none,0,,,
85,2026-03-04 15:41:00,2026-03-04 15:46:00,4,4,2,5.0,localized,unknown,none,0,,,
86,2026-03-04 16:07:00,2026-03-04 16:13:00,362,362,5,6.0,broad,iran,medium,1,tg_16701_1,16701,https://t.me/idfofficial/16701
87,2026-03-04 16:22:00,2026-03-04 16:22:00,1,1,1,0.0,localized,unknown,none,0,,,
88,2026-03-04 16:45:00,2026-03-04 16:45:00,3,3,1,0.0,localized,unknown,none,0,,,
89,2026-03-04 17:04:00,2026-03-04 17:04:00,1,1,1,0.0,localized,unknown,none,0,,,
90,2026-03-04 17:15:00,2026-03-04 17:15:00,1,1,1,0.0,localized,unknown,none,0,,,
91,2026-03-04 18:08:00,2026-03-04 18:08:00,2,2,1,0.0,localized,unknown,none,0,,,
92,2026-03-04 19:01:00,2026-03-04 19:04:00,272,272,4,3.0,broad,iran,medium,1,tg_16706_1,16706,https://t.me/idfofficial/16706
93,2026-03-04 19:56:00,2026-03-04 19:56:00,1,1,1,0.0,localized,unknown,none,0,,,
94,2026-03-04 20:29:00,2026-03-04 20:32:00,2,2,2,3.0,localized,unknown,none,0,,,
95,2026-03-04 23:58:00,2026-03-04 23:58:00,1,1,1,0.0,localized,unknown,none,0,,,
96,2026-03-05 02:22:00,2026-03-05 02:29:00,153,153,3,7.0,broad,unknown,none,0,,,
97,2026-03-05 03:08:00,2026-03-05 03:08:00,29,29,1,0.0,broad,iran,high,1,tg_16719_1,16719,https://t.me/idfofficial/16719
98,2026-03-05 03:35:00,2026-03-05 03:35:00,1,1,1,0.0,localized,unknown,none,0,,,
99,2026-03-05 04:01:00,2026-03-05 04:02:00,227,227,2,1.0,broad,iran,medium,1,tg_16721_1,16721,https://t.me/idfofficial/16721
100,2026-03-05 06:20:00,2026-03-05 06:20:00,1,1,1,0.0,localized,unknown,none,0,,,
101,2026-03-05 08:20:00,2026-03-05 08:20:00,1,1,1,0.0,localized,unknown,none,0,,,
102,2026-03-05 10:29:00,2026-03-05 10:30:00,212,212,2,1.0,broad,iran,high,1,tg_16727_1,16727,https://t.me/idfofficial/16727
103,2026-03-05 12:26:00,2026-03-05 12:27:00,22,22,2,1.0,localized,unknown,none,0,,,
104,2026-03-05 12:46:00,2026-03-05 12:46:00,1,1,1,0.0,localized,unknown,none,0,,,
105,2026-03-05 13:47:00,2026-03-05 13:55:00,459,455,4,8.0,broad,iran,high,1,tg_16731_1,16731,https://t.me/idfofficial/16731
106,2026-03-05 14:20:00,2026-03-05 14:20:00,1,1,1,0.0,localized,unknown,none,0,,,
107,2026-03-05 16:30:00,2026-03-05 16:34:00,258,258,4,4.0,broad,iran,high,1,tg_16735_1,16735,https://t.me/idfofficial/16735
108,2026-03-05 18:03:00,2026-03-05 18:04:00,2,2,2,1.0,localized,unknown,none,0,,,
109,2026-03-05 18:24:00,2026-03-05 18:27:00,5,4,2,3.0,localized,unknown,none,0,,,
110,2026-03-05 20:08:00,2026-03-05 20:08:00,1,1,1,0.0,localized,unknown,none,0,,,
111,2026-03-05 20:31:00,2026-03-05 20:34:00,169,169,4,3.0,broad,iran,high,1,tg_16740_1,16740,https://t.me/idfofficial/16740
112,2026-03-05 20:51:00,2026-03-05 21:02:00,29,29,5,11.0,broad,unknown,none,0,,,
113,2026-03-05 22:03:00,2026-03-05 22:03:00,1,1,1,0.0,localized,unknown,none,0,,,
114,2026-03-05 22:45:00,2026-03-05 22:45:00,2,2,1,0.0,localized,iran,medium,1,tg_16745_1,16745,https://t.me/idfofficial/16745
115,2026-03-05 22:58:00,2026-03-05 23:06:00,550,378,6,8.0,broad,unknown,none,0,,,
116,2026-03-06 01:00:00,2026-03-06 01:00:00,1,1,1,0.0,localized,unknown,none,0,,,
117,2026-03-06 01:33:00,2026-03-06 01:33:00,1,1,1,0.0,localized,unknown,none,0,,,
118,2026-03-06 02:15:00,2026-03-06 02:39:00,6,5,6,24.0,localized,unknown,none,0,,,
119,2026-03-06 08:47:00,2026-03-06 08:47:00,1,1,1,0.0,localized,unknown,none,0,,,
120,2026-03-06 10:17:00,2026-03-06 10:19:00,145,145,3,2.0,broad,iran,medium,1,tg_16751_1,16751,https://t.me/idfofficial/16751
121,2026-03-06 10:39:00,2026-03-06 10:42:00,4,4,2,3.0,localized,unknown,none,0,,,
122,2026-03-06 12:04:00,2026-03-06 12:04:00,1,1,1,0.0,localized,unknown,none,0,,,
123,2026-03-06 12:14:00,2026-03-06 12:14:00,1,1,1,0.0,localized,unknown,none,0,,,
124,2026-03-06 13:32:00,2026-03-06 13:34:00,164,164,3,2.0,broad,iran,medium,1,tg_16757_1,16757,https://t.me/idfofficial/16757
125,2026-03-06 14:00:00,2026-03-06 14:00:00,1,1,1,0.0,localized,unknown,none,0,,,
126,2026-03-06 15:50:00,2026-03-06 15:58:00,10,9,3,8.0,localized,unknown,none,0,,,
127,2026-03-06 17:31:00,2026-03-06 17:31:00,7,7,1,0.0,localized,unknown,none,0,,,
128,2026-03-06 17:47:00,2026-03-06 17:54:00,8,7,5,7.0,localized,unknown,none,0,,,
129,2026-03-06 19:16:00,2026-03-06 19:23:00,261,261,5,7.0,broad,unknown,none,0,,,
130,2026-03-06 20:41:00,2026-03-06 20:43:00,255,255,3,2.0,broad,iran,high,1,tg_16769_1,16769,https://t.me/idfofficial/16769
131,2026-03-06 21:57:00,2026-03-06 21:58:00,226,226,2,1.0,broad,iran,high,1,tg_16771_1,16771,https://t.me/idfofficial/16771
132,2026-03-06 23:19:00,2026-03-06 23:19:00,1,1,1,0.0,localized,unknown,none,0,,,
133,2026-03-06 23:38:00,2026-03-06 23:38:00,1,1,1,0.0,localized,unknown,none,0,,,
134,2026-03-07 00:29:00,2026-03-07 00:39:00,286,286,5,10.0,broad,iran,medium,1,tg_16773_1,16773,https://t.me/idfofficial/16773
135,2026-03-07 01:00:00,2026-03-07 01:00:00,4,4,1,0.0,localized,unknown,none,0,,,
136,2026-03-07 01:24:00,2026-03-07 01:24:00,1,1,1,0.0,localized,unknown,none,0,,,
137,2026-03-07 03:39:00,2026-03-07 03:39:00,1,1,1,0.0,localized,unknown,none,0,,,
138,2026-03-07 04:40:00,2026-03-07 04:40:00,5,5,1,0.0,localized,iran,high,1,tg_16776_1,16776,https://t.me/idfofficial/16776
139,2026-03-07 05:01:00,2026-03-07 05:04:00,277,277,4,3.0,broad,iran,high,1,tg_16778_1,16778,https://t.me/idfofficial/16778
140,2026-03-07 05:27:00,2026-03-07 05:28:00,196,196,2,1.0,broad,iran,medium,1,tg_16780_1,16780,https://t.me/idfofficial/16780
141,2026-03-07 05:37:00,2026-03-07 05:44:00,3,2,2,7.0,localized,unknown,none,0,,,
142,2026-03-07 05:59:00,2026-03-07 06:00:00,9,9,2,1.0,localized,unknown,none,0,,,
143,2026-03-07 06:24:00,2026-03-07 06:26:00,264,264,3,2.0,broad,iran,high,1,tg_16782_1,16782,https://t.me/idfofficial/16782
144,2026-03-07 09:38:00,2026-03-07 09:38:00,6,6,1,0.0,localized,unknown,none,0,,,
145,2026-03-07 11:27:00,2026-03-07 11:29:00,236,236,3,2.0,broad,iran,high,1,tg_16788_1,16788,https://t.me/idfofficial/16788
146,2026-03-07 12:35:00,2026-03-07 12:35:00,1,1,1,0.0,localized,unknown,none,0,,,
147,2026-03-07 13:07:00,2026-03-07 13:09:00,6,6,2,2.0,localized,unknown,none,0,,,
148,2026-03-07 13:36:00,2026-03-07 13:36:00,4,4,1,0.0,localized,unknown,none,0,,,
149,2026-03-07 14:02:00,2026-03-07 14:02:00,2,2,1,0.0,localized,unknown,none,0,,,
150,2026-03-07 14:18:00,2026-03-07 14:19:00,2,2,2,1.0,localized,unknown,none,0,,,
151,2026-03-07 14:47:00,2026-03-07 14:47:00,1,1,1,0.0,localized,unknown,none,0,,,
152,2026-03-07 14:57:00,2026-03-07 15:00:00,279,279,4,3.0,broad,iran,medium,1,tg_16792_1,16792,https://t.me/idfofficial/16792
153,2026-03-07 15:09:00,2026-03-07 15:09:00,1,1,1,0.0,localized,unknown,none,0,,,
154,2026-03-07 15:32:00,2026-03-07 15:33:00,340,340,2,1.0,broad,iran,medium,1,tg_16794_1,16794,https://t.me/idfofficial/16794
155,2026-03-07 16:21:00,2026-03-07 16:21:00,3,3,1,0.0,localized,unknown,none,0,,,
156,2026-03-07 17:34:00,2026-03-07 17:34:00,2,2,1,0.0,localized,unknown,none,0,,,
157,2026-03-07 18:45:00,2026-03-07 18:45:00,3,3,1,0.0,localized,unknown,none,0,,,
158,2026-03-07 19:36:00,2026-03-07 19:37:00,142,142,2,1.0,broad,iran,high,1,tg_16801_1,16801,https://t.me/idfofficial/16801
159,2026-03-07 19:58:00,2026-03-07 20:01:00,17,17,3,3.0,localized,unknown,none,0,,,
160,2026-03-07 20:19:00,2026-03-07 20:19:00,13,13,1,0.0,localized,unknown,none,0,,,
161,2026-03-07 20:32:00,2026-03-07 20:36:00,304,304,3,4.0,broad,iran,high,1,tg_16805_1,16805,https://t.me/idfofficial/16805
162,2026-03-07 20:45:00,2026-03-07 20:45:00,1,1,1,0.0,localized,unknown,none,0,,,
163,2026-03-07 20:54:00,2026-03-07 21:30:00,19,17,7,36.0,localized,unknown,none,0,,,
164,2026-03-07 21:47:00,2026-03-07 21:54:00,185,185,5,7.0,broad,iran,high,1,tg_16808_1,16808,https://t.me/idfofficial/16808
165,2026-03-07 22:08:00,2026-03-07 22:15:00,4,4,3,7.0,localized,unknown,none,0,,,
166,2026-03-07 22:43:00,2026-03-07 22:43:00,7,7,1,0.0,localized,unknown,none,0,,,
167,2026-03-07 23:00:00,2026-03-07 23:09:00,75,75,4,9.0,broad,iran,medium,1,tg_16810_1,16810,https://t.me/idfofficial/16810
168,2026-03-07 23:21:00,2026-03-07 23:21:00,3,3,1,0.0,localized,unknown,none,0,,,
169,2026-03-07 23:38:00,2026-03-07 23:38:00,4,4,1,0.0,localized,unknown,none,0,,,
170,2026-03-08 01:11:00,2026-03-08 01:11:00,1,1,1,0.0,localized,unknown,none,0,,,
171,2026-03-08 01:39:00,2026-03-08 01:47:00,6,6,2,8.0,localized,unknown,none,0,,,
172,2026-03-08 02:21:00,2026-03-08 02:23:00,183,183,3,2.0,broad,iran,high,1,tg_16815_1,16815,https://t.me/idfofficial/16815
173,2026-03-08 02:42:00,2026-03-08 02:43:00,180,180,2,1.0,broad,unknown,none,0,,,
174,2026-03-08 03:08:00,2026-03-08 03:08:00,1,1,1,0.0,localized,unknown,none,0,,,
175,2026-03-08 05:45:00,2026-03-08 05:47:00,255,255,3,2.0,broad,iran,high,1,tg_16818_1,16818,https://t.me/idfofficial/16818
176,2026-03-08 06:22:00,2026-03-08 06:22:00,77,77,1,0.0,broad,iran,medium,1,tg_16820_1,16820,https://t.me/idfofficial/16820
177,2026-03-08 06:35:00,2026-03-08 06:44:00,3,3,3,9.0,localized,unknown,none,0,,,
178,2026-03-08 07:27:00,2026-03-08 07:29:00,356,356,3,2.0,broad,iran,high,1,tg_16823_1,16823,https://t.me/idfofficial/16823
179,2026-03-08 07:38:00,2026-03-08 07:38:00,1,1,1,0.0,localized,unknown,none,0,,,
180,2026-03-08 08:55:00,2026-03-08 08:56:00,4,4,2,1.0,localized,unknown,none,0,,,
181,2026-03-08 12:05:00,2026-03-08 12:05:00,1,1,1,0.0,localized,unknown,none,0,,,
182,2026-03-08 12:31:00,2026-03-08 12:32:00,11,11,2,1.0,localized,unknown,none,0,,,
183,2026-03-08 13:32:00,2026-03-08 13:33:00,8,8,2,1.0,localized,unknown,none,0,,,
184,2026-03-08 13:49:00,2026-03-08 13:52:00,181,181,4,3.0,broad,iran,medium,1,tg_16828_1,16828,https://t.me/idfofficial/16828
185,2026-03-08 14:03:00,2026-03-08 14:03:00,7,7,1,0.0,localized,unknown,none,0,,,
186,2026-03-08 14:25:00,2026-03-08 14:27:00,256,256,3,2.0,broad,iran,high,1,tg_16831_1,16831,https://t.me/idfofficial/16831
187,2026-03-08 14:47:00,2026-03-08 14:47:00,1,1,1,0.0,localized,unknown,none,0,,,
188,2026-03-08 15:01:00,2026-03-08 15:02:00,5,5,2,1.0,localized,unknown,none,0,,,
189,2026-03-08 16:31:00,2026-03-08 16:31:00,1,1,1,0.0,localized,unknown,none,0,,,
190,2026-03-08 16:43:00,2026-03-08 16:46:00,373,373,4,3.0,broad,iran,high,1,tg_16839_1,16839,https://t.me/idfofficial/16839
191,2026-03-08 17:08:00,2026-03-08 17:08:00,2,2,1,0.0,localized,unknown,none,0,,,
192,2026-03-08 17:36:00,2026-03-08 17:36:00,1,1,1,0.0,localized,unknown,none,0,,,
193,2026-03-08 18:02:00,2026-03-08 18:02:00,3,3,1,0.0,localized,unknown,none,0,,,
194,2026-03-08 18:35:00,2026-03-08 18:51:00,518,509,9,16.0,broad,iran,medium,1,tg_16843_1,16843,https://t.me/idfofficial/16843
195,2026-03-08 23:31:00,2026-03-08 23:34:00,5,5,3,3.0,localized,unknown,none,0,,,
196,2026-03-09 00:41:00,2026-03-09 00:41:00,1,1,1,0.0,localized,unknown,none,0,,,
197,2026-03-09 01:13:00,2026-03-09 01:13:00,105,105,1,0.0,broad,iran,high,1,tg_16850_1,16850,https://t.me/idfofficial/16850
198,2026-03-09 01:23:00,2026-03-09 01:23:00,4,4,1,0.0,localized,unknown,none,0,,,
199,2026-03-09 01:35:00,2026-03-09 01:47:00,419,419,6,12.0,broad,iran,medium,1,tg_16852_1,16852,https://t.me/idfofficial/16852
200,2026-03-09 04:01:00,2026-03-09 04:02:00,272,272,2,1.0,broad,iran,high,1,tg_16854_1,16854,https://t.me/idfofficial/16854
201,2026-03-09 05:46:00,2026-03-09 05:46:00,3,3,1,0.0,localized,unknown,none,0,,,
202,2026-03-09 06:30:00,2026-03-09 06:30:00,1,1,1,0.0,localized,unknown,none,0,,,
203,2026-03-09 08:15:00,2026-03-09 08:16:00,211,211,2,1.0,broad,iran,medium,1,tg_16859_1,16859,https://t.me/idfofficial/16859
204,2026-03-09 09:42:00,2026-03-09 09:42:00,1,1,1,0.0,localized,unknown,none,0,,,
205,2026-03-09 10:19:00,2026-03-09 10:21:00,584,584,3,2.0,broad,iran,medium,1,tg_16862_1,16862,https://t.me/idfofficial/16862
206,2026-03-09 10:36:00,2026-03-09 10:44:00,198,198,4,8.0,broad,iran,medium,1,tg_16864_1,16864,https://t.me/idfofficial/16864
207,2026-03-09 11:15:00,2026-03-09 11:16:00,238,238,2,1.0,broad,iran,medium,1,tg_16867_1,16867,https://t.me/idfofficial/16867
208,2026-03-09 11:45:00,2026-03-09 11:45:00,2,2,1,0.0,localized,unknown,none,0,,,
209,2026-03-09 12:17:00,2026-03-09 12:18:00,7,7,2,1.0,localized,unknown,none,0,,,
210,2026-03-09 12:47:00,2026-03-09 12:47:00,1,1,1,0.0,localized,unknown,none,0,,,
211,2026-03-09 14:53:00,2026-03-09 14:54:00,4,4,2,1.0,localized,unknown,none,0,,,
212,2026-03-09 15:44:00,2026-03-09 15:50:00,2,1,2,6.0,localized,unknown,none,0,,,
213,2026-03-09 16:28:00,2026-03-09 16:36:00,217,217,3,8.0,broad,unknown,none,0,,,
214,2026-03-09 17:01:00,2026-03-09 17:03:00,41,41,3,2.0,broad,unknown,none,0,,,
215,2026-03-09 17:21:00,2026-03-09 17:21:00,2,2,1,0.0,localized,lebanon,high,1,tg_16877_1,16877,https://t.me/idfofficial/16877
216,2026-03-09 17:49:00,2026-03-09 17:50:00,7,7,2,1.0,localized,iran,high,1,tg_16878_1,16878,https://t.me/idfofficial/16878
217,2026-03-09 18:31:00,2026-03-09 18:31:00,1,1,1,0.0,localized,iran,high,1,tg_16880_1,16880,https://t.me/idfofficial/16880
218,2026-03-09 19:27:00,2026-03-09 19:27:00,2,2,1,0.0,localized,unknown,none,0,,,
219,2026-03-09 20:58:00,2026-03-09 21:00:00,30,30,2,2.0,broad,iran,medium,1,tg_16884_1,16884,https://t.me/idfofficial/16884
220,2026-03-09 21:37:00,2026-03-09 21:41:00,175,175,3,4.0,broad,iran,high,1,tg_16887_1,16887,https://t.me/idfofficial/16887
221,2026-03-09 23:30:00,2026-03-09 23:30:00,3,3,1,0.0,localized,unknown,none,0,,,
222,2026-03-09 23:59:00,2026-03-10 00:08:00,612,269,6,9.0,broad,iran,medium,1,tg_16891_1,16891,https://t.me/idfofficial/16891
223,2026-03-10 00:36:00,2026-03-10 00:36:00,22,22,1,0.0,localized,unknown,none,0,,,
224,2026-03-10 00:58:00,2026-03-10 00:58:00,1,1,1,0.0,localized,unknown,none,0,,,
225,2026-03-10 01:37:00,2026-03-10 01:45:00,3,3,2,8.0,localized,unknown,none,0,,,
226,2026-03-10 01:54:00,2026-03-10 01:54:00,3,3,1,0.0,localized,unknown,none,0,,,
227,2026-03-10 02:42:00,2026-03-10 02:42:00,9,9,1,0.0,localized,unknown,none,0,,,
228,2026-03-10 03:50:00,2026-03-10 03:55:00,2,2,2,5.0,localized,unknown,none,0,,,
229,2026-03-10 07:13:00,2026-03-10 07:13:00,3,3,1,0.0,localized,unknown,none,0,,,
230,2026-03-10 09:59:00,2026-03-10 10:02:00,469,316,4,3.0,broad,iran,medium,1,tg_16894_1,16894,https://t.me/idfofficial/16894
231,2026-03-10 13:29:00,2026-03-10 13:40:00,423,417,7,11.0,broad,iran,medium,1,tg_16901_1,16901,https://t.me/idfofficial/16901
232,2026-03-10 14:27:00,2026-03-10 14:29:00,495,495,3,2.0,broad,iran,medium,1,tg_16904_1,16904,https://t.me/idfofficial/16904
233,2026-03-10 14:47:00,2026-03-10 14:49:00,455,350,3,2.0,broad,unknown,none,0,,,
234,2026-03-10 15:10:00,2026-03-10 15:16:00,2,2,2,6.0,localized,unknown,none,0,,,
235,2026-03-10 15:35:00,2026-03-10 15:35:00,1,1,1,0.0,localized,unknown,none,0,,,
236,2026-03-10 16:31:00,2026-03-10 16:39:00,19,19,2,8.0,localized,unknown,none,0,,,
237,2026-03-10 17:12:00,2026-03-10 17:15:00,245,245,4,3.0,broad,iran,high,1,tg_16910_1,16910,https://t.me/idfofficial/16910
238,2026-03-10 17:43:00,2026-03-10 17:43:00,1,1,1,0.0,localized,unknown,none,0,,,
239,2026-03-10 18:29:00,2026-03-10 18:29:00,1,1,1,0.0,localized,unknown,none,0,,,
240,2026-03-10 19:30:00,2026-03-10 19:30:00,2,2,1,0.0,localized,unknown,none,0,,,
241,2026-03-10 19:48:00,2026-03-10 19:50:00,289,184,3,2.0,broad,iran,high,1,tg_16913_1,16913,https://t.me/idfofficial/16913
242,2026-03-10 20:08:00,2026-03-10 20:08:00,2,2,1,0.0,localized,unknown,none,0,,,
243,2026-03-10 21:07:00,2026-03-10 21:15:00,2,1,2,8.0,localized,unknown,none,0,,,
244,2026-03-10 23:36:00,2026-03-10 23:38:00,372,318,3,2.0,broad,iran,high,1,tg_16920_1,16920,https://t.me/idfofficial/16920
245,2026-03-11 00:55:00,2026-03-11 00:57:00,166,165,3,2.0,broad,iran,medium,1,tg_16923_1,16923,https://t.me/idfofficial/16923
246,2026-03-11 01:08:00,2026-03-11 01:17:00,422,320,7,9.0,broad,unknown,none,0,,,
247,2026-03-11 01:38:00,2026-03-11 01:38:00,1,1,1,0.0,localized,unknown,none,0,,,
248,2026-03-11 03:47:00,2026-03-11 03:50:00,434,287,4,3.0,broad,iran,medium,1,tg_16925_1,16925,https://t.me/idfofficial/16925
249,2026-03-11 04:19:00,2026-03-11 04:19:00,1,1,1,0.0,localized,unknown,none,0,,,
250,2026-03-11 04:38:00,2026-03-11 04:40:00,150,150,3,2.0,broad,iran,medium,1,tg_16927_1,16927,https://t.me/idfofficial/16927
251,2026-03-11 13:48:00,2026-03-11 13:53:00,368,343,5,5.0,broad,iran,medium,1,tg_16933_1,16933,https://t.me/idfofficial/16933
252,2026-03-11 14:39:00,2026-03-11 14:39:00,1,1,1,0.0,localized,unknown,none,0,,,
253,2026-03-11 17:43:00,2026-03-11 17:43:00,1,1,1,0.0,localized,unknown,none,0,,,
254,2026-03-11 19:46:00,2026-03-11 20:04:00,505,500,10,18.0,broad,iran,medium,1,tg_16941_1,16941,https://t.me/idfofficial/16941
255,2026-03-11 20:17:00,2026-03-11 20:20:00,215,215,4,3.0,broad,unknown,none,0,,,
256,2026-03-11 20:35:00,2026-03-11 20:38:00,6,6,2,3.0,localized,unknown,none,0,,,
257,2026-03-11 20:47:00,2026-03-11 21:04:00,119,119,6,17.0,broad,unknown,none,0,,,
258,2026-03-11 21:28:00,2026-03-11 21:28:00,2,2,1,0.0,localized,unknown,none,0,,,
259,2026-03-11 21:39:00,2026-03-11 21:39:00,1,1,1,0.0,localized,unknown,none,0,,,
260,2026-03-11 22:03:00,2026-03-11 22:03:00,1,1,1,0.0,localized,unknown,none,0,,,
261,2026-03-11 22:34:00,2026-03-11 22:39:00,91,91,3,5.0,broad,unknown,none,0,,,
262,2026-03-11 23:12:00,2026-03-11 23:13:00,7,7,2,1.0,localized,unknown,none,0,,,
263,2026-03-12 00:26:00,2026-03-12 00:36:00,268,268,6,10.0,broad,unknown,none,0,,,
264,2026-03-12 00:57:00,2026-03-12 00:58:00,28,28,2,1.0,broad,unknown,none,0,,,
265,2026-03-12 04:05:00,2026-03-12 04:17:00,272,272,6,12.0,broad,iran,medium,1,tg_16949_1,16949,https://t.me/idfofficial/16949
266,2026-03-12 06:35:00,2026-03-12 06:36:00,261,261,2,1.0,broad,iran,medium,1,tg_16951_1,16951,https://t.me/idfofficial/16951
267,2026-03-12 09:26:00,2026-03-12 09:27:00,174,174,2,1.0,broad,iran,high,1,tg_16954_1,16954,https://t.me/idfofficial/16954
268,2026-03-12 12:27:00,2026-03-12 12:27:00,1,1,1,0.0,localized,unknown,none,0,,,
269,2026-03-12 13:20:00,2026-03-12 13:30:00,6,6,4,10.0,localized,unknown,none,0,,,
270,2026-03-12 14:27:00,2026-03-12 14:27:00,1,1,1,0.0,localized,unknown,none,0,,,
271,2026-03-12 14:54:00,2026-03-12 15:05:00,269,269,5,11.0,broad,unknown,none,0,,,
272,2026-03-12 15:29:00,2026-03-12 15:37:00,21,21,3,8.0,localized,unknown,none,0,,,
273,2026-03-12 17:09:00,2026-03-12 17:09:00,2,2,1,0.0,localized,unknown,none,0,,,
274,2026-03-12 18:23:00,2026-03-12 18:23:00,1,1,1,0.0,localized,unknown,none,0,,,
275,2026-03-12 19:57:00,2026-03-12 19:57:00,1,1,1,0.0,localized,unknown,none,0,,,
276,2026-03-12 20:16:00,2026-03-12 20:16:00,1,1,1,0.0,localized,unknown,none,0,,,
277,2026-03-12 20:28:00,2026-03-12 20:28:00,1,1,1,0.0,localized,unknown,none,0,,,
278,2026-03-12 21:25:00,2026-03-12 21:25:00,4,4,1,0.0,localized,unknown,none,0,,,
279,2026-03-12 21:43:00,2026-03-12 21:43:00,148,148,1,0.0,broad,iran,high,1,tg_16975_1,16975,https://t.me/idfofficial/16975
280,2026-03-12 22:23:00,2026-03-12 22:23:00,3,3,1,0.0,localized,unknown,none,0,,,
281,2026-03-13 00:21:00,2026-03-13 00:21:00,3,3,1,0.0,localized,unknown,none,0,,,
282,2026-03-13 01:53:00,2026-03-13 01:55:00,212,212,3,2.0,broad,iran,medium,1,tg_16978_1,16978,https://t.me/idfofficial/16978
283,2026-03-13 02:23:00,2026-03-13 02:39:00,346,268,6,16.0,broad,iran,medium,1,tg_16980_1,16980,https://t.me/idfofficial/16980
284,2026-03-13 03:21:00,2026-03-13 03:21:00,1,1,1,0.0,localized,unknown,none,0,,,
285,2026-03-13 06:06:00,2026-03-13 06:06:00,1,1,1,0.0,localized,unknown,none,0,,,
286,2026-03-13 08:07:00,2026-03-13 08:07:00,3,3,1,0.0,localized,iran,medium,1,tg_16985_1,16985,https://t.me/idfofficial/16985
287,2026-03-13 10:49:00,2026-03-13 10:49:00,3,3,1,0.0,localized,unknown,none,0,,,
288,2026-03-13 11:55:00,2026-03-13 11:55:00,2,2,1,0.0,localized,unknown,none,0,,,
289,2026-03-13 12:09:00,2026-03-13 12:10:00,11,11,2,1.0,localized,unknown,none,0,,,
290,2026-03-13 12:32:00,2026-03-13 12:32:00,11,11,1,0.0,localized,unknown,none,0,,,
291,2026-03-13 12:57:00,2026-03-13 12:57:00,1,1,1,0.0,localized,unknown,none,0,,,
292,2026-03-13 13:34:00,2026-03-13 13:39:00,256,256,3,5.0,broad,iran,medium,1,tg_16992_1,16992,https://t.me/idfofficial/16992
293,2026-03-13 14:30:00,2026-03-13 14:30:00,2,2,1,0.0,localized,unknown,none,0,,,
294,2026-03-13 14:56:00,2026-03-13 14:56:00,1,1,1,0.0,localized,unknown,none,0,,,
295,2026-03-13 15:10:00,2026-03-13 15:10:00,1,1,1,0.0,localized,unknown,none,0,,,
296,2026-03-13 15:27:00,2026-03-13 15:27:00,2,2,1,0.0,localized,unknown,none,0,,,
297,2026-03-13 16:55:00,2026-03-13 16:55:00,1,1,1,0.0,localized,unknown,none,0,,,
298,2026-03-13 17:05:00,2026-03-13 17:07:00,185,185,3,2.0,broad,iran,medium,1,tg_16995_1,16995,https://t.me/idfofficial/16995
299,2026-03-13 17:30:00,2026-03-13 17:42:00,8,8,5,12.0,localized,unknown,none,0,,,
300,2026-03-13 18:45:00,2026-03-13 18:45:00,1,1,1,0.0,localized,unknown,none,0,,,
301,2026-03-13 19:32:00,2026-03-13 19:34:00,301,301,3,2.0,broad,iran,medium,1,tg_17004_1,17004,https://t.me/idfofficial/17004
302,2026-03-13 21:20:00,2026-03-13 21:20:00,1,1,1,0.0,localized,unknown,none,0,,,
303,2026-03-13 21:34:00,2026-03-13 21:34:00,1,1,1,0.0,localized,unknown,none,0,,,
304,2026-03-13 23:15:00,2026-03-13 23:24:00,377,377,5,9.0,broad,iran,medium,1,tg_17011_1,17011,https://t.me/idfofficial/17011
305,2026-03-14 02:26:00,2026-03-14 02:36:00,248,200,7,10.0,broad,iran,high,1,tg_17013_1,17013,https://t.me/idfofficial/17013
306,2026-03-14 03:46:00,2026-03-14 03:46:00,1,1,1,0.0,localized,unknown,none,0,,,
307,2026-03-14 04:22:00,2026-03-14 04:22:00,3,3,1,0.0,localized,unknown,none,0,,,
308,2026-03-14 04:44:00,2026-03-14 04:44:00,2,2,1,0.0,localized,unknown,none,0,,,
309,2026-03-14 05:12:00,2026-03-14 05:12:00,1,1,1,0.0,localized,unknown,none,0,,,
310,2026-03-14 07:56:00,2026-03-14 07:56:00,1,1,1,0.0,localized,unknown,none,0,,,
311,2026-03-14 08:47:00,2026-03-14 08:47:00,3,3,1,0.0,localized,unknown,none,0,,,
312,2026-03-14 09:56:00,2026-03-14 09:56:00,2,2,1,0.0,localized,unknown,none,0,,,
313,2026-03-14 10:16:00,2026-03-14 10:17:00,7,7,2,1.0,localized,unknown,none,0,,,
314,2026-03-14 12:02:00,2026-03-14 12:04:00,8,8,2,2.0,localized,unknown,none,0,,,
315,2026-03-14 12:28:00,2026-03-14 12:28:00,1,1,1,0.0,localized,unknown,none,0,,,
316,2026-03-14 12:47:00,2026-03-14 12:47:00,3,3,1,0.0,localized,iran,medium,1,tg_17018_1,17018,https://t.me/idfofficial/17018
317,2026-03-14 13:40:00,2026-03-14 13:46:00,9,9,3,6.0,localized,unknown,none,0,,,
318,2026-03-14 14:05:00,2026-03-14 14:05:00,2,2,1,0.0,localized,unknown,none,0,,,
319,2026-03-14 14:43:00,2026-03-14 14:45:00,142,142,3,2.0,broad,iran,high,1,tg_17021_1,17021,https://t.me/idfofficial/17021
320,2026-03-14 15:02:00,2026-03-14 15:14:00,134,134,6,12.0,broad,iran,high,1,tg_17023_1,17023,https://t.me/idfofficial/17023
321,2026-03-14 15:31:00,2026-03-14 15:38:00,3,3,2,7.0,localized,unknown,none,0,,,
322,2026-03-14 15:59:00,2026-03-14 16:07:00,11,7,5,8.0,localized,unknown,none,0,,,
323,2026-03-14 16:29:00,2026-03-14 16:38:00,407,394,8,9.0,broad,iran,high,1,tg_17027_1,17027,https://t.me/idfofficial/17027
324,2026-03-14 17:00:00,2026-03-14 17:02:00,9,9,3,2.0,localized,unknown,none,0,,,
325,2026-03-14 17:30:00,2026-03-14 17:30:00,2,2,1,0.0,localized,unknown,none,0,,,
326,2026-03-14 17:56:00,2026-03-14 18:03:00,7,6,4,7.0,localized,unknown,none,0,,,
327,2026-03-14 18:44:00,2026-03-14 18:44:00,3,3,1,0.0,localized,unknown,none,0,,,
328,2026-03-14 19:12:00,2026-03-14 19:14:00,65,65,2,2.0,broad,iran,high,1,tg_17034_1,17034,https://t.me/idfofficial/17034
329,2026-03-14 21:16:00,2026-03-14 21:18:00,3,3,2,2.0,localized,unknown,none,0,,,
330,2026-03-14 21:28:00,2026-03-14 21:28:00,1,1,1,0.0,localized,unknown,none,0,,,
331,2026-03-14 22:21:00,2026-03-14 22:24:00,7,7,2,3.0,localized,unknown,none,0,,,
332,2026-03-15 01:21:00,2026-03-15 01:21:00,3,3,1,0.0,localized,iran,medium,1,tg_17039_1,17039,https://t.me/idfofficial/17039
333,2026-03-15 02:21:00,2026-03-15 02:35:00,510,307,8,14.0,broad,unknown,none,0,,,
334,2026-03-15 02:59:00,2026-03-15 03:05:00,2,2,2,6.0,localized,unknown,none,0,,,
335,2026-03-15 05:38:00,2026-03-15 05:39:00,137,137,2,1.0,broad,iran,high,1,tg_17044_1,17044,https://t.me/idfofficial/17044
336,2026-03-15 06:20:00,2026-03-15 06:31:00,224,224,5,11.0,broad,iran,medium,1,tg_17046_1,17046,https://t.me/idfofficial/17046
337,2026-03-15 06:43:00,2026-03-15 06:46:00,67,67,3,3.0,broad,unknown,none,0,,,
338,2026-03-15 08:19:00,2026-03-15 08:21:00,33,33,3,2.0,broad,iran,high,1,tg_17048_1,17048,https://t.me/idfofficial/17048
339,2026-03-15 08:38:00,2026-03-15 08:40:00,61,61,3,2.0,broad,unknown,none,0,,,
340,2026-03-15 08:54:00,2026-03-15 09:00:00,15,15,3,6.0,localized,unknown,none,0,,,
341,2026-03-15 09:27:00,2026-03-15 09:27:00,8,8,1,0.0,localized,unknown,none,0,,,
342,2026-03-15 11:40:00,2026-03-15 11:40:00,3,3,1,0.0,localized,iran,medium,1,tg_17052_1,17052,https://t.me/idfofficial/17052
343,2026-03-15 11:49:00,2026-03-15 11:51:00,198,198,3,2.0,broad,unknown,none,0,,,
344,2026-03-15 12:00:00,2026-03-15 12:00:00,13,13,1,0.0,localized,unknown,none,0,,,
345,2026-03-15 12:27:00,2026-03-15 12:27:00,1,1,1,0.0,localized,unknown,none,0,,,
346,2026-03-15 12:37:00,2026-03-15 12:37:00,1,1,1,0.0,localized,unknown,none,0,,,
347,2026-03-15 13:10:00,2026-03-15 13:21:00,147,145,5,11.0,broad,unknown,none,0,,,
348,2026-03-15 13:46:00,2026-03-15 13:46:00,1,1,1,0.0,localized,unknown,none,0,,,
349,2026-03-15 13:57:00,2026-03-15 13:57:00,1,1,1,0.0,localized,unknown,none,0,,,
350,2026-03-15 14:18:00,2026-03-15 14:18:00,4,4,1,0.0,localized,unknown,none,0,,,
351,2026-03-15 15:43:00,2026-03-15 15:43:00,3,3,1,0.0,localized,unknown,none,0,,,
352,2026-03-15 17:05:00,2026-03-15 17:06:00,4,4,2,1.0,localized,unknown,none,0,,,
353,2026-03-15 17:59:00,2026-03-15 18:11:00,13,13,4,12.0,localized,unknown,none,0,,,
354,2026-03-15 19:03:00,2026-03-15 19:03:00,3,3,1,0.0,localized,unknown,none,0,,,
355,2026-03-15 21:48:00,2026-03-15 21:48:00,1,1,1,0.0,localized,unknown,none,0,,,
356,2026-03-15 22:25:00,2026-03-15 22:25:00,1,1,1,0.0,localized,unknown,none,0,,,
357,2026-03-15 22:58:00,2026-03-15 22:58:00,2,2,1,0.0,localized,unknown,none,0,,,
358,2026-03-16 00:34:00,2026-03-16 00:34:00,1,1,1,0.0,localized,unknown,none,0,,,
359,2026-03-16 01:30:00,2026-03-16 01:31:00,92,92,2,1.0,broad,iran,high,1,tg_17067_1,17067,https://t.me/idfofficial/17067
360,2026-03-16 02:28:00,2026-03-16 02:31:00,4,4,2,3.0,localized,unknown,none,0,,,
361,2026-03-16 02:40:00,2026-03-16 02:49:00,148,76,6,9.0,broad,iran,high,1,tg_17070_1,17070,https://t.me/idfofficial/17070
362,2026-03-16 05:34:00,2026-03-16 05:36:00,6,6,2,2.0,localized,unknown,none,0,,,
363,2026-03-16 09:51:00,2026-03-16 09:51:00,3,3,1,0.0,localized,unknown,none,0,,,
364,2026-03-16 10:06:00,2026-03-16 10:07:00,321,321,2,1.0,broad,iran,high,1,tg_17074_1,17074,https://t.me/idfofficial/17074
365,2026-03-16 10:49:00,2026-03-16 10:49:00,1,1,1,0.0,localized,unknown,none,0,,,
366,2026-03-16 11:46:00,2026-03-16 11:46:00,1,1,1,0.0,localized,unknown,none,0,,,
367,2026-03-16 12:05:00,2026-03-16 12:16:00,622,568,8,11.0,broad,iran,medium,1,tg_17078_1,17078,https://t.me/idfofficial/17078
368,2026-03-16 12:38:00,2026-03-16 12:38:00,1,1,1,0.0,localized,unknown,none,0,,,
369,2026-03-16 13:50:00,2026-03-16 13:50:00,1,1,1,0.0,localized,unknown,none,0,,,
370,2026-03-16 14:21:00,2026-03-16 14:21:00,3,3,1,0.0,localized,unknown,none,0,,,
371,2026-03-16 14:39:00,2026-03-16 14:39:00,1,1,1,0.0,localized,unknown,none,0,,,
372,2026-03-16 15:04:00,2026-03-16 15:06:00,231,231,3,2.0,broad,iran,medium,1,tg_17082_1,17082,https://t.me/idfofficial/17082
373,2026-03-16 16:01:00,2026-03-16 16:01:00,3,3,1,0.0,localized,unknown,none,0,,,
374,2026-03-16 16:22:00,2026-03-16 16:22:00,1,1,1,0.0,localized,unknown,none,0,,,
375,2026-03-16 16:46:00,2026-03-16 16:49:00,5,3,3,3.0,localized,unknown,none,0,,,
376,2026-03-16 17:11:00,2026-03-16 17:13:00,2,2,2,2.0,localized,unknown,none,0,,,
377,2026-03-16 18:11:00,2026-03-16 18:19:00,28,26,4,8.0,broad,unknown,none,0,,,
378,2026-03-16 21:02:00,2026-03-16 21:09:00,418,355,4,7.0,broad,iran,high,1,tg_17090_1,17090,https://t.me/idfofficial/17090
379,2026-03-16 22:00:00,2026-03-16 22:08:00,7,6,3,8.0,localized,unknown,none,0,,,
380,2026-03-16 22:20:00,2026-03-16 22:22:00,186,186,3,2.0,broad,iran,high,1,tg_17094_1,17094,https://t.me/idfofficial/17094
381,2026-03-17 01:03:00,2026-03-17 01:04:00,19,19,2,1.0,localized,iran,high,1,tg_17096_1,17096,https://t.me/idfofficial/17096
382,2026-03-17 03:35:00,2026-03-17 03:37:00,335,335,3,2.0,broad,iran,high,1,tg_17098_1,17098,https://t.me/idfofficial/17098
383,2026-03-17 04:40:00,2026-03-17 04:40:00,4,4,1,0.0,localized,unknown,none,0,,,
384,2026-03-17 05:12:00,2026-03-17 05:12:00,1,1,1,0.0,localized,unknown,none,0,,,
385,2026-03-17 06:17:00,2026-03-17 06:17:00,1,1,1,0.0,localized,unknown,none,0,,,
386,2026-03-17 08:30:00,2026-03-17 08:31:00,12,12,2,1.0,localized,unknown,none,0,,,
387,2026-03-17 08:46:00,2026-03-17 08:47:00,5,5,2,1.0,localized,unknown,none,0,,,
388,2026-03-17 09:36:00,2026-03-17 09:36:00,1,1,1,0.0,localized,unknown,none,0,,,
389,2026-03-17 11:50:00,2026-03-17 11:50:00,18,18,1,0.0,localized,iran,high,1,tg_17106_1,17106,https://t.me/idfofficial/17106
390,2026-03-17 12:36:00,2026-03-17 12:38:00,173,173,3,2.0,broad,iran,high,1,tg_17108_1,17108,https://t.me/idfofficial/17108
391,2026-03-17 13:56:00,2026-03-17 13:58:00,135,135,3,2.0,broad,iran,high,1,tg_17113_1,17113,https://t.me/idfofficial/17113
392,2026-03-17 15:29:00,2026-03-17 15:31:00,166,166,3,2.0,broad,iran,high,1,tg_17116_1,17116,https://t.me/idfofficial/17116
393,2026-03-17 17:44:00,2026-03-17 17:46:00,597,597,3,2.0,broad,iran,high,1,tg_17122_1,17122,https://t.me/idfofficial/17122
394,2026-03-17 18:09:00,2026-03-17 18:11:00,130,130,3,2.0,broad,iran,medium,1,tg_17124_1,17124,https://t.me/idfofficial/17124
395,2026-03-17 20:29:00,2026-03-17 20:38:00,123,121,5,9.0,broad,unknown,none,0,,,
396,2026-03-17 20:47:00,2026-03-17 21:15:00,21,19,7,28.0,localized,unknown,none,0,,,
397,2026-03-17 21:32:00,2026-03-17 21:32:00,1,1,1,0.0,localized,unknown,none,0,,,
398,2026-03-17 21:44:00,2026-03-17 21:46:00,30,30,2,2.0,broad,iran,high,1,tg_17130_1,17130,https://t.me/idfofficial/17130
399,2026-03-17 23:39:00,2026-03-17 23:39:00,1,1,1,0.0,localized,unknown,none,0,,,
400,2026-03-18 00:16:00,2026-03-18 00:21:00,425,425,6,5.0,broad,iran,high,1,tg_17133_1,17133,https://t.me/idfofficial/17133
401,2026-03-18 00:31:00,2026-03-18 00:33:00,163,163,3,2.0,broad,unknown,none,0,,,
402,2026-03-18 01:57:00,2026-03-18 01:57:00,1,1,1,0.0,localized,unknown,none,0,,,
403,2026-03-18 03:56:00,2026-03-18 03:57:00,40,40,2,1.0,broad,iran,medium,1,tg_17137_1,17137,https://t.me/idfofficial/17137
404,2026-03-18 04:39:00,2026-03-18 04:41:00,150,150,2,2.0,broad,iran,medium,1,tg_17139_1,17139,https://t.me/idfofficial/17139
405,2026-03-18 07:57:00,2026-03-18 07:58:00,170,170,2,1.0,broad,iran,high,1,tg_17144_1,17144,https://t.me/idfofficial/17144
406,2026-03-18 10:43:00,2026-03-18 10:43:00,2,2,1,0.0,localized,unknown,none,0,,,
407,2026-03-18 11:07:00,2026-03-18 11:08:00,43,43,2,1.0,broad,iran,high,1,tg_17148_1,17148,https://t.me/idfofficial/17148
408,2026-03-18 13:18:00,2026-03-18 13:19:00,47,47,2,1.0,broad,iran,high,1,tg_17153_1,17153,https://t.me/idfofficial/17153
409,2026-03-18 14:09:00,2026-03-18 14:09:00,1,1,1,0.0,localized,unknown,none,0,,,
410,2026-03-18 15:05:00,2026-03-18 15:05:00,1,1,1,0.0,localized,unknown,none,0,,,
411,2026-03-18 15:39:00,2026-03-18 15:40:00,150,150,2,1.0,broad,iran,medium,1,tg_17155_1,17155,https://t.me/idfofficial/17155
412,2026-03-18 16:33:00,2026-03-18 16:37:00,3,3,3,4.0,localized,iran,high,1,tg_17159_1,17159,https://t.me/idfofficial/17159
413,2026-03-18 17:52:00,2026-03-18 17:54:00,165,165,3,2.0,broad,iran,high,1,tg_17163_1,17163,https://t.me/idfofficial/17163
414,2026-03-18 20:13:00,2026-03-18 20:13:00,6,6,1,0.0,localized,unknown,none,0,,,
415,2026-03-18 20:30:00,2026-03-18 20:57:00,132,130,10,27.0,broad,unknown,none,0,,,
416,2026-03-18 21:33:00,2026-03-18 21:38:00,9,8,4,5.0,localized,unknown,none,0,,,
417,2026-03-18 21:48:00,2026-03-18 21:48:00,4,4,1,0.0,localized,unknown,none,0,,,
418,2026-03-18 22:07:00,2026-03-18 22:12:00,104,104,5,5.0,broad,iran,high,1,tg_17173_1,17173,https://t.me/idfofficial/17173
419,2026-03-18 23:22:00,2026-03-18 23:22:00,1,1,1,0.0,localized,unknown,none,0,,,
420,2026-03-18 23:35:00,2026-03-18 23:44:00,117,117,3,9.0,broad,iran,high,1,tg_17176_1,17176,https://t.me/idfofficial/17176
421,2026-03-18 23:58:00,2026-03-19 00:04:00,7,7,3,6.0,localized,unknown,none,0,,,
422,2026-03-19 00:44:00,2026-03-19 00:44:00,1,1,1,0.0,localized,unknown,none,0,,,
423,2026-03-19 01:01:00,2026-03-19 01:01:00,2,2,1,0.0,localized,unknown,none,0,,,
424,2026-03-19 02:33:00,2026-03-19 02:33:00,1,1,1,0.0,localized,unknown,none,0,,,
425,2026-03-19 03:16:00,2026-03-19 03:17:00,119,119,2,1.0,broad,iran,high,1,tg_17180_1,17180,https://t.me/idfofficial/17180
426,2026-03-19 04:13:00,2026-03-19 04:13:00,4,4,1,0.0,localized,unknown,none,0,,,
427,2026-03-19 04:27:00,2026-03-19 04:27:00,5,5,1,0.0,localized,unknown,none,0,,,
428,2026-03-19 04:45:00,2026-03-19 04:46:00,53,53,2,1.0,broad,iran,high,1,tg_17182_1,17182,https://t.me/idfofficial/17182
429,2026-03-19 05:23:00,2026-03-19 05:24:00,165,165,2,1.0,broad,iran,high,1,tg_17184_1,17184,https://t.me/idfofficial/17184
430,2026-03-19 05:46:00,2026-03-19 05:50:00,160,160,3,4.0,broad,iran,high,1,tg_17186_1,17186,https://t.me/idfofficial/17186
431,2026-03-19 06:54:00,2026-03-19 06:55:00,202,202,2,1.0,broad,iran,high,1,tg_17188_1,17188,https://t.me/idfofficial/17188
432,2026-03-19 07:35:00,2026-03-19 07:36:00,177,177,2,1.0,broad,iran,high,1,tg_17190_1,17190,https://t.me/idfofficial/17190
433,2026-03-19 10:02:00,2026-03-19 10:03:00,20,20,2,1.0,localized,unknown,none,0,,,
434,2026-03-19 10:52:00,2026-03-19 10:54:00,144,144,3,2.0,broad,iran,high,1,tg_17194_1,17194,https://t.me/idfofficial/17194
435,2026-03-19 11:43:00,2026-03-19 11:45:00,177,177,3,2.0,broad,iran,high,1,tg_17197_1,17197,https://t.me/idfofficial/17197
436,2026-03-19 12:00:00,2026-03-19 12:00:00,3,3,1,0.0,localized,unknown,none,0,,,
437,2026-03-19 12:26:00,2026-03-19 12:26:00,3,3,1,0.0,localized,unknown,none,0,,,
438,2026-03-19 13:57:00,2026-03-19 13:57:00,2,2,1,0.0,localized,unknown,none,0,,,
439,2026-03-19 15:24:00,2026-03-19 15:24:00,1,1,1,0.0,localized,unknown,none,0,,,
440,2026-03-19 16:07:00,2026-03-19 16:07:00,1,1,1,0.0,localized,unknown,none,0,,,
441,2026-03-19 16:30:00,2026-03-19 16:31:00,4,4,2,1.0,localized,unknown,none,0,,,
442,2026-03-19 16:42:00,2026-03-19 16:51:00,503,355,5,9.0,broad,iran,high,1,tg_17202_1,17202,https://t.me/idfofficial/17202
443,2026-03-19 17:12:00,2026-03-19 17:13:00,11,11,2,1.0,localized,unknown,none,0,,,
444,2026-03-19 17:39:00,2026-03-19 17:39:00,2,2,1,0.0,localized,unknown,none,0,,,
445,2026-03-19 18:48:00,2026-03-19 18:50:00,150,150,3,2.0,broad,iran,high,1,tg_17206_1,17206,https://t.me/idfofficial/17206
446,2026-03-19 19:00:00,2026-03-19 19:00:00,1,1,1,0.0,localized,unknown,none,0,,,
447,2026-03-19 20:32:00,2026-03-19 20:32:00,2,2,1,0.0,localized,unknown,none,0,,,
448,2026-03-19 20:55:00,2026-03-19 21:04:00,282,271,5,9.0,broad,iran,high,1,tg_17209_1,17209,https://t.me/idfofficial/17209
449,2026-03-19 22:44:00,2026-03-19 22:46:00,155,155,3,2.0,broad,iran,high,1,tg_17212_1,17212,https://t.me/idfofficial/17212
450,2026-03-19 23:31:00,2026-03-19 23:32:00,188,188,2,1.0,broad,iran,high,1,tg_17215_1,17215,https://t.me/idfofficial/17215
451,2026-03-19 23:45:00,2026-03-19 23:53:00,147,147,4,8.0,broad,unknown,none,0,,,
452,2026-03-20 00:06:00,2026-03-20 00:07:00,165,165,2,1.0,broad,unknown,none,0,,,
453,2026-03-20 00:17:00,2026-03-20 00:19:00,188,188,3,2.0,broad,unknown,none,0,,,
454,2026-03-20 01:19:00,2026-03-20 01:19:00,1,1,1,0.0,localized,unknown,none,0,,,
455,2026-03-20 01:43:00,2026-03-20 01:43:00,2,2,1,0.0,localized,unknown,none,0,,,
456,2026-03-20 02:49:00,2026-03-20 02:50:00,317,317,2,1.0,broad,iran,high,1,tg_17219_1,17219,https://t.me/idfofficial/17219
457,2026-03-20 08:12:00,2026-03-20 08:13:00,119,119,2,1.0,broad,iran,high,1,tg_17223_1,17223,https://t.me/idfofficial/17223
458,2026-03-20 08:47:00,2026-03-20 08:48:00,165,165,2,1.0,broad,iran,medium,1,tg_17225_1,17225,https://t.me/idfofficial/17225
459,2026-03-20 09:08:00,2026-03-20 09:08:00,2,2,1,0.0,localized,unknown,none,0,,,
460,2026-03-20 09:21:00,2026-03-20 09:21:00,1,1,1,0.0,localized,unknown,none,0,,,
461,2026-03-20 10:41:00,2026-03-20 10:42:00,190,190,2,1.0,broad,iran,high,1,tg_17227_1,17227,https://t.me/idfofficial/17227
462,2026-03-20 10:55:00,2026-03-20 11:01:00,137,137,4,6.0,broad,unknown,none,0,,,
463,2026-03-20 11:40:00,2026-03-20 11:40:00,1,1,1,0.0,localized,unknown,none,0,,,
464,2026-03-20 12:22:00,2026-03-20 12:22:00,2,2,1,0.0,localized,unknown,none,0,,,
465,2026-03-20 12:34:00,2026-03-20 12:34:00,2,2,1,0.0,localized,unknown,none,0,,,
466,2026-03-20 12:57:00,2026-03-20 13:03:00,15,15,4,6.0,localized,iran,high,1,tg_17231_1,17231,https://t.me/idfofficial/17231
467,2026-03-20 13:15:00,2026-03-20 13:18:00,208,208,4,3.0,broad,unknown,none,0,,,
468,2026-03-20 13:31:00,2026-03-20 13:31:00,1,1,1,0.0,localized,unknown,none,0,,,
469,2026-03-20 13:49:00,2026-03-20 14:08:00,848,571,8,19.0,broad,iran,medium,1,tg_17234_1,17234,https://t.me/idfofficial/17234
470,2026-03-20 15:02:00,2026-03-20 15:02:00,5,5,1,0.0,localized,unknown,none,0,,,
471,2026-03-20 15:17:00,2026-03-20 15:20:00,4,4,2,3.0,localized,unknown,none,0,,,
472,2026-03-20 15:29:00,2026-03-20 15:29:00,4,4,1,0.0,localized,unknown,none,0,,,
473,2026-03-20 15:43:00,2026-03-20 15:46:00,11,9,2,3.0,localized,unknown,none,0,,,
474,2026-03-20 16:09:00,2026-03-20 16:15:00,107,107,3,6.0,broad,iran,high,1,tg_17240_1,17240,https://t.me/idfofficial/17240
475,2026-03-20 17:01:00,2026-03-20 17:09:00,131,131,5,8.0,broad,iran,high,1,tg_17241_1,17241,https://t.me/idfofficial/17241
476,2026-03-20 17:31:00,2026-03-20 17:31:00,8,8,1,0.0,localized,unknown,none,0,,,
477,2026-03-20 18:12:00,2026-03-20 18:13:00,18,18,2,1.0,localized,unknown,none,0,,,
478,2026-03-20 21:39:00,2026-03-20 21:40:00,402,402,2,1.0,broad,iran,medium,1,tg_17245_1,17245,https://t.me/idfofficial/17245
479,2026-03-20 22:23:00,2026-03-20 22:25:00,3,3,2,2.0,localized,unknown,none,0,,,
480,2026-03-20 22:36:00,2026-03-20 22:39:00,4,4,2,3.0,localized,unknown,none,0,,,
481,2026-03-20 22:50:00,2026-03-20 22:50:00,1,1,1,0.0,localized,unknown,none,0,,,
482,2026-03-20 23:01:00,2026-03-20 23:01:00,1,1,1,0.0,localized,unknown,none,0,,,
483,2026-03-20 23:19:00,2026-03-20 23:19:00,2,2,1,0.0,localized,unknown,none,0,,,
484,2026-03-21 01:14:00,2026-03-21 01:14:00,17,17,1,0.0,localized,iran,medium,1,tg_17248_1,17248,https://t.me/idfofficial/17248
485,2026-03-21 02:06:00,2026-03-21 02:06:00,7,7,1,0.0,localized,unknown,none,0,,,
486,2026-03-21 02:33:00,2026-03-21 02:34:00,3,3,2,1.0,localized,unknown,none,0,,,
487,2026-03-21 03:21:00,2026-03-21 03:23:00,235,235,3,2.0,broad,iran,medium,1,tg_17251_1,17251,https://t.me/idfofficial/17251
488,2026-03-21 05:30:00,2026-03-21 05:31:00,10,10,2,1.0,localized,iran,high,1,tg_17254_1,17254,https://t.me/idfofficial/17254
489,2026-03-21 06:39:00,2026-03-21 06:39:00,1,1,1,0.0,localized,unknown,none,0,,,
490,2026-03-21 08:30:00,2026-03-21 08:31:00,145,145,2,1.0,broad,iran,medium,1,tg_17256_1,17256,https://t.me/idfofficial/17256
491,2026-03-21 12:33:00,2026-03-21 12:33:00,2,2,1,0.0,localized,unknown,none,0,,,
492,2026-03-21 13:10:00,2026-03-21 13:11:00,12,12,2,1.0,localized,unknown,none,0,,,
493,2026-03-21 13:46:00,2026-03-21 13:54:00,7,6,4,8.0,localized,unknown,none,0,,,
494,2026-03-21 14:28:00,2026-03-21 14:33:00,16,14,5,5.0,localized,unknown,none,0,,,
495,2026-03-21 15:04:00,2026-03-21 15:04:00,1,1,1,0.0,localized,unknown,none,0,,,
496,2026-03-21 15:17:00,2026-03-21 15:26:00,5,5,3,9.0,localized,unknown,none,0,,,
497,2026-03-21 15:40:00,2026-03-21 15:40:00,1,1,1,0.0,localized,unknown,none,0,,,
498,2026-03-21 15:57:00,2026-03-21 15:57:00,1,1,1,0.0,localized,unknown,none,0,,,
499,2026-03-21 16:59:00,2026-03-21 17:07:00,34,33,4,8.0,broad,iran,medium,1,tg_17263_1,17263,https://t.me/idfofficial/17263
500,2026-03-21 17:29:00,2026-03-21 17:29:00,1,1,1,0.0,localized,unknown,none,0,,,
501,2026-03-21 17:38:00,2026-03-21 17:38:00,3,3,1,0.0,localized,unknown,none,0,,,
502,2026-03-21 17:51:00,2026-03-21 17:51:00,3,3,1,0.0,localized,unknown,none,0,,,
503,2026-03-21 18:00:00,2026-03-21 18:09:00,12,12,3,9.0,localized,unknown,none,0,,,
504,2026-03-21 18:48:00,2026-03-21 18:48:00,16,16,1,0.0,localized,iran,medium,1,tg_17268_1,17268,https://t.me/idfofficial/17268
505,2026-03-21 18:57:00,2026-03-21 19:08:00,28,28,5,11.0,broad,unknown,none,0,,,
506,2026-03-21 19:34:00,2026-03-21 19:34:00,3,3,1,0.0,localized,unknown,none,0,,,
507,2026-03-21 19:48:00,2026-03-21 19:48:00,1,1,1,0.0,localized,unknown,none,0,,,
508,2026-03-21 20:40:00,2026-03-21 20:40:00,4,4,1,0.0,localized,iran,medium,1,tg_17274_1,17274,https://t.me/idfofficial/17274
509,2026-03-21 21:42:00,2026-03-21 21:42:00,1,1,1,0.0,localized,unknown,none,0,,,
510,2026-03-21 22:05:00,2026-03-21 22:06:00,19,19,2,1.0,localized,iran,high,1,tg_17278_1,17278,https://t.me/idfofficial/17278
511,2026-03-21 22:19:00,2026-03-21 22:28:00,321,203,5,9.0,broad,unknown,none,0,,,
512,2026-03-22 02:43:00,2026-03-22 02:44:00,2,2,2,1.0,localized,unknown,none,0,,,
513,2026-03-22 03:21:00,2026-03-22 03:21:00,1,1,1,0.0,localized,unknown,none,0,,,
514,2026-03-22 07:07:00,2026-03-22 07:08:00,155,155,2,1.0,broad,iran,medium,1,tg_17287_1,17287,https://t.me/idfofficial/17287
515,2026-03-22 07:51:00,2026-03-22 08:04:00,290,289,5,13.0,broad,iran,high,1,tg_17291_1,17291,https://t.me/idfofficial/17291
516,2026-03-22 08:17:00,2026-03-22 08:19:00,97,97,3,2.0,broad,iran,medium,1,tg_17293_1,17293,https://t.me/idfofficial/17293
517,2026-03-22 08:37:00,2026-03-22 08:37:00,1,1,1,0.0,localized,unknown,none,0,,,
518,2026-03-22 09:25:00,2026-03-22 09:28:00,130,130,4,3.0,broad,iran,medium,1,tg_17296_1,17296,https://t.me/idfofficial/17296
519,2026-03-22 09:37:00,2026-03-22 09:37:00,1,1,1,0.0,localized,unknown,none,0,,,
520,2026-03-22 10:02:00,2026-03-22 10:02:00,3,3,1,0.0,localized,unknown,none,0,,,
521,2026-03-22 10:44:00,2026-03-22 10:44:00,2,2,1,0.0,localized,unknown,none,0,,,
522,2026-03-22 11:14:00,2026-03-22 11:16:00,145,145,3,2.0,broad,iran,medium,1,tg_17299_1,17299,https://t.me/idfofficial/17299
523,2026-03-22 12:05:00,2026-03-22 12:05:00,3,3,1,0.0,localized,iran,medium,1,tg_17303_1,17303,https://t.me/idfofficial/17303
524,2026-03-22 12:31:00,2026-03-22 12:31:00,3,3,1,0.0,localized,unknown,none,0,,,
525,2026-03-22 14:22:00,2026-03-22 14:24:00,3,3,2,2.0,localized,unknown,none,0,,,
526,2026-03-22 14:49:00,2026-03-22 14:49:00,2,2,1,0.0,localized,unknown,none,0,,,
527,2026-03-22 15:10:00,2026-03-22 15:11:00,246,246,2,1.0,broad,iran,medium,1,tg_17310_1,17310,https://t.me/idfofficial/17310
528,2026-03-22 15:59:00,2026-03-22 16:07:00,14,14,3,8.0,localized,unknown,none,0,,,
529,2026-03-22 16:30:00,2026-03-22 16:38:00,3,3,2,8.0,localized,unknown,none,0,,,
530,2026-03-22 16:56:00,2026-03-22 16:56:00,1,1,1,0.0,localized,unknown,none,0,,,
531,2026-03-22 18:11:00,2026-03-22 18:12:00,3,3,2,1.0,localized,unknown,none,0,,,
532,2026-03-22 18:21:00,2026-03-22 18:43:00,17,16,6,22.0,localized,unknown,none,0,,,
533,2026-03-22 18:55:00,2026-03-22 19:08:00,4,4,3,13.0,localized,unknown,none,0,,,
534,2026-03-22 20:16:00,2026-03-22 20:16:00,5,5,1,0.0,localized,unknown,none,0,,,
535,2026-03-22 20:44:00,2026-03-22 20:44:00,2,2,1,0.0,localized,unknown,none,0,,,
536,2026-03-22 21:53:00,2026-03-22 21:53:00,1,1,1,0.0,localized,unknown,none,0,,,
537,2026-03-22 22:23:00,2026-03-22 22:23:00,4,4,1,0.0,localized,unknown,none,0,,,
538,2026-03-22 23:00:00,2026-03-22 23:01:00,74,74,2,1.0,broad,iran,high,1,tg_17317_1,17317,https://t.me/idfofficial/17317
539,2026-03-22 23:19:00,2026-03-22 23:20:00,59,59,2,1.0,broad,iran,high,1,tg_17319_1,17319,https://t.me/idfofficial/17319
540,2026-03-23 00:05:00,2026-03-23 00:08:00,277,277,4,3.0,broad,iran,medium,1,tg_17321_1,17321,https://t.me/idfofficial/17321
541,2026-03-23 01:55:00,2026-03-23 01:55:00,2,2,1,0.0,localized,unknown,none,0,,,
542,2026-03-23 02:52:00,2026-03-23 02:52:00,1,1,1,0.0,localized,unknown,none,0,,,
543,2026-03-23 04:42:00,2026-03-23 04:42:00,2,2,1,0.0,localized,unknown,none,0,,,
544,2026-03-23 06:57:00,2026-03-23 06:59:00,168,168,3,2.0,broad,iran,high,1,tg_17325_1,17325,https://t.me/idfofficial/17325
545,2026-03-23 09:29:00,2026-03-23 09:29:00,1,1,1,0.0,localized,unknown,none,0,,,
546,2026-03-23 10:09:00,2026-03-23 10:12:00,424,316,3,3.0,broad,iran,medium,1,tg_17327_1,17327,https://t.me/idfofficial/17327
547,2026-03-23 11:32:00,2026-03-23 11:32:00,1,1,1,0.0,localized,unknown,none,0,,,
548,2026-03-23 13:11:00,2026-03-23 13:11:00,1,1,1,0.0,localized,unknown,none,0,,,
549,2026-03-23 13:21:00,2026-03-23 13:21:00,5,5,1,0.0,localized,unknown,none,0,,,
550,2026-03-23 13:30:00,2026-03-23 13:30:00,1,1,1,0.0,localized,unknown,none,0,,,
551,2026-03-23 13:39:00,2026-03-23 13:39:00,4,4,1,0.0,localized,unknown,none,0,,,
552,2026-03-23 14:02:00,2026-03-23 14:02:00,3,3,1,0.0,localized,unknown,none,0,,,
553,2026-03-23 14:21:00,2026-03-23 14:21:00,5,5,1,0.0,localized,unknown,none,0,,,
554,2026-03-23 14:44:00,2026-03-23 14:44:00,1,1,1,0.0,localized,unknown,none,0,,,
555,2026-03-23 15:13:00,2026-03-23 15:13:00,2,2,1,0.0,localized,unknown,none,0,,,
556,2026-03-23 18:05:00,2026-03-23 18:05:00,1,1,1,0.0,localized,unknown,none,0,,,
557,2026-03-23 21:28:00,2026-03-23 21:28:00,3,3,1,0.0,localized,iran,high,1,tg_17339_1,17339,https://t.me/idfofficial/17339
558,2026-03-23 22:03:00,2026-03-23 22:03:00,3,3,1,0.0,localized,iran,medium,1,tg_17342_1,17342,https://t.me/idfofficial/17342
559,2026-03-23 23:40:00,2026-03-23 23:40:00,2,2,1,0.0,localized,unknown,none,0,,,
560,2026-03-23 23:49:00,2026-03-23 23:50:00,4,4,2,1.0,localized,unknown,none,0,,,
561,2026-03-24 00:22:00,2026-03-24 00:23:00,182,182,2,1.0,broad,iran,high,1,tg_17344_1,17344,https://t.me/idfofficial/17344
562,2026-03-24 01:07:00,2026-03-24 01:09:00,115,115,2,2.0,broad,iran,high,1,tg_17347_1,17347,https://t.me/idfofficial/17347
563,2026-03-24 01:20:00,2026-03-24 01:28:00,3,2,3,8.0,localized,unknown,none,0,,,
564,2026-03-24 02:24:00,2026-03-24 02:28:00,8,5,2,4.0,localized,unknown,none,0,,,
565,2026-03-24 03:59:00,2026-03-24 03:59:00,28,28,1,0.0,broad,iran,high,1,tg_17349_1,17349,https://t.me/idfofficial/17349
566,2026-03-24 04:30:00,2026-03-24 04:31:00,121,121,2,1.0,broad,iran,high,1,tg_17351_1,17351,https://t.me/idfofficial/17351
567,2026-03-24 06:16:00,2026-03-24 06:17:00,84,84,2,1.0,broad,iran,medium,1,tg_17353_1,17353,https://t.me/idfofficial/17353
568,2026-03-24 07:32:00,2026-03-24 07:34:00,175,175,3,2.0,broad,iran,high,1,tg_17356_1,17356,https://t.me/idfofficial/17356
569,2026-03-24 09:05:00,2026-03-24 09:07:00,30,30,3,2.0,broad,iran,medium,1,tg_17360_1,17360,https://t.me/idfofficial/17360
570,2026-03-24 10:24:00,2026-03-24 10:30:00,31,28,4,6.0,broad,unknown,none,0,,,
571,2026-03-24 11:29:00,2026-03-24 11:29:00,5,5,1,0.0,localized,unknown,none,0,,,
572,2026-03-24 11:52:00,2026-03-24 11:52:00,8,8,1,0.0,localized,unknown,none,0,,,
573,2026-03-24 12:48:00,2026-03-24 12:49:00,92,92,2,1.0,broad,iran,high,1,tg_17367_1,17367,https://t.me/idfofficial/17367
574,2026-03-24 14:43:00,2026-03-24 14:44:00,43,43,2,1.0,broad,iran,medium,1,tg_17369_1,17369,https://t.me/idfofficial/17369
575,2026-03-24 15:34:00,2026-03-24 15:46:00,103,103,5,12.0,broad,unknown,none,0,,,
576,2026-03-24 16:14:00,2026-03-24 16:14:00,1,1,1,0.0,localized,unknown,none,0,,,
577,2026-03-24 16:49:00,2026-03-24 16:49:00,3,3,1,0.0,localized,unknown,none,0,,,
578,2026-03-24 17:10:00,2026-03-24 17:10:00,1,1,1,0.0,localized,unknown,none,0,,,
579,2026-03-24 18:17:00,2026-03-24 18:26:00,13,13,5,9.0,localized,unknown,none,0,,,
580,2026-03-24 19:00:00,2026-03-24 19:02:00,232,232,3,2.0,broad,iran,high,1,tg_17377_1,17377,https://t.me/idfofficial/17377
581,2026-03-24 20:01:00,2026-03-24 20:03:00,5,5,2,2.0,localized,unknown,none,0,,,
582,2026-03-24 20:40:00,2026-03-24 20:41:00,146,146,2,1.0,broad,iran,medium,1,tg_17383_1,17383,https://t.me/idfofficial/17383
583,2026-03-24 23:00:00,2026-03-24 23:00:00,1,1,1,0.0,localized,unknown,none,0,,,
584,2026-03-24 23:36:00,2026-03-24 23:36:00,3,3,1,0.0,localized,iran,medium,1,tg_17388_1,17388,https://t.me/idfofficial/17388
585,2026-03-24 23:48:00,2026-03-24 23:51:00,198,188,4,3.0,broad,unknown,none,0,,,
586,2026-03-25 00:42:00,2026-03-25 00:42:00,3,3,1,0.0,localized,iran,medium,1,tg_17390_1,17390,https://t.me/idfofficial/17390
587,2026-03-25 01:40:00,2026-03-25 01:40:00,5,5,1,0.0,localized,unknown,none,0,,,
588,2026-03-25 02:53:00,2026-03-25 02:55:00,140,140,3,2.0,broad,iran,high,1,tg_17393_1,17393,https://t.me/idfofficial/17393
589,2026-03-25 05:43:00,2026-03-25 05:43:00,3,3,1,0.0,localized,unknown,none,0,,,
590,2026-03-25 05:53:00,2026-03-25 05:54:00,3,3,2,1.0,localized,unknown,none,0,,,
591,2026-03-25 06:03:00,2026-03-25 06:03:00,4,4,1,0.0,localized,unknown,none,0,,,
592,2026-03-25 06:29:00,2026-03-25 06:30:00,10,10,2,1.0,localized,unknown,none,0,,,
593,2026-03-25 07:14:00,2026-03-25 07:16:00,36,36,3,2.0,broad,iran,medium,1,tg_17396_1,17396,https://t.me/idfofficial/17396
594,2026-03-25 08:17:00,2026-03-25 08:17:00,2,2,1,0.0,localized,unknown,none,0,,,
595,2026-03-25 10:46:00,2026-03-25 10:59:00,630,468,6,13.0,broad,iran,high,1,tg_17400_1,17400,https://t.me/idfofficial/17400
596,2026-03-25 11:20:00,2026-03-25 11:22:00,183,183,3,2.0,broad,iran,medium,1,tg_17402_1,17402,https://t.me/idfofficial/17402
597,2026-03-25 11:32:00,2026-03-25 11:32:00,4,4,1,0.0,localized,unknown,none,0,,,
598,2026-03-25 11:56:00,2026-03-25 11:56:00,1,1,1,0.0,localized,unknown,none,0,,,
599,2026-03-25 12:35:00,2026-03-25 12:36:00,13,13,2,1.0,localized,unknown,none,0,,,
600,2026-03-25 13:03:00,2026-03-25 13:09:00,5,5,3,6.0,localized,unknown,none,0,,,
601,2026-03-25 13:49:00,2026-03-25 13:49:00,4,4,1,0.0,localized,unknown,none,0,,,
602,2026-03-25 14:01:00,2026-03-25 14:10:00,41,41,5,9.0,broad,unknown,none,0,,,
603,2026-03-25 14:19:00,2026-03-25 14:22:00,22,22,4,3.0,localized,iran,medium,1,tg_17407_1,17407,https://t.me/idfofficial/17407
604,2026-03-25 14:31:00,2026-03-25 14:34:00,21,21,4,3.0,localized,unknown,none,0,,,
605,2026-03-25 14:59:00,2026-03-25 14:59:00,1,1,1,0.0,localized,unknown,none,0,,,
606,2026-03-25 16:15:00,2026-03-25 16:15:00,11,11,1,0.0,localized,iran,medium,1,tg_17411_1,17411,https://t.me/idfofficial/17411
607,2026-03-25 16:55:00,2026-03-25 16:56:00,21,21,2,1.0,localized,unknown,none,0,,,
608,2026-03-25 17:45:00,2026-03-25 17:45:00,3,3,1,0.0,localized,unknown,none,0,,,
609,2026-03-25 18:31:00,2026-03-25 18:31:00,4,4,1,0.0,localized,unknown,none,0,,,
610,2026-03-25 19:02:00,2026-03-25 19:02:00,1,1,1,0.0,localized,unknown,none,0,,,
611,2026-03-25 19:22:00,2026-03-25 19:22:00,1,1,1,0.0,localized,unknown,none,0,,,
612,2026-03-25 19:35:00,2026-03-25 19:35:00,1,1,1,0.0,localized,unknown,none,0,,,
613,2026-03-25 20:00:00,2026-03-25 20:15:00,25,25,4,15.0,localized,unknown,none,0,,,
614,2026-03-25 21:19:00,2026-03-25 21:19:00,3,3,1,0.0,localized,unknown,none,0,,,
615,2026-03-25 21:29:00,2026-03-25 21:33:00,5,5,2,4.0,localized,unknown,none,0,,,
616,2026-03-25 21:45:00,2026-03-25 21:45:00,3,3,1,0.0,localized,unknown,none,0,,,
617,2026-03-25 22:09:00,2026-03-25 22:09:00,1,1,1,0.0,localized,unknown,none,0,,,
618,2026-03-25 22:46:00,2026-03-25 22:46:00,1,1,1,0.0,localized,unknown,none,0,,,
619,2026-03-25 23:01:00,2026-03-25 23:01:00,2,2,1,0.0,localized,unknown,none,0,,,
620,2026-03-26 01:17:00,2026-03-26 01:18:00,51,51,2,1.0,broad,unknown,none,0,,,
621,2026-03-26 03:15:00,2026-03-26 03:15:00,1,1,1,0.0,localized,unknown,none,0,,,
622,2026-03-26 05:32:00,2026-03-26 05:32:00,2,2,1,0.0,localized,unknown,none,0,,,
623,2026-03-26 05:54:00,2026-03-26 05:54:00,3,3,1,0.0,localized,unknown,none,0,,,
624,2026-03-26 06:13:00,2026-03-26 06:13:00,8,8,1,0.0,localized,unknown,none,0,,,
625,2026-03-26 06:30:00,2026-03-26 06:30:00,2,2,1,0.0,localized,unknown,none,0,,,
626,2026-03-26 06:54:00,2026-03-26 06:55:00,276,276,2,1.0,broad,iran,high,1,tg_17420_1,17420,https://t.me/idfofficial/17420
627,2026-03-26 07:16:00,2026-03-26 07:17:00,214,214,2,1.0,broad,iran,medium,1,tg_17422_1,17422,https://t.me/idfofficial/17422
628,2026-03-26 08:24:00,2026-03-26 08:28:00,342,339,3,4.0,broad,iran,medium,1,tg_17425_1,17425,https://t.me/idfofficial/17425
629,2026-03-26 08:59:00,2026-03-26 09:18:00,441,440,8,19.0,broad,iran,high,1,tg_17427_1,17427,https://t.me/idfofficial/17427
630,2026-03-26 10:22:00,2026-03-26 10:26:00,10,10,3,4.0,localized,unknown,none,0,,,
631,2026-03-26 10:38:00,2026-03-26 10:39:00,173,173,2,1.0,broad,iran,high,1,tg_17430_1,17430,https://t.me/idfofficial/17430
632,2026-03-26 10:55:00,2026-03-26 11:00:00,121,121,3,5.0,broad,iran,high,1,tg_17432_1,17432,https://t.me/idfofficial/17432
633,2026-03-26 12:00:00,2026-03-26 12:01:00,10,10,2,1.0,localized,unknown,none,0,,,
634,2026-03-26 12:15:00,2026-03-26 12:15:00,2,2,1,0.0,localized,unknown,none,0,,,
635,2026-03-26 13:12:00,2026-03-26 13:12:00,1,1,1,0.0,localized,unknown,none,0,,,
636,2026-03-26 13:23:00,2026-03-26 13:30:00,284,260,5,7.0,broad,iran,medium,1,tg_17435_1,17435,https://t.me/idfofficial/17435
637,2026-03-26 13:50:00,2026-03-26 13:50:00,1,1,1,0.0,localized,unknown,none,0,,,
638,2026-03-26 14:21:00,2026-03-26 14:21:00,2,2,1,0.0,localized,unknown,none,0,,,
639,2026-03-26 14:36:00,2026-03-26 14:36:00,1,1,1,0.0,localized,unknown,none,0,,,
640,2026-03-26 14:52:00,2026-03-26 14:52:00,1,1,1,0.0,localized,unknown,none,0,,,
641,2026-03-26 15:11:00,2026-03-26 15:11:00,2,2,1,0.0,localized,unknown,none,0,,,
642,2026-03-26 15:21:00,2026-03-26 15:21:00,1,1,1,0.0,localized,unknown,none,0,,,
643,2026-03-26 16:02:00,2026-03-26 16:07:00,10,10,2,5.0,localized,unknown,none,0,,,
644,2026-03-26 16:23:00,2026-03-26 16:25:00,3,3,2,2.0,localized,unknown,none,0,,,
645,2026-03-26 16:44:00,2026-03-26 16:55:00,11,11,3,11.0,localized,unknown,none,0,,,
646,2026-03-26 17:08:00,2026-03-26 17:09:00,180,180,2,1.0,broad,iran,medium,1,tg_17442_1,17442,https://t.me/idfofficial/17442
647,2026-03-26 17:50:00,2026-03-26 17:50:00,224,224,1,0.0,broad,iran,medium,1,tg_17445_1,17445,https://t.me/idfofficial/17445
648,2026-03-26 18:43:00,2026-03-26 18:44:00,4,4,2,1.0,localized,unknown,none,0,,,
649,2026-03-26 18:59:00,2026-03-26 18:59:00,1,1,1,0.0,localized,unknown,none,0,,,
650,2026-03-26 19:22:00,2026-03-26 19:27:00,9,9,2,5.0,localized,unknown,none,0,,,
651,2026-03-26 20:05:00,2026-03-26 20:05:00,1,1,1,0.0,localized,unknown,none,0,,,
652,2026-03-26 20:21:00,2026-03-26 20:22:00,6,6,2,1.0,localized,unknown,none,0,,,
653,2026-03-26 21:01:00,2026-03-26 21:17:00,147,132,7,16.0,broad,unknown,none,0,,,
654,2026-03-26 23:19:00,2026-03-26 23:19:00,1,1,1,0.0,localized,unknown,none,0,,,
655,2026-03-26 23:42:00,2026-03-26 23:42:00,1,1,1,0.0,localized,unknown,none,0,,,
656,2026-03-26 23:58:00,2026-03-26 23:59:00,76,76,2,1.0,broad,iran,medium,1,tg_17457_1,17457,https://t.me/idfofficial/17457
657,2026-03-27 00:59:00,2026-03-27 00:59:00,1,1,1,0.0,localized,unknown,none,0,,,
658,2026-03-27 01:46:00,2026-03-27 01:48:00,270,270,3,2.0,broad,iran,medium,1,tg_17459_1,17459,https://t.me/idfofficial/17459
659,2026-03-27 04:16:00,2026-03-27 04:16:00,1,1,1,0.0,localized,unknown,none,0,,,
660,2026-03-27 05:31:00,2026-03-27 05:32:00,3,3,2,1.0,localized,unknown,none,0,,,
661,2026-03-27 07:22:00,2026-03-27 07:22:00,3,3,1,0.0,localized,unknown,none,0,,,
662,2026-03-27 10:20:00,2026-03-27 10:20:00,1,1,1,0.0,localized,unknown,none,0,,,
663,2026-03-27 10:40:00,2026-03-27 10:41:00,60,60,2,1.0,broad,iran,medium,1,tg_17464_1,17464,https://t.me/idfofficial/17464
664,2026-03-27 12:49:00,2026-03-27 12:50:00,45,45,2,1.0,broad,unknown,none,0,,,
665,2026-03-27 13:02:00,2026-03-27 13:02:00,2,2,1,0.0,localized,unknown,none,0,,,
666,2026-03-27 13:30:00,2026-03-27 13:31:00,156,156,2,1.0,broad,iran,medium,1,tg_17468_1,17468,https://t.me/idfofficial/17468
667,2026-03-27 14:08:00,2026-03-27 14:20:00,302,302,5,12.0,broad,iran,medium,1,tg_17470_1,17470,https://t.me/idfofficial/17470
668,2026-03-27 15:07:00,2026-03-27 15:07:00,2,2,1,0.0,localized,unknown,none,0,,,
669,2026-03-27 17:53:00,2026-03-27 17:53:00,1,1,1,0.0,localized,unknown,none,0,,,
670,2026-03-27 18:59:00,2026-03-27 19:07:00,4,4,2,8.0,localized,unknown,none,0,,,
671,2026-03-27 20:11:00,2026-03-27 20:22:00,23,15,4,11.0,localized,unknown,none,0,,,
672,2026-03-27 21:06:00,2026-03-27 21:06:00,1,1,1,0.0,localized,unknown,none,0,,,
673,2026-03-27 21:41:00,2026-03-27 21:41:00,1,1,1,0.0,localized,unknown,none,0,,,
674,2026-03-27 23:16:00,2026-03-27 23:17:00,126,126,2,1.0,broad,iran,medium,1,tg_17484_1,17484,https://t.me/idfofficial/17484
675,2026-03-27 23:38:00,2026-03-27 23:41:00,483,443,4,3.0,broad,iran,medium,1,tg_17486_1,17486,https://t.me/idfofficial/17486
676,2026-03-28 00:01:00,2026-03-28 00:09:00,2,1,2,8.0,localized,unknown,none,0,,,
677,2026-03-28 00:18:00,2026-03-28 00:18:00,1,1,1,0.0,localized,unknown,none,0,,,
678,2026-03-28 01:30:00,2026-03-28 01:32:00,121,121,3,2.0,broad,iran,medium,1,tg_17490_1,17490,https://t.me/idfofficial/17490
679,2026-03-28 02:15:00,2026-03-28 02:21:00,2,2,2,6.0,localized,unknown,none,0,,,
680,2026-03-28 04:56:00,2026-03-28 05:00:00,21,21,2,4.0,localized,iran,high,1,tg_17494_1,17494,https://t.me/idfofficial/17494
681,2026-03-28 05:32:00,2026-03-28 05:32:00,1,1,1,0.0,localized,unknown,none,0,,,
682,2026-03-28 06:06:00,2026-03-28 06:06:00,1,1,1,0.0,localized,unknown,none,0,,,
683,2026-03-28 06:18:00,2026-03-28 06:21:00,145,145,3,3.0,broad,iran,medium,1,tg_17496_1,17496,https://t.me/idfofficial/17496
684,2026-03-28 06:53:00,2026-03-28 06:53:00,25,25,1,0.0,localized,unknown,none,0,,,
685,2026-03-28 08:07:00,2026-03-28 08:07:00,1,1,1,0.0,localized,unknown,none,0,,,
686,2026-03-28 08:25:00,2026-03-28 08:28:00,6,6,3,3.0,localized,unknown,none,0,,,
687,2026-03-28 14:12:00,2026-03-28 14:26:00,546,368,8,14.0,broad,iran,high,1,tg_17504_1,17504,https://t.me/idfofficial/17504
688,2026-03-28 16:17:00,2026-03-28 16:17:00,1,1,1,0.0,localized,unknown,none,0,,,
689,2026-03-28 16:34:00,2026-03-28 16:36:00,5,5,3,2.0,localized,unknown,none,0,,,
690,2026-03-28 17:14:00,2026-03-28 17:15:00,3,3,2,1.0,localized,unknown,none,0,,,
691,2026-03-28 18:00:00,2026-03-28 18:00:00,14,14,1,0.0,localized,iran,medium,1,tg_17509_1,17509,https://t.me/idfofficial/17509
692,2026-03-28 18:58:00,2026-03-28 18:59:00,44,44,2,1.0,broad,iran,high,1,tg_17512_1,17512,https://t.me/idfofficial/17512
693,2026-03-28 19:18:00,2026-03-28 19:18:00,1,1,1,0.0,localized,unknown,none,0,,,
694,2026-03-28 21:03:00,2026-03-28 21:07:00,69,69,5,4.0,broad,iran,high,1,tg_17517_1,17517,https://t.me/idfofficial/17517
695,2026-03-28 22:51:00,2026-03-28 22:51:00,7,7,1,0.0,localized,unknown,none,0,,,
696,2026-03-29 00:44:00,2026-03-29 00:44:00,1,1,1,0.0,localized,unknown,none,0,,,
697,2026-03-29 01:09:00,2026-03-29 01:09:00,5,5,1,0.0,localized,unknown,none,0,,,
698,2026-03-29 01:28:00,2026-03-29 01:29:00,43,43,2,1.0,broad,unknown,none,0,,,
699,2026-03-29 01:56:00,2026-03-29 01:57:00,157,157,2,1.0,broad,iran,medium,1,tg_17521_1,17521,https://t.me/idfofficial/17521
700,2026-03-29 02:06:00,2026-03-29 02:06:00,1,1,1,0.0,localized,unknown,none,0,,,
701,2026-03-29 02:24:00,2026-03-29 02:24:00,10,10,1,0.0,localized,unknown,none,0,,,
702,2026-03-29 02:37:00,2026-03-29 02:43:00,4,2,3,6.0,localized,unknown,none,0,,,
703,2026-03-29 05:06:00,2026-03-29 05:06:00,3,3,1,0.0,localized,unknown,none,0,,,
704,2026-03-29 05:22:00,2026-03-29 05:23:00,15,15,2,1.0,localized,iran,high,1,tg_17523_1,17523,https://t.me/idfofficial/17523
705,2026-03-29 06:21:00,2026-03-29 06:26:00,2,2,2,5.0,localized,unknown,none,0,,,
706,2026-03-29 10:00:00,2026-03-29 10:01:00,19,19,2,1.0,localized,iran,high,1,tg_17529_1,17529,https://t.me/idfofficial/17529
707,2026-03-29 10:19:00,2026-03-29 10:21:00,31,31,2,2.0,broad,unknown,none,0,,,
708,2026-03-29 13:27:00,2026-03-29 13:29:00,240,240,3,2.0,broad,iran,high,1,tg_17532_1,17532,https://t.me/idfofficial/17532
709,2026-03-29 13:41:00,2026-03-29 13:45:00,173,173,4,4.0,broad,unknown,none,0,,,
710,2026-03-29 13:56:00,2026-03-29 13:56:00,1,1,1,0.0,localized,unknown,none,0,,,
711,2026-03-29 15:15:00,2026-03-29 15:24:00,58,58,3,9.0,broad,unknown,none,0,,,
712,2026-03-29 15:39:00,2026-03-29 15:41:00,226,226,3,2.0,broad,unknown,none,0,,,
713,2026-03-29 16:08:00,2026-03-29 16:16:00,5,5,3,8.0,localized,unknown,none,0,,,
714,2026-03-29 16:29:00,2026-03-29 16:35:00,3,3,2,6.0,localized,unknown,none,0,,,
715,2026-03-29 17:03:00,2026-03-29 17:03:00,2,2,1,0.0,localized,unknown,none,0,,,
716,2026-03-29 17:20:00,2026-03-29 17:20:00,1,1,1,0.0,localized,unknown,none,0,,,
717,2026-03-29 17:40:00,2026-03-29 17:41:00,112,112,2,1.0,broad,iran,medium,1,tg_17538_1,17538,https://t.me/idfofficial/17538
718,2026-03-29 17:56:00,2026-03-29 17:56:00,1,1,1,0.0,localized,unknown,none,0,,,
719,2026-03-29 19:30:00,2026-03-29 19:30:00,86,86,1,0.0,broad,iran,medium,1,tg_17543_1,17543,https://t.me/idfofficial/17543
720,2026-03-29 19:44:00,2026-03-29 19:45:00,9,9,2,1.0,localized,unknown,none,0,,,
721,2026-03-29 20:02:00,2026-03-29 20:02:00,12,12,1,0.0,localized,unknown,none,0,,,
722,2026-03-29 20:19:00,2026-03-29 20:19:00,2,2,1,0.0,localized,unknown,none,0,,,
723,2026-03-29 22:11:00,2026-03-29 22:12:00,50,50,2,1.0,broad,iran,high,1,tg_17547_1,17547,https://t.me/idfofficial/17547
724,2026-03-29 23:09:00,2026-03-29 23:11:00,9,9,2,2.0,localized,iran,high,1,tg_17550_1,17550,https://t.me/idfofficial/17550
725,2026-03-30 01:01:00,2026-03-30 01:01:00,1,1,1,0.0,localized,unknown,none,0,,,
726,2026-03-30 01:57:00,2026-03-30 01:57:00,1,1,1,0.0,localized,unknown,none,0,,,
727,2026-03-30 02:52:00,2026-03-30 02:52:00,1,1,1,0.0,localized,unknown,none,0,,,
728,2026-03-30 04:01:00,2026-03-30 04:02:00,7,7,2,1.0,localized,unknown,none,0,,,
729,2026-03-30 06:03:00,2026-03-30 06:03:00,2,2,1,0.0,localized,unknown,none,0,,,
730,2026-03-30 06:48:00,2026-03-30 06:56:00,17,17,3,8.0,localized,iran,medium,1,tg_17556_1,17556,https://t.me/idfofficial/17556
731,2026-03-30 07:08:00,2026-03-30 07:09:00,87,87,2,1.0,broad,unknown,none,0,,,
732,2026-03-30 07:37:00,2026-03-30 07:38:00,81,81,2,1.0,broad,iran,medium,1,tg_17558_1,17558,https://t.me/idfofficial/17558
733,2026-03-30 08:21:00,2026-03-30 08:21:00,1,1,1,0.0,localized,unknown,none,0,,,
734,2026-03-30 08:46:00,2026-03-30 08:47:00,18,18,2,1.0,localized,iran,high,1,tg_17561_1,17561,https://t.me/idfofficial/17561
735,2026-03-30 09:25:00,2026-03-30 09:29:00,2,1,2,4.0,localized,unknown,none,0,,,
736,2026-03-30 11:21:00,2026-03-30 11:33:00,374,271,9,12.0,broad,iran,medium,2,tg_17570_1;tg_17571_1,17570;17571,https://t.me/idfofficial/17570;https://t.me/idfofficial/17571
737,2026-03-30 12:49:00,2026-03-30 12:49:00,22,22,1,0.0,localized,iran,medium,1,tg_17575_1,17575,https://t.me/idfofficial/17575
738,2026-03-30 13:34:00,2026-03-30 13:34:00,4,4,1,0.0,localized,unknown,none,0,,,
739,2026-03-30 13:58:00,2026-03-30 14:05:00,2,1,2,7.0,localized,unknown,none,0,,,
740,2026-03-30 14:55:00,2026-03-30 14:55:00,2,2,1,0.0,localized,unknown,none,0,,,
741,2026-03-30 15:25:00,2026-03-30 15:25:00,9,9,1,0.0,localized,unknown,none,0,,,
742,2026-03-30 16:21:00,2026-03-30 16:21:00,2,2,1,0.0,localized,unknown,none,0,,,
743,2026-03-30 16:51:00,2026-03-30 16:56:00,15,14,4,5.0,localized,unknown,none,0,,,
744,2026-03-30 18:45:00,2026-03-30 18:45:00,8,8,1,0.0,localized,unknown,none,0,,,
745,2026-03-30 19:10:00,2026-03-30 19:10:00,14,14,1,0.0,localized,unknown,none,0,,,
746,2026-03-30 21:04:00,2026-03-30 21:06:00,192,192,3,2.0,broad,iran,high,1,tg_17585_1,17585,https://t.me/idfofficial/17585
747,2026-03-30 21:33:00,2026-03-30 21:34:00,192,192,2,1.0,broad,iran,high,1,tg_17587_1,17587,https://t.me/idfofficial/17587
748,2026-03-31 01:40:00,2026-03-31 01:40:00,1,1,1,0.0,localized,unknown,none,0,,,
749,2026-03-31 03:25:00,2026-03-31 03:25:00,1,1,1,0.0,localized,unknown,none,0,,,
750,2026-03-31 05:33:00,2026-03-31 05:35:00,243,243,2,2.0,broad,iran,high,1,tg_17591_1,17591,https://t.me/idfofficial/17591
751,2026-03-31 09:32:00,2026-03-31 09:32:00,143,143,1,0.0,broad,iran,medium,1,tg_17596_1,17596,https://t.me/idfofficial/17596
752,2026-03-31 11:02:00,2026-03-31 11:07:00,173,173,4,5.0,broad,iran,high,1,tg_17599_1,17599,https://t.me/idfofficial/17599
753,2026-03-31 11:32:00,2026-03-31 11:33:00,2,2,2,1.0,localized,unknown,none,0,,,
754,2026-03-31 12:45:00,2026-03-31 12:45:00,1,1,1,0.0,localized,unknown,none,0,,,
755,2026-03-31 13:37:00,2026-03-31 13:38:00,2,2,2,1.0,localized,unknown,none,0,,,
756,2026-03-31 13:49:00,2026-03-31 13:49:00,1,1,1,0.0,localized,unknown,none,0,,,
757,2026-03-31 14:29:00,2026-03-31 14:52:00,9,5,7,23.0,localized,unknown,none,0,,,
758,2026-03-31 15:12:00,2026-03-31 15:12:00,1,1,1,0.0,localized,unknown,none,0,,,
759,2026-03-31 15:28:00,2026-03-31 15:28:00,1,1,1,0.0,localized,unknown,none,0,,,
760,2026-03-31 15:37:00,2026-03-31 15:37:00,2,2,1,0.0,localized,unknown,none,0,,,
761,2026-03-31 16:04:00,2026-03-31 16:10:00,3,3,2,6.0,localized,unknown,none,0,,,
762,2026-03-31 17:44:00,2026-03-31 17:49:00,3,3,2,5.0,localized,unknown,none,0,,,
763,2026-03-31 18:00:00,2026-03-31 18:00:00,11,11,1,0.0,localized,unknown,none,0,,,
764,2026-03-31 18:55:00,2026-03-31 18:55:00,2,2,1,0.0,localized,unknown,none,0,,,
765,2026-03-31 19:27:00,2026-03-31 19:27:00,2,2,1,0.0,localized,unknown,none,0,,,
766,2026-03-31 19:38:00,2026-03-31 19:38:00,2,2,1,0.0,localized,unknown,none,0,,,
767,2026-03-31 19:47:00,2026-03-31 19:49:00,6,6,3,2.0,localized,unknown,none,0,,,
768,2026-03-31 19:59:00,2026-03-31 20:18:00,209,154,14,19.0,broad,unknown,none,0,,,
769,2026-03-31 20:27:00,2026-03-31 20:40:00,6,3,4,13.0,localized,unknown,none,0,,,
770,2026-03-31 21:08:00,2026-03-31 21:08:00,1,1,1,0.0,localized,unknown,none,0,,,
771,2026-03-31 23:00:00,2026-03-31 23:00:00,3,3,1,0.0,localized,unknown,none,0,,,
772,2026-04-01 00:01:00,2026-04-01 00:03:00,82,77,3,2.0,broad,unknown,none,0,,,
773,2026-04-01 00:35:00,2026-04-01 00:35:00,2,2,1,0.0,localized,unknown,none,0,,,
774,2026-04-01 06:28:00,2026-04-01 06:29:00,101,101,2,1.0,broad,unknown,none,0,,,
775,2026-04-01 06:44:00,2026-04-01 06:44:00,2,2,1,0.0,localized,unknown,none,0,,,
776,2026-04-01 07:53:00,2026-04-01 07:54:00,150,150,2,1.0,broad,iran,medium,1,tg_17623_1,17623,https://t.me/idfofficial/17623
777,2026-04-01 08:35:00,2026-04-01 08:38:00,306,306,4,3.0,broad,iran,medium,1,tg_17626_1,17626,https://t.me/idfofficial/17626
778,2026-04-01 09:07:00,2026-04-01 09:08:00,136,136,2,1.0,broad,iran,medium,1,tg_17629_1,17629,https://t.me/idfofficial/17629
779,2026-04-01 09:28:00,2026-04-01 09:28:00,1,1,1,0.0,localized,unknown,none,0,,,
780,2026-04-01 09:52:00,2026-04-01 09:52:00,202,202,1,0.0,broad,iran,medium,1,tg_17632_1,17632,https://t.me/idfofficial/17632
781,2026-04-01 10:29:00,2026-04-01 10:29:00,1,1,1,0.0,localized,unknown,none,0,,,
782,2026-04-01 11:05:00,2026-04-01 11:10:00,2,1,2,5.0,localized,unknown,none,0,,,
783,2026-04-01 13:06:00,2026-04-01 13:06:00,3,3,1,0.0,localized,unknown,none,0,,,
784,2026-04-01 13:25:00,2026-04-01 13:25:00,1,1,1,0.0,localized,unknown,none,0,,,
785,2026-04-01 14:59:00,2026-04-01 15:00:00,5,5,2,1.0,localized,unknown,none,0,,,
786,2026-04-01 15:24:00,2026-04-01 15:31:00,13,13,2,7.0,localized,unknown,none,0,,,
787,2026-04-01 15:43:00,2026-04-01 15:43:00,7,7,1,0.0,localized,unknown,none,0,,,
788,2026-04-01 16:14:00,2026-04-01 16:14:00,8,8,1,0.0,localized,unknown,none,0,,,
789,2026-04-01 17:20:00,2026-04-01 17:36:00,1133,352,13,16.0,broad,iran,high,1,tg_17639_1,17639,https://t.me/idfofficial/17639
790,2026-04-01 18:02:00,2026-04-01 18:21:00,197,197,7,19.0,broad,iran,medium,1,tg_17643_1,17643,https://t.me/idfofficial/17643
791,2026-04-01 18:38:00,2026-04-01 18:38:00,1,1,1,0.0,localized,unknown,none,0,,,
792,2026-04-01 19:48:00,2026-04-01 19:48:00,1,1,1,0.0,localized,unknown,none,0,,,
793,2026-04-01 20:18:00,2026-04-01 20:19:00,56,56,2,1.0,broad,unknown,none,0,,,
794,2026-04-01 21:00:00,2026-04-01 21:00:00,1,1,1,0.0,localized,unknown,none,0,,,
795,2026-04-01 22:02:00,2026-04-01 22:02:00,1,1,1,0.0,localized,unknown,none,0,,,
796,2026-04-01 23:17:00,2026-04-01 23:20:00,4,4,2,3.0,localized,unknown,none,0,,,
797,2026-04-01 23:31:00,2026-04-01 23:31:00,3,3,1,0.0,localized,unknown,none,0,,,
798,2026-04-01 23:45:00,2026-04-01 23:45:00,1,1,1,0.0,localized,unknown,none,0,,,
799,2026-04-02 00:58:00,2026-04-02 00:58:00,2,2,1,0.0,localized,unknown,none,0,,,
800,2026-04-02 01:18:00,2026-04-02 01:18:00,1,1,1,0.0,localized,unknown,none,0,,,
801,2026-04-02 01:41:00,2026-04-02 01:48:00,191,191,3,7.0,broad,iran,medium,1,tg_17646_1,17646,https://t.me/idfofficial/17646
802,2026-04-02 03:29:00,2026-04-02 03:30:00,297,297,2,1.0,broad,iran,medium,1,tg_17648_1,17648,https://t.me/idfofficial/17648
803,2026-04-02 04:46:00,2026-04-02 04:48:00,251,251,3,2.0,broad,iran,high,1,tg_17650_1,17650,https://t.me/idfofficial/17650
804,2026-04-02 06:00:00,2026-04-02 06:00:00,1,1,1,0.0,localized,unknown,none,0,,,
805,2026-04-02 06:21:00,2026-04-02 06:21:00,1,1,1,0.0,localized,unknown,none,0,,,
806,2026-04-02 06:34:00,2026-04-02 06:34:00,1,1,1,0.0,localized,unknown,none,0,,,
807,2026-04-02 07:19:00,2026-04-02 07:20:00,119,119,2,1.0,broad,iran,medium,1,tg_17652_1,17652,https://t.me/idfofficial/17652
808,2026-04-02 08:00:00,2026-04-02 08:00:00,1,1,1,0.0,localized,unknown,none,0,,,
809,2026-04-02 08:22:00,2026-04-02 08:22:00,3,3,1,0.0,localized,unknown,none,0,,,
810,2026-04-02 08:58:00,2026-04-02 09:05:00,22,16,6,7.0,localized,unknown,none,0,,,
811,2026-04-02 10:21:00,2026-04-02 10:21:00,2,2,1,0.0,localized,unknown,none,0,,,
812,2026-04-02 10:30:00,2026-04-02 10:30:00,1,1,1,0.0,localized,unknown,none,0,,,
813,2026-04-02 10:50:00,2026-04-02 10:50:00,1,1,1,0.0,localized,unknown,none,0,,,
814,2026-04-02 12:02:00,2026-04-02 12:02:00,1,1,1,0.0,localized,unknown,none,0,,,
815,2026-04-02 14:03:00,2026-04-02 14:11:00,2,2,2,8.0,localized,unknown,none,0,,,
816,2026-04-02 14:50:00,2026-04-02 14:50:00,3,3,1,0.0,localized,unknown,none,0,,,
817,2026-04-02 15:16:00,2026-04-02 15:17:00,10,10,2,1.0,localized,unknown,none,0,,,
818,2026-04-02 16:25:00,2026-04-02 16:25:00,1,1,1,0.0,localized,unknown,none,0,,,
819,2026-04-02 16:37:00,2026-04-02 16:37:00,14,14,1,0.0,localized,unknown,none,0,,,
820,2026-04-02 16:48:00,2026-04-02 16:48:00,1,1,1,0.0,localized,unknown,none,0,,,
821,2026-04-02 17:04:00,2026-04-02 17:04:00,7,7,1,0.0,localized,unknown,none,0,,,
822,2026-04-02 17:29:00,2026-04-02 17:29:00,3,3,1,0.0,localized,unknown,none,0,,,
823,2026-04-02 17:49:00,2026-04-02 17:51:00,255,255,3,2.0,broad,iran,high,1,tg_17658_1,17658,https://t.me/idfofficial/17658
824,2026-04-02 18:16:00,2026-04-02 18:17:00,15,15,2,1.0,localized,unknown,none,0,,,
825,2026-04-02 19:00:00,2026-04-02 19:00:00,1,1,1,0.0,localized,unknown,none,0,,,
826,2026-04-02 19:13:00,2026-04-02 19:16:00,16,16,2,3.0,localized,unknown,none,0,,,
827,2026-04-02 19:26:00,2026-04-02 19:30:00,421,421,5,4.0,broad,iran,medium,1,tg_17662_1,17662,https://t.me/idfofficial/17662
828,2026-04-02 19:47:00,2026-04-02 19:48:00,96,96,2,1.0,broad,unknown,none,0,,,
829,2026-04-02 20:05:00,2026-04-02 20:05:00,1,1,1,0.0,localized,unknown,none,0,,,
830,2026-04-02 20:51:00,2026-04-02 20:59:00,2,2,2,8.0,localized,unknown,none,0,,,
831,2026-04-03 02:07:00,2026-04-03 02:07:00,2,2,1,0.0,localized,unknown,none,0,,,
832,2026-04-03 02:28:00,2026-04-03 02:28:00,1,1,1,0.0,localized,unknown,none,0,,,
833,2026-04-03 03:15:00,2026-04-03 03:15:00,119,119,1,0.0,broad,iran,medium,1,tg_17668_1,17668,https://t.me/idfofficial/17668
834,2026-04-03 06:04:00,2026-04-03 06:04:00,1,1,1,0.0,localized,unknown,none,0,,,
835,2026-04-03 06:18:00,2026-04-03 06:18:00,3,3,1,0.0,localized,unknown,none,0,,,
836,2026-04-03 08:00:00,2026-04-03 08:00:00,1,1,1,0.0,localized,unknown,none,0,,,
837,2026-04-03 08:20:00,2026-04-03 08:21:00,6,6,2,1.0,localized,unknown,none,0,,,
838,2026-04-03 08:57:00,2026-04-03 09:02:00,10,8,5,5.0,localized,unknown,none,0,,,
839,2026-04-03 09:12:00,2026-04-03 09:12:00,10,10,1,0.0,localized,unknown,none,0,,,
840,2026-04-03 09:32:00,2026-04-03 09:36:00,13,13,3,4.0,localized,unknown,none,0,,,
841,2026-04-03 10:03:00,2026-04-03 10:03:00,1,1,1,0.0,localized,unknown,none,0,,,
842,2026-04-03 10:54:00,2026-04-03 10:54:00,124,124,1,0.0,broad,iran,medium,1,tg_17670_1,17670,https://t.me/idfofficial/17670
843,2026-04-03 11:46:00,2026-04-03 11:46:00,2,2,1,0.0,localized,unknown,none,0,,,
844,2026-04-03 13:20:00,2026-04-03 13:20:00,5,5,1,0.0,localized,unknown,none,0,,,
845,2026-04-03 13:56:00,2026-04-03 13:56:00,1,1,1,0.0,localized,unknown,none,0,,,
846,2026-04-03 14:27:00,2026-04-03 14:27:00,4,4,1,0.0,localized,unknown,none,0,,,
847,2026-04-03 15:51:00,2026-04-03 15:51:00,3,3,1,0.0,localized,unknown,none,0,,,
848,2026-04-03 16:12:00,2026-04-03 16:14:00,254,254,3,2.0,broad,iran,high,1,tg_17676_1,17676,https://t.me/idfofficial/17676
849,2026-04-03 16:23:00,2026-04-03 16:23:00,7,7,1,0.0,localized,unknown,none,0,,,
850,2026-04-03 16:36:00,2026-04-03 16:36:00,3,3,1,0.0,localized,unknown,none,0,,,
851,2026-04-03 17:06:00,2026-04-03 17:07:00,8,8,2,1.0,localized,unknown,none,0,,,
852,2026-04-03 18:00:00,2026-04-03 18:04:00,10,10,3,4.0,localized,unknown,none,0,,,
853,2026-04-03 18:26:00,2026-04-03 18:34:00,506,388,9,8.0,broad,iran,medium,1,tg_17682_1,17682,https://t.me/idfofficial/17682
854,2026-04-03 18:49:00,2026-04-03 18:52:00,245,245,4,3.0,broad,unknown,none,0,,,
855,2026-04-03 19:31:00,2026-04-03 19:33:00,227,227,3,2.0,broad,iran,medium,1,tg_17685_1,17685,https://t.me/idfofficial/17685
856,2026-04-03 21:16:00,2026-04-03 21:16:00,2,2,1,0.0,localized,unknown,none,0,,,
857,2026-04-03 22:57:00,2026-04-03 22:59:00,222,202,3,2.0,broad,unknown,none,0,,,
858,2026-04-03 23:08:00,2026-04-03 23:09:00,8,8,2,1.0,localized,unknown,none,0,,,
859,2026-04-03 23:38:00,2026-04-03 23:38:00,1,1,1,0.0,localized,unknown,none,0,,,
860,2026-04-04 00:03:00,2026-04-04 00:03:00,11,11,1,0.0,localized,unknown,none,0,,,
861,2026-04-04 00:34:00,2026-04-04 00:34:00,2,2,1,0.0,localized,unknown,none,0,,,
862,2026-04-04 01:31:00,2026-04-04 01:33:00,33,33,2,2.0,broad,iran,medium,1,tg_17692_1,17692,https://t.me/idfofficial/17692
863,2026-04-04 02:00:00,2026-04-04 02:01:00,149,149,2,1.0,broad,iran,medium,1,tg_17694_1,17694,https://t.me/idfofficial/17694
864,2026-04-04 07:27:00,2026-04-04 07:27:00,3,3,1,0.0,localized,unknown,none,0,,,
865,2026-04-04 09:38:00,2026-04-04 09:39:00,5,5,2,1.0,localized,unknown,none,0,,,
866,2026-04-04 10:29:00,2026-04-04 10:29:00,1,1,1,0.0,localized,unknown,none,0,,,
867,2026-04-04 11:50:00,2026-04-04 11:51:00,194,194,2,1.0,broad,iran,medium,1,tg_17698_1,17698,https://t.me/idfofficial/17698
868,2026-04-04 14:56:00,2026-04-04 14:56:00,143,143,1,0.0,broad,iran,medium,1,tg_17703_1,17703,https://t.me/idfofficial/17703
869,2026-04-04 16:25:00,2026-04-04 16:26:00,182,182,2,1.0,broad,iran,medium,1,tg_17707_1,17707,https://t.me/idfofficial/17707
870,2026-04-04 16:50:00,2026-04-04 16:51:00,15,15,2,1.0,localized,unknown,none,0,,,
871,2026-04-04 17:45:00,2026-04-04 17:49:00,176,176,2,4.0,broad,iran,high,1,tg_17708_1,17708,https://t.me/idfofficial/17708
872,2026-04-04 17:59:00,2026-04-04 18:00:00,4,4,2,1.0,localized,unknown,none,0,,,
873,2026-04-04 18:25:00,2026-04-04 18:30:00,236,209,4,5.0,broad,unknown,none,0,,,
874,2026-04-04 18:43:00,2026-04-04 18:51:00,10,10,2,8.0,localized,unknown,none,0,,,
875,2026-04-04 19:12:00,2026-04-04 19:12:00,1,1,1,0.0,localized,unknown,none,0,,,
876,2026-04-04 19:28:00,2026-04-04 19:30:00,255,255,3,2.0,broad,iran,high,1,tg_17712_1,17712,https://t.me/idfofficial/17712
877,2026-04-04 20:35:00,2026-04-04 20:35:00,72,72,1,0.0,broad,unknown,none,0,,,
878,2026-04-05 01:42:00,2026-04-05 01:42:00,48,48,1,0.0,broad,iran,medium,1,tg_17720_1,17720,https://t.me/idfofficial/17720
879,2026-04-05 04:11:00,2026-04-05 04:13:00,244,244,3,2.0,broad,iran,high,1,tg_17722_1,17722,https://t.me/idfofficial/17722
880,2026-04-05 08:49:00,2026-04-05 08:49:00,3,3,1,0.0,localized,unknown,none,0,,,
881,2026-04-05 09:18:00,2026-04-05 09:18:00,1,1,1,0.0,localized,unknown,none,0,,,
882,2026-04-05 10:05:00,2026-04-05 10:06:00,164,164,2,1.0,broad,iran,medium,1,tg_17726_1,17726,https://t.me/idfofficial/17726
883,2026-04-05 10:34:00,2026-04-05 10:34:00,2,2,1,0.0,localized,unknown,none,0,,,
884,2026-04-05 10:58:00,2026-04-05 10:58:00,2,2,1,0.0,localized,unknown,none,0,,,
885,2026-04-05 11:38:00,2026-04-05 11:38:00,7,7,1,0.0,localized,unknown,none,0,,,
886,2026-04-05 11:53:00,2026-04-05 11:54:00,9,9,2,1.0,localized,unknown,none,0,,,
887,2026-04-05 12:59:00,2026-04-05 13:12:00,6,5,4,13.0,localized,unknown,none,0,,,
888,2026-04-05 13:33:00,2026-04-05 13:35:00,34,34,2,2.0,broad,iran,medium,1,tg_17730_1,17730,https://t.me/idfofficial/17730
889,2026-04-05 13:48:00,2026-04-05 13:50:00,32,32,2,2.0,broad,unknown,none,0,,,
890,2026-04-05 14:07:00,2026-04-05 14:07:00,1,1,1,0.0,localized,unknown,none,0,,,
891,2026-04-05 14:38:00,2026-04-05 14:51:00,7,6,4,13.0,localized,unknown,none,0,,,
892,2026-04-05 15:24:00,2026-04-05 15:24:00,9,9,1,0.0,localized,unknown,none,0,,,
893,2026-04-05 15:46:00,2026-04-05 15:46:00,11,11,1,0.0,localized,unknown,none,0,,,
894,2026-04-05 15:58:00,2026-04-05 15:58:00,4,4,1,0.0,localized,unknown,none,0,,,
895,2026-04-05 17:26:00,2026-04-05 17:26:00,1,1,1,0.0,localized,unknown,none,0,,,
896,2026-04-05 18:12:00,2026-04-05 18:15:00,149,149,2,3.0,broad,iran,high,1,tg_17737_1,17737,https://t.me/idfofficial/17737
897,2026-04-05 18:59:00,2026-04-05 19:05:00,9,9,4,6.0,localized,unknown,none,0,,,
898,2026-04-06 00:31:00,2026-04-06 00:31:00,2,2,1,0.0,localized,unknown,none,0,,,
899,2026-04-06 02:26:00,2026-04-06 02:27:00,12,12,2,1.0,localized,unknown,none,0,,,
900,2026-04-06 02:57:00,2026-04-06 02:57:00,5,5,1,0.0,localized,unknown,none,0,,,
901,2026-04-06 03:26:00,2026-04-06 03:38:00,705,324,6,12.0,broad,iran,medium,1,tg_17743_1,17743,https://t.me/idfofficial/17743
902,2026-04-06 05:48:00,2026-04-06 05:49:00,113,113,2,1.0,broad,iran,medium,1,tg_17745_1,17745,https://t.me/idfofficial/17745
903,2026-04-06 06:49:00,2026-04-06 06:50:00,149,149,2,1.0,broad,iran,medium,1,tg_17749_1,17749,https://t.me/idfofficial/17749
904,2026-04-06 07:59:00,2026-04-06 08:01:00,87,87,3,2.0,broad,iran,medium,1,tg_17751_1,17751,https://t.me/idfofficial/17751
905,2026-04-06 10:00:00,2026-04-06 10:01:00,3,3,2,1.0,localized,unknown,none,0,,,
906,2026-04-06 10:56:00,2026-04-06 10:56:00,1,1,1,0.0,localized,unknown,none,0,,,
907,2026-04-06 11:25:00,2026-04-06 11:25:00,3,3,1,0.0,localized,unknown,none,0,,,
908,2026-04-06 12:43:00,2026-04-06 12:44:00,17,17,2,1.0,localized,unknown,none,0,,,
909,2026-04-06 13:38:00,2026-04-06 13:39:00,275,275,2,1.0,broad,iran,high,1,tg_17760_1,17760,https://t.me/idfofficial/17760
910,2026-04-06 15:47:00,2026-04-06 16:00:00,636,402,7,13.0,broad,iran,medium,1,tg_17764_1,17764,https://t.me/idfofficial/17764
911,2026-04-06 16:43:00,2026-04-06 16:57:00,10,10,4,14.0,localized,unknown,none,0,,,
912,2026-04-06 17:36:00,2026-04-06 17:39:00,3,3,2,3.0,localized,unknown,none,0,,,
913,2026-04-06 18:40:00,2026-04-06 18:40:00,1,1,1,0.0,localized,unknown,none,0,,,
914,2026-04-06 19:07:00,2026-04-06 19:07:00,3,3,1,0.0,localized,unknown,none,0,,,
915,2026-04-06 20:27:00,2026-04-06 20:27:00,2,2,1,0.0,localized,unknown,none,0,,,
916,2026-04-06 20:36:00,2026-04-06 20:36:00,1,1,1,0.0,localized,unknown,none,0,,,
917,2026-04-06 23:56:00,2026-04-06 23:56:00,1,1,1,0.0,localized,unknown,none,0,,,
918,2026-04-07 00:42:00,2026-04-07 00:42:00,2,2,1,0.0,localized,unknown,none,0,,,
919,2026-04-07 02:40:00,2026-04-07 02:40:00,1,1,1,0.0,localized,unknown,none,0,,,
920,2026-04-07 03:31:00,2026-04-07 03:32:00,29,29,2,1.0,broad,iran,high,1,tg_17775_1,17775,https://t.me/idfofficial/17775
921,2026-04-07 06:55:00,2026-04-07 06:55:00,4,4,1,0.0,localized,unknown,none,0,,,
922,2026-04-07 08:05:00,2026-04-07 08:05:00,6,6,1,0.0,localized,unknown,none,0,,,
923,2026-04-07 08:39:00,2026-04-07 08:47:00,5,4,3,8.0,localized,unknown,none,0,,,
924,2026-04-07 09:01:00,2026-04-07 09:11:00,256,251,4,10.0,broad,iran,medium,1,tg_17778_1,17778,https://t.me/idfofficial/17778
925,2026-04-07 09:28:00,2026-04-07 09:28:00,3,3,1,0.0,localized,unknown,none,0,,,
926,2026-04-07 09:55:00,2026-04-07 09:55:00,3,3,1,0.0,localized,unknown,none,0,,,
927,2026-04-07 10:08:00,2026-04-07 10:16:00,5,5,2,8.0,localized,unknown,none,0,,,
928,2026-04-07 10:31:00,2026-04-07 10:41:00,16,15,3,10.0,localized,unknown,none,0,,,
929,2026-04-07 10:57:00,2026-04-07 10:57:00,3,3,1,0.0,localized,unknown,none,0,,,
930,2026-04-07 11:18:00,2026-04-07 11:20:00,2,2,2,2.0,localized,unknown,none,0,,,
931,2026-04-07 11:54:00,2026-04-07 11:58:00,8,8,2,4.0,localized,unknown,none,0,,,
932,2026-04-07 12:09:00,2026-04-07 12:17:00,4,4,2,8.0,localized,unknown,none,0,,,
933,2026-04-07 13:01:00,2026-04-07 13:07:00,233,233,4,6.0,broad,iran,medium,1,tg_17786_1,17786,https://t.me/idfofficial/17786
934,2026-04-07 13:21:00,2026-04-07 13:22:00,12,12,2,1.0,localized,unknown,none,0,,,
935,2026-04-07 14:31:00,2026-04-07 14:31:00,1,1,1,0.0,localized,unknown,none,0,,,
936,2026-04-07 14:49:00,2026-04-07 15:04:00,6,5,3,15.0,localized,unknown,none,0,,,
937,2026-04-07 15:22:00,2026-04-07 15:22:00,1,1,1,0.0,localized,unknown,none,0,,,
938,2026-04-07 15:31:00,2026-04-07 15:31:00,7,7,1,0.0,localized,unknown,none,0,,,
939,2026-04-07 15:50:00,2026-04-07 15:53:00,2,2,2,3.0,localized,unknown,none,0,,,
940,2026-04-07 16:14:00,2026-04-07 16:17:00,43,43,4,3.0,broad,iran,medium,1,tg_17790_1,17790,https://t.me/idfofficial/17790
941,2026-04-07 16:31:00,2026-04-07 16:31:00,8,8,1,0.0,localized,unknown,none,0,,,
942,2026-04-07 16:41:00,2026-04-07 16:41:00,2,2,1,0.0,localized,unknown,none,0,,,
943,2026-04-07 17:10:00,2026-04-07 17:10:00,1,1,1,0.0,localized,unknown,none,0,,,
944,2026-04-07 17:42:00,2026-04-07 17:42:00,1,1,1,0.0,localized,unknown,none,0,,,
945,2026-04-07 18:18:00,2026-04-07 18:23:00,329,329,3,5.0,broad,iran,high,1,tg_17793_1,17793,https://t.me/idfofficial/17793
946,2026-04-07 18:41:00,2026-04-07 18:42:00,242,242,2,1.0,broad,iran,high,1,tg_17795_1,17795,https://t.me/idfofficial/17795
947,2026-04-07 19:00:00,2026-04-07 19:01:00,2,2,2,1.0,localized,unknown,none,0,,,
948,2026-04-07 20:39:00,2026-04-07 20:40:00,19,19,2,1.0,localized,iran,medium,1,tg_17799_1,17799,https://t.me/idfofficial/17799
949,2026-04-07 22:04:00,2026-04-07 22:05:00,71,71,2,1.0,broad,iran,medium,1,tg_17802_1,17802,https://t.me/idfofficial/17802
950,2026-04-08 01:46:00,2026-04-08 01:47:00,180,180,2,1.0,broad,iran,medium,1,tg_17804_1,17804,https://t.me/idfofficial/17804
951,2026-04-08 02:40:00,2026-04-08 02:41:00,82,82,2,1.0,broad,iran,medium,1,tg_17806_1,17806,https://t.me/idfofficial/17806
952,2026-04-08 03:23:00,2026-04-08 03:29:00,185,185,4,6.0,broad,iran,medium,1,tg_17808_1,17808,https://t.me/idfofficial/17808
953,2026-04-08 16:24:00,2026-04-08 16:24:00,3,3,1,0.0,localized,unknown,none,0,,,
954,2026-04-08 17:14:00,2026-04-08 17:14:00,2,2,1,0.0,localized,unknown,none,0,,,
955,2026-04-09 02:22:00,2026-04-09 02:22:00,2,2,1,0.0,localized,unknown,none,0,,,
956,2026-04-09 06:39:00,2026-04-09 06:39:00,1,1,1,0.0,localized,unknown,none,0,,,
957,2026-04-09 10:01:00,2026-04-09 10:01:00,4,4,1,0.0,localized,unknown,none,0,,,
958,2026-04-09 11:00:00,2026-04-09 11:00:00,4,4,1,0.0,localized,unknown,none,0,,,
959,2026-04-09 11:22:00,2026-04-09 11:26:00,5,4,4,4.0,localized,unknown,none,0,,,
960,2026-04-09 11:39:00,2026-04-09 11:40:00,2,2,2,1.0,localized,unknown,none,0,,,
961,2026-04-09 11:49:00,2026-04-09 11:50:00,4,4,2,1.0,localized,unknown,none,0,,,
962,2026-04-09 12:01:00,2026-04-09 12:18:00,13,8,5,17.0,localized,unknown,none,0,,,
963,2026-04-09 13:01:00,2026-04-09 13:05:00,3,3,2,4.0,localized,unknown,none,0,,,
964,2026-04-09 13:26:00,2026-04-09 13:34:00,12,9,3,8.0,localized,unknown,none,0,,,
965,2026-04-09 15:30:00,2026-04-09 15:31:00,2,2,2,1.0,localized,unknown,none,0,,,
966,2026-04-09 15:46:00,2026-04-09 15:46:00,1,1,1,0.0,localized,unknown,none,0,,,
967,2026-04-09 16:09:00,2026-04-09 16:09:00,10,10,1,0.0,localized,unknown,none,0,,,
968,2026-04-09 18:28:00,2026-04-09 18:34:00,5,5,2,6.0,localized,unknown,none,0,,,
969,2026-04-09 18:48:00,2026-04-09 18:53:00,15,11,4,5.0,localized,unknown,none,0,,,
970,2026-04-09 19:21:00,2026-04-09 19:21:00,4,4,1,0.0,localized,unknown,none,0,,,
971,2026-04-09 19:52:00,2026-04-09 19:52:00,14,14,1,0.0,localized,unknown,none,0,,,
972,2026-04-09 20:19:00,2026-04-09 20:22:00,3,2,2,3.0,localized,unknown,none,0,,,
973,2026-04-09 23:00:00,2026-04-09 23:01:00,34,34,2,1.0,broad,unknown,none,0,,,
974,2026-04-10 00:02:00,2026-04-10 00:02:00,1,1,1,0.0,localized,unknown,none,0,,,
975,2026-04-10 00:18:00,2026-04-10 00:19:00,6,6,2,1.0,localized,unknown,none,0,,,
976,2026-04-10 01:13:00,2026-04-10 01:14:00,61,61,2,1.0,broad,unknown,none,0,,,
977,2026-04-10 07:32:00,2026-04-10 07:33:00,3,2,2,1.0,localized,unknown,none,0,,,
978,2026-04-10 08:04:00,2026-04-10 08:04:00,2,2,1,0.0,localized,unknown,none,0,,,
979,2026-04-10 09:16:00,2026-04-10 09:17:00,2,2,2,1.0,localized,unknown,none,0,,,
980,2026-04-10 10:18:00,2026-04-10 10:18:00,1,1,1,0.0,localized,unknown,none,0,,,
981,2026-04-10 10:29:00,2026-04-10 10:35:00,11,7,4,6.0,localized,unknown,none,0,,,
982,2026-04-10 11:01:00,2026-04-10 11:02:00,2,2,2,1.0,localized,unknown,none,0,,,
983,2026-04-10 13:25:00,2026-04-10 13:25:00,1,1,1,0.0,localized,unknown,none,0,,,
984,2026-04-10 14:49:00,2026-04-10 14:50:00,15,10,2,1.0,localized,unknown,none,0,,,
985,2026-04-10 15:01:00,2026-04-10 15:03:00,3,2,2,2.0,localized,unknown,none,0,,,
986,2026-04-10 16:05:00,2026-04-10 16:05:00,11,11,1,0.0,localized,unknown,none,0,,,
987,2026-04-10 16:29:00,2026-04-10 16:29:00,1,1,1,0.0,localized,unknown,none,0,,,
988,2026-04-10 16:38:00,2026-04-10 16:38:00,1,1,1,0.0,localized,unknown,none,0,,,
989,2026-04-10 16:56:00,2026-04-10 17:00:00,17,11,2,4.0,localized,unknown,none,0,,,
990,2026-04-10 18:00:00,2026-04-10 18:06:00,22,9,5,6.0,localized,unknown,none,0,,,
991,2026-04-10 18:52:00,2026-04-10 18:52:00,7,7,1,0.0,localized,unknown,none,0,,,
992,2026-04-10 19:06:00,2026-04-10 19:06:00,2,2,1,0.0,localized,unknown,none,0,,,
993,2026-04-10 19:31:00,2026-04-10 19:31:00,1,1,1,0.0,localized,unknown,none,0,,,
994,2026-04-10 20:14:00,2026-04-10 20:15:00,14,13,2,1.0,localized,unknown,none,0,,,
995,2026-04-10 20:58:00,2026-04-10 21:06:00,9,9,2,8.0,localized,unknown,none,0,,,
996,2026-04-10 22:03:00,2026-04-10 22:06:00,16,9,4,3.0,localized,unknown,none,0,,,
997,2026-04-10 23:11:00,2026-04-10 23:11:00,5,5,1,0.0,localized,unknown,none,0,,,
998,2026-04-11 00:47:00,2026-04-11 00:54:00,9,5,4,7.0,localized,unknown,none,0,,,
999,2026-04-11 01:15:00,2026-04-11 01:16:00,6,6,2,1.0,localized,unknown,none,0,,,
1000,2026-04-11 06:34:00,2026-04-11 06:34:00,2,2,1,0.0,localized,unknown,none,0,,,
1001,2026-04-11 14:46:00,2026-04-11 14:46:00,1,1,1,0.0,localized,unknown,none,0,,,
1002,2026-04-11 15:30:00,2026-04-11 15:36:00,19,16,3,6.0,localized,unknown,none,0,,,
1003,2026-04-11 15:50:00,2026-04-11 15:51:00,10,10,2,1.0,localized,unknown,none,0,,,
1004,2026-04-11 16:24:00,2026-04-11 16:28:00,16,9,4,4.0,localized,unknown,none,0,,,
1005,2026-04-11 16:48:00,2026-04-11 17:02:00,18,18,4,14.0,localized,unknown,none,0,,,
1006,2026-04-11 18:16:00,2026-04-11 18:17:00,10,10,2,1.0,localized,unknown,none,0,,,
1007,2026-04-11 18:42:00,2026-04-11 18:50:00,24,20,3,8.0,localized,unknown,none,0,,,
1008,2026-04-11 19:09:00,2026-04-11 19:09:00,1,1,1,0.0,localized,unknown,none,0,,,
1009,2026-04-11 19:25:00,2026-04-11 19:25:00,1,1,1,0.0,localized,unknown,none,0,,,
1010,2026-04-12 07:07:00,2026-04-12 07:07:00,2,2,1,0.0,localized,unknown,none,0,,,
1011,2026-04-12 08:36:00,2026-04-12 08:36:00,1,1,1,0.0,localized,unknown,none,0,,,
1012,2026-04-12 11:12:00,2026-04-12 11:12:00,1,1,1,0.0,localized,unknown,none,0,,,
1013,2026-04-12 13:38:00,2026-04-12 13:39:00,2,2,2,1.0,localized,unknown,none,0,,,
1014,2026-04-12 14:07:00,2026-04-12 14:07:00,3,3,1,0.0,localized,unknown,none,0,,,
1015,2026-04-12 14:20:00,2026-04-12 14:20:00,3,3,1,0.0,localized,unknown,none,0,,,
1016,2026-04-12 15:00:00,2026-04-12 15:01:00,16,16,2,1.0,localized,unknown,none,0,,,
1017,2026-04-12 15:10:00,2026-04-12 15:15:00,5,5,2,5.0,localized,unknown,none,0,,,
1018,2026-04-12 15:52:00,2026-04-12 15:54:00,2,2,2,2.0,localized,unknown,none,0,,,
1019,2026-04-12 16:38:00,2026-04-12 16:38:00,1,1,1,0.0,localized,unknown,none,0,,,
1020,2026-04-12 18:42:00,2026-04-12 18:47:00,8,8,2,5.0,localized,unknown,none,0,,,
1021,2026-04-12 19:06:00,2026-04-12 19:06:00,11,11,1,0.0,localized,unknown,none,0,,,
1022,2026-04-12 20:36:00,2026-04-12 20:36:00,1,1,1,0.0,localized,unknown,none,0,,,
1023,2026-04-12 21:00:00,2026-04-12 21:01:00,4,3,2,1.0,localized,unknown,none,0,,,
1024,2026-04-12 23:58:00,2026-04-12 23:59:00,4,2,2,1.0,localized,unknown,none,0,,,
1025,2026-04-13 01:20:00,2026-04-13 01:21:00,11,8,2,1.0,localized,unknown,none,0,,,
1026,2026-04-13 02:50:00,2026-04-13 02:50:00,1,1,1,0.0,localized,unknown,none,0,,,
1027,2026-04-13 11:08:00,2026-04-13 11:10:00,7,4,3,2.0,localized,unknown,none,0,,,
1028,2026-04-13 11:50:00,2026-04-13 11:55:00,4,3,2,5.0,localized,unknown,none,0,,,
1029,2026-04-13 12:31:00,2026-04-13 12:31:00,3,3,1,0.0,localized,unknown,none,0,,,
1030,2026-04-13 12:43:00,2026-04-13 12:43:00,2,2,1,0.0,localized,unknown,none,0,,,
1031,2026-04-13 12:57:00,2026-04-13 13:05:00,17,17,4,8.0,localized,unknown,none,0,,,
1032,2026-04-13 14:22:00,2026-04-13 14:23:00,7,7,2,1.0,localized,unknown,none,0,,,
1033,2026-04-13 15:00:00,2026-04-13 15:00:00,3,3,1,0.0,localized,unknown,none,0,,,
1034,2026-04-13 15:28:00,2026-04-13 15:29:00,2,2,2,1.0,localized,unknown,none,0,,,
1035,2026-04-13 15:53:00,2026-04-13 15:54:00,13,12,2,1.0,localized,unknown,none,0,,,
1036,2026-04-13 16:05:00,2026-04-13 16:11:00,8,7,3,6.0,localized,unknown,none,0,,,
1037,2026-04-13 16:26:00,2026-04-13 16:26:00,1,1,1,0.0,localized,unknown,none,0,,,
1038,2026-04-13 17:52:00,2026-04-13 17:52:00,19,19,1,0.0,localized,unknown,none,0,,,
1039,2026-04-13 18:23:00,2026-04-13 18:33:00,6,5,3,10.0,localized,unknown,none,0,,,
1040,2026-04-13 22:05:00,2026-04-13 22:05:00,1,1,1,0.0,localized,unknown,none,0,,,
1041,2026-04-13 22:52:00,2026-04-13 22:52:00,2,2,1,0.0,localized,unknown,none,0,,,
1042,2026-04-14 02:51:00,2026-04-14 02:51:00,2,2,1,0.0,localized,unknown,none,0,,,
1043,2026-04-14 10:04:00,2026-04-14 10:04:00,1,1,1,0.0,localized,unknown,none,0,,,
1044,2026-04-14 10:33:00,2026-04-14 10:33:00,1,1,1,0.0,localized,unknown,none,0,,,
1045,2026-04-14 15:29:00,2026-04-14 15:29:00,2,2,1,0.0,localized,unknown,none,0,,,
1046,2026-04-14 15:45:00,2026-04-14 15:54:00,14,11,3,9.0,localized,unknown,none,0,,,
1047,2026-04-14 16:22:00,2026-04-14 16:23:00,3,3,2,1.0,localized,unknown,none,0,,,
1048,2026-04-14 17:17:00,2026-04-14 17:30:00,23,18,5,13.0,localized,unknown,none,0,,,
1049,2026-04-14 18:00:00,2026-04-14 18:05:00,17,8,5,5.0,localized,unknown,none,0,,,
1050,2026-04-14 18:18:00,2026-04-14 18:40:00,30,21,11,22.0,localized,unknown,none,0,,,
1051,2026-04-14 20:58:00,2026-04-14 20:58:00,1,1,1,0.0,localized,unknown,none,0,,,
1052,2026-04-15 07:59:00,2026-04-15 08:03:00,6,6,3,4.0,localized,unknown,none,0,,,
1053,2026-04-15 08:32:00,2026-04-15 08:33:00,30,27,2,1.0,broad,unknown,none,0,,,
1054,2026-04-15 08:43:00,2026-04-15 08:43:00,1,1,1,0.0,localized,unknown,none,0,,,
1055,2026-04-15 08:58:00,2026-04-15 08:58:00,4,4,1,0.0,localized,unknown,none,0,,,
1056,2026-04-15 09:29:00,2026-04-15 09:30:00,2,1,2,1.0,localized,unknown,none,0,,,
1057,2026-04-15 14:45:00,2026-04-15 14:46:00,7,5,2,1.0,localized,unknown,none,0,,,
1058,2026-04-15 18:06:00,2026-04-15 18:06:00,11,11,1,0.0,localized,unknown,none,0,,,
1059,2026-04-15 18:23:00,2026-04-15 18:25:00,7,5,3,2.0,localized,unknown,none,0,,,
1060,2026-04-15 19:01:00,2026-04-15 19:01:00,1,1,1,0.0,localized,unknown,none,0,,,
1061,2026-04-15 19:45:00,2026-04-15 19:46:00,2,1,2,1.0,localized,unknown,none,0,,,
1062,2026-04-15 20:23:00,2026-04-15 20:23:00,1,1,1,0.0,localized,unknown,none,0,,,
1063,2026-04-15 21:50:00,2026-04-15 21:50:00,1,1,1,0.0,localized,unknown,none,0,,,
1064,2026-04-16 01:43:00,2026-04-16 01:43:00,4,4,1,0.0,localized,unknown,none,0,,,
1065,2026-04-16 06:12:00,2026-04-16 06:12:00,1,1,1,0.0,localized,unknown,none,0,,,
1066,2026-04-16 08:20:00,2026-04-16 08:21:00,10,10,2,1.0,localized,unknown,none,0,,,
1067,2026-04-16 08:46:00,2026-04-16 08:49:00,5,4,2,3.0,localized,unknown,none,0,,,
1068,2026-04-16 10:47:00,2026-04-16 10:47:00,1,1,1,0.0,localized,unknown,none,0,,,
1069,2026-04-16 13:17:00,2026-04-16 13:18:00,12,12,2,1.0,localized,unknown,none,0,,,
1070,2026-04-16 16:18:00,2026-04-16 16:20:00,7,5,3,2.0,localized,unknown,none,0,,,
1071,2026-04-16 16:34:00,2026-04-16 16:34:00,5,5,1,0.0,localized,unknown,none,0,,,
1072,2026-04-16 17:22:00,2026-04-16 17:22:00,2,2,1,0.0,localized,unknown,none,0,,,
1073,2026-04-16 17:40:00,2026-04-16 17:41:00,13,10,2,1.0,localized,unknown,none,0,,,
1074,2026-04-16 18:36:00,2026-04-16 18:36:00,1,1,1,0.0,localized,unknown,none,0,,,
1075,2026-04-16 21:35:00,2026-04-16 21:36:00,18,18,2,1.0,localized,unknown,none,0,,,
1076,2026-04-16 22:17:00,2026-04-16 22:23:00,36,35,3,6.0,broad,unknown,none,0,,,
1077,2026-04-16 22:52:00,2026-04-16 22:53:00,8,8,2,1.0,localized,unknown,none,0,,,
1078,2026-04-16 23:31:00,2026-04-16 23:31:00,4,4,1,0.0,localized,unknown,none,0,,,
1079,2026-04-16 23:54:00,2026-04-16 23:55:00,7,5,2,1.0,localized,unknown,none,0,,,
1080,2026-04-17 02:07:00,2026-04-17 02:07:00,1,1,1,0.0,localized,unknown,none,0,,,
1081,2026-04-21 18:39:00,2026-04-21 18:39:00,2,2,1,0.0,localized,unknown,none,0,,,
1082,2026-04-23 23:19:00,2026-04-23 23:19:00,1,1,1,0.0,localized,lebanon,high,1,tg_17945_1,17945,https://t.me/idfofficial/17945
1083,2026-04-24 14:20:00,2026-04-24 14:20:00,1,1,1,0.0,localized,unknown,none,0,,,
1084,2026-04-25 16:06:00,2026-04-25 16:06:00,3,3,1,0.0,localized,lebanon,medium,1,tg_17965_1,17965,https://t.me/idfofficial/17965
1085,2026-04-26 03:56:00,2026-04-26 03:56:00,1,1,1,0.0,localized,unknown,none,0,,,
1086,2026-04-26 14:11:00,2026-04-26 14:11:00,1,1,1,0.0,localized,unknown,none,0,,,
1087,2026-04-27 07:40:00,2026-04-27 07:40:00,1,1,1,0.0,localized,lebanon,high,1,tg_17990_1,17990,https://t.me/idfofficial/17990
1088,2026-04-28 18:02:00,2026-04-28 18:02:00,1,1,1,0.0,localized,unknown,none,0,,,
1089,2026-04-28 23:33:00,2026-04-28 23:33:00,1,1,1,0.0,localized,unknown,none,0,,,
1090,2026-04-29 13:54:00,2026-04-29 13:54:00,3,3,1,0.0,localized,lebanon,medium,1,tg_18029_1,18029,https://t.me/idfofficial/18029
1091,2026-04-30 01:00:00,2026-04-30 01:00:00,1,1,1,0.0,localized,unknown,none,0,,,
1092,2026-04-30 08:20:00,2026-04-30 08:20:00,1,1,1,0.0,localized,unknown,none,0,,,
1093,2026-04-30 14:52:00,2026-04-30 14:54:00,2,1,2,2.0,localized,unknown,none,0,,,
1094,2026-05-01 23:58:00,2026-05-01 23:58:00,4,4,1,0.0,localized,unknown,none,0,,,
1095,2026-05-03 10:00:00,2026-05-03 10:00:00,1,1,1,0.0,localized,lebanon,medium,1,tg_18078_1,18078,https://t.me/idfofficial/18078
1096,2026-05-03 17:49:00,2026-05-03 17:49:00,1,1,1,0.0,localized,unknown,none,0,,,
1097,2026-05-03 23:43:00,2026-05-03 23:43:00,1,1,1,0.0,localized,unknown,none,0,,,
1098,2026-05-04 04:05:00,2026-05-04 04:10:00,4,2,2,5.0,localized,unknown,none,0,,,
1099,2026-05-06 09:38:00,2026-05-06 09:38:00,1,1,1,0.0,localized,unknown,none,0,,,
1100,2026-05-07 00:47:00,2026-05-07 00:47:00,2,2,1,0.0,localized,unknown,none,0,,,
1101,2026-05-08 14:01:00,2026-05-08 14:01:00,33,33,1,0.0,broad,unknown,none,0,,,
1102,2026-05-09 16:02:00,2026-05-09 16:02:00,1,1,1,0.0,localized,unknown,none,0,,,
1103,2026-05-09 19:43:00,2026-05-09 19:43:00,1,1,1,0.0,localized,lebanon,medium,1,tg_18158_1,18158,https://t.me/idfofficial/18158
1104,2026-05-09 20:15:00,2026-05-09 20:17:00,2,2,2,2.0,localized,lebanon,medium,1,tg_18160_1,18160,https://t.me/idfofficial/18160
1105,2026-05-10 18:18:00,2026-05-10 18:18:00,3,3,1,0.0,localized,unknown,none,0,,,
1106,2026-05-10 22:47:00,2026-05-10 22:47:00,3,3,1,0.0,localized,unknown,none,0,,,
1107,2026-05-11 15:33:00,2026-05-11 15:33:00,1,1,1,0.0,localized,unknown,none,0,,,
1108,2026-05-12 17:39:00,2026-05-12 17:39:00,2,2,1,0.0,localized,unknown,none,0,,,
1109,2026-05-13 09:13:00,2026-05-13 09:13:00,1,1,1,0.0,localized,unknown,none,0,,,
1110,2026-05-14 08:20:00,2026-05-14 08:20:00,2,2,1,0.0,localized,unknown,none,0,,,
1111,2026-05-14 22:23:00,2026-05-14 22:24:00,5,5,2,1.0,localized,unknown,none,0,,,
1112,2026-05-15 06:58:00,2026-05-15 06:58:00,2,2,1,0.0,localized,lebanon,medium,1,tg_18243_1,18243,https://t.me/idfofficial/18243
1113,2026-05-15 17:57:00,2026-05-15 18:03:00,4,2,2,6.0,localized,unknown,none,0,,,
1114,2026-05-15 18:56:00,2026-05-15 19:01:00,2,1,2,5.0,localized,unknown,none,0,,,
1115,2026-05-16 18:44:00,2026-05-16 18:44:00,5,5,1,0.0,localized,unknown,none,0,,,
1116,2026-05-16 19:51:00,2026-05-16 19:52:00,3,2,2,1.0,localized,unknown,none,0,,,
1117,2026-05-18 15:03:00,2026-05-18 15:03:00,3,3,1,0.0,localized,unknown,none,0,,,
1118,2026-05-20 08:41:00,2026-05-20 08:41:00,2,2,1,0.0,localized,unknown,none,0,,,
1119,2026-05-22 17:08:00,2026-05-22 17:08:00,1,1,1,0.0,localized,unknown,none,0,,,
1120,2026-05-24 13:13:00,2026-05-24 13:13:00,2,2,1,0.0,localized,lebanon,medium,1,tg_18373_1,18373,https://t.me/idfofficial/18373
1121,2026-05-24 19:13:00,2026-05-24 19:13:00,2,2,1,0.0,localized,unknown,none,0,,,
1122,2026-05-25 18:22:00,2026-05-25 18:22:00,2,2,1,0.0,localized,unknown,none,0,,,
1123,2026-05-26 11:22:00,2026-05-26 11:22:00,1,1,1,0.0,localized,unknown,none,0,,,
1124,2026-05-27 03:37:00,2026-05-27 03:38:00,21,11,2,1.0,localized,unknown,none,0,,,
1125,2026-05-28 05:57:00,2026-05-28 05:57:00,1,1,1,0.0,localized,unknown,none,0,,,
1126,2026-05-28 11:05:00,2026-05-28 11:05:00,1,1,1,0.0,localized,unknown,none,0,,,
1127,2026-05-28 13:27:00,2026-05-28 13:27:00,1,1,1,0.0,localized,unknown,none,0,,,
1128,2026-05-28 19:18:00,2026-05-28 19:22:00,3,2,2,4.0,localized,unknown,none,0,,,
1129,2026-05-29 08:46:00,2026-05-29 08:46:00,1,1,1,0.0,localized,unknown,none,0,,,
1130,2026-05-29 13:37:00,2026-05-29 13:37:00,1,1,1,0.0,localized,unknown,none,0,,,
1131,2026-05-30 01:30:00,2026-05-30 01:30:00,4,4,1,0.0,localized,lebanon,medium,1,tg_18489_1,18489,https://t.me/idfofficial/18489
1132,2026-05-30 02:06:00,2026-05-30 02:06:00,3,3,1,0.0,localized,lebanon,high,1,tg_18491_1,18491,https://t.me/idfofficial/18491
1133,2026-05-30 03:30:00,2026-05-30 03:31:00,3,3,2,1.0,localized,lebanon,medium,1,tg_18493_1,18493,https://t.me/idfofficial/18493
1134,2026-05-30 06:02:00,2026-05-30 06:02:00,8,8,1,0.0,localized,lebanon,medium,1,tg_18495_1,18495,https://t.me/idfofficial/18495
1135,2026-05-30 12:30:00,2026-05-30 12:31:00,5,5,2,1.0,localized,lebanon,medium,1,tg_18497_1,18497,https://t.me/idfofficial/18497
1136,2026-05-30 13:01:00,2026-05-30 13:01:00,1,1,1,0.0,localized,lebanon,high,1,tg_18499_1,18499,https://t.me/idfofficial/18499
1137,2026-05-30 14:58:00,2026-05-30 14:58:00,1,1,1,0.0,localized,unknown,none,0,,,
1138,2026-05-30 15:44:00,2026-05-30 15:44:00,1,1,1,0.0,localized,lebanon,medium,1,tg_18503_1,18503,https://t.me/idfofficial/18503
1139,2026-05-30 16:19:00,2026-05-30 16:20:00,11,8,2,1.0,localized,lebanon,medium,1,tg_18506_1,18506,https://t.me/idfofficial/18506
1140,2026-05-30 16:50:00,2026-05-30 16:51:00,10,10,2,1.0,localized,unknown,none,0,,,
1141,2026-05-30 17:02:00,2026-05-30 17:02:00,1,1,1,0.0,localized,lebanon,high,1,tg_18509_1,18509,https://t.me/idfofficial/18509
1142,2026-05-30 18:39:00,2026-05-30 18:39:00,4,4,1,0.0,localized,lebanon,medium,1,tg_18511_1,18511,https://t.me/idfofficial/18511
1143,2026-05-30 19:23:00,2026-05-30 19:24:00,11,11,2,1.0,localized,lebanon,medium,1,tg_18513_1,18513,https://t.me/idfofficial/18513
1144,2026-05-30 21:47:00,2026-05-30 21:47:00,4,4,1,0.0,localized,lebanon,medium,1,tg_18516_1,18516,https://t.me/idfofficial/18516
1145,2026-05-31 10:49:00,2026-05-31 10:49:00,1,1,1,0.0,localized,lebanon,high,1,tg_18525_1,18525,https://t.me/idfofficial/18525
1146,2026-05-31 11:43:00,2026-05-31 11:43:00,8,8,1,0.0,localized,lebanon,medium,1,tg_18528_1,18528,https://t.me/idfofficial/18528
1147,2026-05-31 12:10:00,2026-05-31 12:10:00,2,2,1,0.0,localized,lebanon,high,1,tg_18531_1,18531,https://t.me/idfofficial/18531
1148,2026-05-31 12:29:00,2026-05-31 12:29:00,3,3,1,0.0,localized,lebanon,high,1,tg_18531_2,18531,https://t.me/idfofficial/18531
1149,2026-05-31 12:55:00,2026-05-31 12:57:00,8,3,3,2.0,localized,lebanon,high,1,tg_18534_1,18534,https://t.me/idfofficial/18534
1150,2026-05-31 13:06:00,2026-05-31 13:06:00,3,3,1,0.0,localized,unknown,none,0,,,
1151,2026-05-31 14:06:00,2026-05-31 14:06:00,2,2,1,0.0,localized,lebanon,high,1,tg_18535_1,18535,https://t.me/idfofficial/18535
1152,2026-05-31 14:19:00,2026-05-31 14:20:00,5,3,2,1.0,localized,lebanon,high,1,tg_18535_2,18535,https://t.me/idfofficial/18535
1153,2026-05-31 15:43:00,2026-05-31 15:43:00,1,1,1,0.0,localized,unknown,none,0,,,
1154,2026-05-31 17:04:00,2026-05-31 17:04:00,22,22,1,0.0,localized,unknown,none,0,,,
1155,2026-05-31 17:29:00,2026-05-31 17:29:00,1,1,1,0.0,localized,lebanon,high,1,tg_18543_1,18543,https://t.me/idfofficial/18543
1156,2026-05-31 17:46:00,2026-05-31 17:46:00,5,5,1,0.0,localized,lebanon,high,1,tg_18543_2,18543,https://t.me/idfofficial/18543
1157,2026-05-31 18:48:00,2026-05-31 18:48:00,1,1,1,0.0,localized,lebanon,medium,1,tg_18546_1,18546,https://t.me/idfofficial/18546
1158,2026-05-31 23:44:00,2026-05-31 23:48:00,17,11,3,4.0,localized,lebanon,high,1,tg_18556_1,18556,https://t.me/idfofficial/18556
1159,2026-06-01 00:05:00,2026-06-01 00:05:00,3,3,1,0.0,localized,unknown,none,0,,,
1160,2026-06-01 06:40:00,2026-06-01 06:40:00,2,2,1,0.0,localized,lebanon,high,1,tg_18560_1,18560,https://t.me/idfofficial/18560
1161,2026-06-01 06:56:00,2026-06-01 06:56:00,7,7,1,0.0,localized,unknown,none,0,,,
1162,2026-06-01 08:15:00,2026-06-01 08:16:00,5,5,2,1.0,localized,lebanon,high,1,tg_18564_1,18564,https://t.me/idfofficial/18564
1163,2026-06-01 08:25:00,2026-06-01 08:25:00,1,1,1,0.0,localized,lebanon,high,1,tg_18564_2,18564,https://t.me/idfofficial/18564
1164,2026-06-01 12:40:00,2026-06-01 12:41:00,35,35,2,1.0,broad,lebanon,high,1,tg_18568_1,18568,https://t.me/idfofficial/18568
1165,2026-06-01 15:01:00,2026-06-01 15:02:00,7,5,2,1.0,localized,lebanon,medium,1,tg_18571_1,18571,https://t.me/idfofficial/18571
1166,2026-06-01 16:12:00,2026-06-01 16:14:00,13,12,3,2.0,localized,unknown,none,0,,,
1167,2026-06-01 17:17:00,2026-06-01 17:17:00,2,2,1,0.0,localized,unknown,none,0,,,
1168,2026-06-01 17:43:00,2026-06-01 17:43:00,2,2,1,0.0,localized,lebanon,high,1,tg_18576_1,18576,https://t.me/idfofficial/18576
1169,2026-06-01 23:38:00,2026-06-01 23:38:00,1,1,1,0.0,localized,unknown,none,0,,,
1170,2026-06-02 01:24:00,2026-06-02 01:24:00,2,2,1,0.0,localized,unknown,none,0,,,
1171,2026-06-02 01:35:00,2026-06-02 01:36:00,59,33,2,1.0,broad,lebanon,high,1,tg_18592_1,18592,https://t.me/idfofficial/18592
1172,2026-06-02 01:47:00,2026-06-02 01:50:00,3,3,2,3.0,localized,lebanon,high,1,tg_18592_2,18592,https://t.me/idfofficial/18592
1173,2026-06-03 11:26:00,2026-06-03 11:26:00,3,3,1,0.0,localized,lebanon,medium,1,tg_18601_1,18601,https://t.me/idfofficial/18601
1174,2026-06-03 14:39:00,2026-06-03 14:39:00,1,1,1,0.0,localized,lebanon,medium,1,tg_18603_1,18603,https://t.me/idfofficial/18603
1175,2026-06-04 16:06:00,2026-06-04 16:07:00,3,2,2,1.0,localized,unknown,none,0,,,
1176,2026-06-04 16:33:00,2026-06-04 16:33:00,1,1,1,0.0,localized,unknown,none,0,,,
1177,2026-06-04 17:38:00,2026-06-04 17:39:00,8,5,2,1.0,localized,unknown,none,0,,,
1178,2026-06-05 22:15:00,2026-06-05 22:16:00,10,10,2,1.0,localized,unknown,none,0,,,
1179,2026-06-07 08:32:00,2026-06-07 08:32:00,2,2,1,0.0,localized,lebanon,medium,1,tg_18648_1,18648,https://t.me/idfofficial/18648
1180,2026-06-07 22:05:00,2026-06-07 22:07:00,230,230,3,2.0,broad,iran,high,2,tg_18662_1;tg_18663_1,18662;18663,https://t.me/idfofficial/18662;https://t.me/idfofficial/18663
1181,2026-06-07 22:17:00,2026-06-07 22:24:00,545,335,5,7.0,broad,unknown,none,0,,,
1182,2026-06-07 22:34:00,2026-06-07 22:35:00,154,154,2,1.0,broad,unknown,none,0,,,
1183,2026-06-08 05:57:00,2026-06-08 05:57:00,166,166,1,0.0,broad,unknown,none,0,,,
1184,2026-06-08 07:05:00,2026-06-08 07:20:00,485,432,6,15.0,broad,iran,high,1,tg_18672_1,18672,https://t.me/idfofficial/18672
1185,2026-06-08 09:36:00,2026-06-08 09:40:00,458,458,3,4.0,broad,iran,medium,1,tg_18677_1,18677,https://t.me/idfofficial/18677
1186,2026-06-08 15:12:00,2026-06-08 15:12:00,9,9,1,0.0,localized,lebanon,high,1,tg_18683_1,18683,https://t.me/idfofficial/18683
1187,2026-06-08 17:03:00,2026-06-08 17:03:00,1,1,1,0.0,localized,unknown,none,0,,,
1188,2026-06-11 05:33:00,2026-06-11 05:33:00,2,2,1,0.0,localized,unknown,none,0,,,
1189,2026-06-12 04:39:00,2026-06-12 04:39:00,1,1,1,0.0,localized,unknown,none,0,,,
1190,2026-06-12 11:33:00,2026-06-12 11:33:00,2,2,1,0.0,localized,unknown,none,0,,,
1191,2026-06-12 22:16:00,2026-06-12 22:16:00,1,1,1,0.0,localized,unknown,none,0,,,
1192,2026-06-13 08:34:00,2026-06-13 08:34:00,1,1,1,0.0,localized,unknown,none,0,,,
1193,2026-06-13 23:34:00,2026-06-13 23:34:00,1,1,1,0.0,localized,unknown,none,0,,,
1194,2026-06-14 12:56:00,2026-06-14 12:56:00,3,3,1,0.0,localized,unknown,none,0,,,
1195,2026-06-14 18:55:00,2026-06-14 18:56:00,2,2,2,1.0,localized,unknown,none,0,,,
