war,wave_id,start,end,date,day_index,hour,duration_minutes,gap_from_previous_hours,alert_rows,zone_count,burst_count,family,warning_coverage,median_warning_lead_minutes
first_war,0,2025-06-13 19:33:00,2025-06-13 19:33:00,2025-06-13,0,19.55,0.0,,47,47,1,broad,0.0,
first_war,1,2025-06-13 21:10:00,2025-06-13 21:12:00,2025-06-13,0,21.166666666666668,2.0,1.6166666666666667,635,635,2,broad,0.0,
first_war,2,2025-06-13 21:38:00,2025-06-13 21:46:00,2025-06-13,0,21.633333333333333,8.0,0.4666666666666667,1134,1024,8,broad,0.0,
first_war,3,2025-06-14 01:07:00,2025-06-14 01:13:00,2025-06-14,1,1.1166666666666667,6.0,3.4833333333333334,1133,719,7,broad,0.0,
first_war,4,2025-06-14 04:39:00,2025-06-14 04:41:00,2025-06-14,1,4.65,2.0,3.533333333333333,112,112,3,broad,0.0,
first_war,5,2025-06-14 05:11:00,2025-06-14 05:23:00,2025-06-14,1,5.183333333333334,12.0,0.5333333333333333,1081,1081,6,broad,0.0,
first_war,6,2025-06-14 09:00:00,2025-06-14 09:01:00,2025-06-14,1,9.0,1.0,3.816666666666667,4,4,2,localized,0.0,
first_war,7,2025-06-14 18:31:00,2025-06-14 18:31:00,2025-06-14,1,18.516666666666666,0.0,9.516666666666667,1,1,1,localized,0.0,
first_war,8,2025-06-14 23:11:00,2025-06-14 23:14:00,2025-06-14,1,23.183333333333334,3.0,4.666666666666667,354,354,3,broad,0.0,
first_war,9,2025-06-15 02:33:00,2025-06-15 03:00:00,2025-06-15,2,2.55,27.0,3.3666666666666667,693,443,11,broad,0.0,
first_war,10,2025-06-15 07:45:00,2025-06-15 07:47:00,2025-06-15,2,7.75,2.0,5.2,5,5,2,localized,0.0,
first_war,11,2025-06-15 15:26:00,2025-06-15 15:26:00,2025-06-15,2,15.433333333333334,0.0,7.683333333333334,1,1,1,localized,0.0,
first_war,12,2025-06-15 16:09:00,2025-06-15 16:12:00,2025-06-15,2,16.15,3.0,0.7166666666666667,1196,1196,2,broad,0.0,
first_war,13,2025-06-15 19:44:00,2025-06-15 19:44:00,2025-06-15,2,19.733333333333334,0.0,3.5833333333333335,3,3,1,localized,0.0,
first_war,14,2025-06-15 20:38:00,2025-06-15 20:43:00,2025-06-15,2,20.633333333333333,5.0,0.9,938,938,6,broad,0.0,
first_war,15,2025-06-16 04:10:00,2025-06-16 04:19:00,2025-06-16,3,4.166666666666667,9.0,7.533333333333333,1200,1068,8,broad,0.0,
first_war,16,2025-06-16 10:18:00,2025-06-16 10:18:00,2025-06-16,3,10.3,0.0,6.133333333333334,104,104,1,broad,0.0,
first_war,17,2025-06-16 19:39:00,2025-06-16 19:41:00,2025-06-16,3,19.65,2.0,9.35,277,277,3,broad,0.0,
first_war,18,2025-06-17 00:24:00,2025-06-17 00:24:00,2025-06-17,4,0.4,0.0,4.75,177,177,1,broad,0.0,
first_war,19,2025-06-17 03:29:00,2025-06-17 03:30:00,2025-06-17,4,3.4833333333333334,1.0,3.0833333333333335,245,245,2,broad,0.0,
first_war,20,2025-06-17 04:33:00,2025-06-17 04:34:00,2025-06-17,4,4.55,1.0,1.0666666666666667,256,256,2,broad,0.0,
first_war,21,2025-06-17 08:42:00,2025-06-17 08:44:00,2025-06-17,4,8.7,2.0,4.15,645,645,3,broad,0.0,
first_war,22,2025-06-17 11:02:00,2025-06-17 11:05:00,2025-06-17,4,11.033333333333333,3.0,2.3333333333333335,4,4,3,localized,0.0,
first_war,23,2025-06-17 17:15:00,2025-06-17 17:16:00,2025-06-17,4,17.25,1.0,6.216666666666667,209,209,2,broad,0.0,
first_war,24,2025-06-17 19:12:00,2025-06-17 19:13:00,2025-06-17,4,19.2,1.0,1.95,77,77,2,broad,0.0,
first_war,25,2025-06-17 21:45:00,2025-06-17 21:48:00,2025-06-17,4,21.75,3.0,2.55,357,357,4,broad,0.0,
first_war,26,2025-06-18 00:42:00,2025-06-18 00:45:00,2025-06-18,5,0.7,3.0,2.95,495,495,4,broad,0.0,
first_war,27,2025-06-18 01:26:00,2025-06-18 01:28:00,2025-06-18,5,1.4333333333333333,2.0,0.7333333333333333,292,292,3,broad,0.0,
first_war,28,2025-06-18 05:57:00,2025-06-18 05:57:00,2025-06-18,5,5.95,0.0,4.516666666666667,1,1,1,localized,0.0,
first_war,29,2025-06-18 19:39:00,2025-06-18 19:40:00,2025-06-18,5,19.65,1.0,13.7,161,161,2,broad,0.0,
first_war,30,2025-06-18 20:03:00,2025-06-18 20:03:00,2025-06-18,5,20.05,0.0,0.4,1,1,1,localized,0.0,
first_war,31,2025-06-19 00:07:00,2025-06-19 00:09:00,2025-06-19,6,0.11666666666666667,2.0,4.066666666666666,397,397,3,broad,0.0,
first_war,32,2025-06-19 07:11:00,2025-06-19 07:19:00,2025-06-19,6,7.183333333333334,8.0,7.066666666666666,1032,969,9,broad,0.0,
first_war,33,2025-06-19 12:16:00,2025-06-19 12:16:00,2025-06-19,6,12.266666666666667,0.0,5.083333333333333,1,1,1,localized,0.0,
first_war,34,2025-06-19 16:37:00,2025-06-19 16:44:00,2025-06-19,6,16.616666666666667,7.0,4.35,469,389,8,broad,1.0,5.0
first_war,35,2025-06-20 05:52:00,2025-06-20 05:53:00,2025-06-20,7,5.866666666666667,1.0,13.25,51,51,2,broad,0.9411764705882353,6.0
first_war,36,2025-06-20 15:38:00,2025-06-20 15:44:00,2025-06-20,7,15.633333333333333,6.0,9.766666666666667,462,462,6,broad,0.9978354978354979,5.0
first_war,37,2025-06-24 06:40:00,2025-06-24 06:43:00,2025-06-24,11,6.666666666666667,3.0,87.03333333333333,262,262,4,broad,0.0,
first_war,38,2025-06-24 06:57:00,2025-06-24 06:59:00,2025-06-24,11,6.95,2.0,0.2833333333333333,277,277,3,broad,0.0,
first_war,39,2025-06-24 07:15:00,2025-06-24 07:20:00,2025-06-24,11,7.25,5.0,0.3,248,248,5,broad,0.3024193548387097,3.0
first_war,40,2025-06-24 10:32:00,2025-06-24 10:34:00,2025-06-24,11,10.533333333333333,2.0,3.283333333333333,384,384,3,broad,1.0,5.0
second_war,0,2026-02-28 10:10:00,2026-02-28 10:12:00,2026-02-28,0,10.166666666666666,2.0,,178,178,3,broad,0.0,
second_war,1,2026-02-28 10:25:00,2026-02-28 10:55:00,2026-02-28,0,10.416666666666666,30.0,0.25,2256,1347,24,broad,0.0,
second_war,2,2026-02-28 11:06:00,2026-02-28 11:38:00,2026-02-28,0,11.1,32.0,0.6833333333333333,3044,1087,33,broad,0.0,
second_war,3,2026-02-28 11:48:00,2026-02-28 11:55:00,2026-02-28,0,11.8,7.0,0.7,811,719,8,broad,0.0,
second_war,4,2026-02-28 12:29:00,2026-02-28 12:36:00,2026-02-28,0,12.483333333333333,7.0,0.6833333333333333,348,348,7,broad,1.0,4.0
second_war,5,2026-02-28 13:08:00,2026-02-28 13:13:00,2026-02-28,0,13.133333333333333,5.0,0.65,241,241,6,broad,1.0,4.0
second_war,6,2026-02-28 14:43:00,2026-02-28 14:45:00,2026-02-28,0,14.716666666666667,2.0,1.5833333333333333,501,501,3,broad,1.0,7.0
second_war,7,2026-02-28 15:27:00,2026-02-28 15:37:00,2026-02-28,0,15.45,10.0,0.7333333333333333,557,467,6,broad,1.0,11.0
second_war,8,2026-02-28 15:50:00,2026-02-28 15:52:00,2026-02-28,0,15.833333333333334,2.0,0.38333333333333336,415,415,3,broad,1.0,8.0
second_war,9,2026-02-28 16:04:00,2026-02-28 16:13:00,2026-02-28,0,16.066666666666666,9.0,0.23333333333333334,549,330,6,broad,1.0,20.0
second_war,10,2026-02-28 16:34:00,2026-02-28 16:37:00,2026-02-28,0,16.566666666666666,3.0,0.5,355,355,4,broad,0.9633802816901409,6.0
second_war,11,2026-02-28 16:54:00,2026-02-28 16:56:00,2026-02-28,0,16.9,2.0,0.3333333333333333,316,316,3,broad,0.9525316455696202,6.0
second_war,12,2026-02-28 17:13:00,2026-02-28 17:14:00,2026-02-28,0,17.216666666666665,1.0,0.31666666666666665,163,163,2,broad,1.0,25.0
second_war,13,2026-02-28 17:35:00,2026-02-28 18:17:00,2026-02-28,0,17.583333333333332,42.0,0.36666666666666664,1409,770,19,broad,1.0,7.0
second_war,14,2026-02-28 18:35:00,2026-02-28 18:36:00,2026-02-28,0,18.583333333333332,1.0,1.0,259,259,2,broad,0.0,
second_war,15,2026-02-28 18:45:00,2026-02-28 18:47:00,2026-02-28,0,18.75,2.0,0.16666666666666666,528,528,3,broad,0.21022727272727273,4.0
second_war,16,2026-02-28 19:26:00,2026-02-28 19:26:00,2026-02-28,0,19.433333333333334,0.0,0.6833333333333333,154,154,1,broad,1.0,8.0
second_war,17,2026-02-28 22:37:00,2026-02-28 22:51:00,2026-02-28,0,22.616666666666667,14.0,3.183333333333333,1132,836,13,broad,0.9784688995215312,9.0
second_war,18,2026-03-01 01:37:00,2026-03-01 01:52:00,2026-03-01,1,1.6166666666666667,15.0,3.0,770,734,11,broad,0.9877384196185286,5.0
second_war,19,2026-03-01 04:20:00,2026-03-01 04:20:00,2026-03-01,1,4.333333333333333,0.0,2.716666666666667,1,1,1,localized,0.0,
second_war,20,2026-03-01 06:16:00,2026-03-01 06:18:00,2026-03-01,1,6.266666666666667,2.0,1.9333333333333333,218,218,3,broad,1.0,7.0
second_war,21,2026-03-01 06:30:00,2026-03-01 07:09:00,2026-03-01,1,6.5,39.0,0.23333333333333334,2181,712,26,broad,1.0,23.0
second_war,22,2026-03-01 08:54:00,2026-03-01 09:03:00,2026-03-01,1,8.9,9.0,2.4,641,641,8,broad,0.984399375975039,7.0
second_war,23,2026-03-01 09:55:00,2026-03-01 09:56:00,2026-03-01,1,9.916666666666666,1.0,1.0166666666666666,6,6,2,localized,0.0,
second_war,24,2026-03-01 10:06:00,2026-03-01 10:27:00,2026-03-01,1,10.1,21.0,0.18333333333333332,1552,1091,17,broad,1.0,11.0
second_war,25,2026-03-01 12:49:00,2026-03-01 12:50:00,2026-03-01,1,12.816666666666666,1.0,2.716666666666667,229,229,2,broad,1.0,11.0
second_war,26,2026-03-01 13:28:00,2026-03-01 13:45:00,2026-03-01,1,13.466666666666667,17.0,0.65,1841,1135,16,broad,0.9823788546255506,8.0
second_war,27,2026-03-01 13:55:00,2026-03-01 13:56:00,2026-03-01,1,13.916666666666666,1.0,0.45,116,116,2,broad,1.0,6.0
second_war,28,2026-03-01 16:48:00,2026-03-01 16:50:00,2026-03-01,1,16.8,2.0,2.8833333333333333,190,190,3,broad,1.0,3.0
second_war,29,2026-03-01 20:37:00,2026-03-01 20:38:00,2026-03-01,1,20.616666666666667,1.0,3.816666666666667,159,159,2,broad,1.0,4.0
second_war,30,2026-03-01 21:07:00,2026-03-01 21:17:00,2026-03-01,1,21.116666666666667,10.0,0.5,558,422,9,broad,1.0,5.0
second_war,31,2026-03-01 21:32:00,2026-03-01 21:34:00,2026-03-01,1,21.533333333333335,2.0,0.4166666666666667,156,156,3,broad,1.0,32.0
second_war,32,2026-03-01 22:34:00,2026-03-01 22:36:00,2026-03-01,1,22.566666666666666,2.0,1.0333333333333334,179,179,3,broad,0.9441340782122905,6.0
second_war,33,2026-03-02 00:45:00,2026-03-02 00:45:00,2026-03-02,2,0.75,0.0,2.183333333333333,3,3,1,localized,0.0,
second_war,34,2026-03-02 01:02:00,2026-03-02 01:06:00,2026-03-02,2,1.0333333333333334,4.0,0.2833333333333333,43,43,4,broad,0.0,
second_war,35,2026-03-02 01:30:00,2026-03-02 01:31:00,2026-03-02,2,1.5,1.0,0.4666666666666667,5,5,2,localized,0.0,
second_war,36,2026-03-02 05:33:00,2026-03-02 05:35:00,2026-03-02,2,5.55,2.0,4.05,6,6,2,localized,0.0,
second_war,37,2026-03-02 07:07:00,2026-03-02 07:11:00,2026-03-02,2,7.116666666666666,4.0,1.5666666666666667,676,676,5,broad,1.0,6.0
second_war,38,2026-03-02 07:37:00,2026-03-02 07:40:00,2026-03-02,2,7.616666666666667,3.0,0.5,316,316,4,broad,1.0,7.0
second_war,39,2026-03-02 07:55:00,2026-03-02 07:58:00,2026-03-02,2,7.916666666666667,3.0,0.3,165,165,4,broad,1.0,8.0
second_war,40,2026-03-02 12:09:00,2026-03-02 12:12:00,2026-03-02,2,12.15,3.0,4.233333333333333,292,292,4,broad,0.9931506849315068,8.0
second_war,41,2026-03-02 12:34:00,2026-03-02 12:49:00,2026-03-02,2,12.566666666666666,15.0,0.4166666666666667,612,571,12,broad,0.9912434325744308,4.0
second_war,42,2026-03-02 13:00:00,2026-03-02 13:02:00,2026-03-02,2,13.0,2.0,0.43333333333333335,229,229,3,broad,1.0,7.0
second_war,43,2026-03-02 14:35:00,2026-03-02 14:35:00,2026-03-02,2,14.583333333333334,0.0,1.5833333333333333,1,1,1,localized,0.0,
second_war,44,2026-03-02 17:37:00,2026-03-02 17:37:00,2026-03-02,2,17.616666666666667,0.0,3.033333333333333,166,166,1,broad,1.0,11.0
second_war,45,2026-03-03 00:29:00,2026-03-03 00:48:00,2026-03-03,3,0.48333333333333334,19.0,6.866666666666666,1363,946,16,broad,0.9947145877378436,4.0
second_war,46,2026-03-03 01:03:00,2026-03-03 01:06:00,2026-03-03,3,1.05,3.0,0.5666666666666667,253,253,4,broad,1.0,6.0
second_war,47,2026-03-03 04:37:00,2026-03-03 04:37:00,2026-03-03,3,4.616666666666667,0.0,3.566666666666667,1,1,1,localized,0.0,
second_war,48,2026-03-03 06:14:00,2026-03-03 06:14:00,2026-03-03,3,6.233333333333333,0.0,1.6166666666666667,1,1,1,localized,0.0,
second_war,49,2026-03-03 07:41:00,2026-03-03 07:41:00,2026-03-03,3,7.683333333333334,0.0,1.45,4,4,1,localized,0.0,
second_war,50,2026-03-03 08:32:00,2026-03-03 08:32:00,2026-03-03,3,8.533333333333333,0.0,0.85,3,3,1,localized,0.0,
second_war,51,2026-03-03 09:08:00,2026-03-03 09:09:00,2026-03-03,3,9.133333333333333,1.0,0.6,5,5,2,localized,0.0,
second_war,52,2026-03-03 10:40:00,2026-03-03 10:40:00,2026-03-03,3,10.666666666666666,0.0,1.5333333333333334,2,2,1,localized,0.0,
second_war,53,2026-03-03 11:13:00,2026-03-03 11:16:00,2026-03-03,3,11.216666666666667,3.0,0.55,290,290,4,broad,0.7413793103448276,6.0
second_war,54,2026-03-03 12:31:00,2026-03-03 12:46:00,2026-03-03,3,12.516666666666667,15.0,1.3,611,576,8,broad,0.9635416666666666,21.0
second_war,55,2026-03-03 13:27:00,2026-03-03 13:29:00,2026-03-03,3,13.45,2.0,0.9333333333333333,6,6,3,localized,0.0,
second_war,56,2026-03-03 14:35:00,2026-03-03 14:36:00,2026-03-03,3,14.583333333333334,1.0,1.1333333333333333,99,99,2,broad,1.0,4.0
second_war,57,2026-03-03 14:52:00,2026-03-03 14:55:00,2026-03-03,3,14.866666666666667,3.0,0.2833333333333333,335,335,4,broad,1.0,7.0
second_war,58,2026-03-03 15:41:00,2026-03-03 15:43:00,2026-03-03,3,15.683333333333334,2.0,0.8166666666666667,11,11,2,localized,1.0,5.0
second_war,59,2026-03-03 16:04:00,2026-03-03 16:04:00,2026-03-03,3,16.066666666666666,0.0,0.38333333333333336,3,3,1,localized,0.0,
second_war,60,2026-03-03 17:18:00,2026-03-03 17:19:00,2026-03-03,3,17.3,1.0,1.2333333333333334,5,5,2,localized,0.0,
second_war,61,2026-03-03 17:45:00,2026-03-03 17:47:00,2026-03-03,3,17.75,2.0,0.45,5,5,2,localized,0.0,
second_war,62,2026-03-03 19:55:00,2026-03-03 20:02:00,2026-03-03,3,19.916666666666668,7.0,2.1666666666666665,68,68,3,broad,0.0,
second_war,63,2026-03-03 22:48:00,2026-03-03 22:50:00,2026-03-03,3,22.8,2.0,2.8833333333333333,233,233,3,broad,1.0,6.0
second_war,64,2026-03-03 23:17:00,2026-03-03 23:18:00,2026-03-03,3,23.283333333333335,1.0,0.48333333333333334,198,198,2,broad,1.0,8.0
second_war,65,2026-03-04 00:09:00,2026-03-04 00:11:00,2026-03-04,4,0.15,2.0,0.8666666666666667,286,286,3,broad,1.0,8.0
second_war,66,2026-03-04 00:55:00,2026-03-04 00:55:00,2026-03-04,4,0.9166666666666666,0.0,0.7666666666666667,2,2,1,localized,1.0,4.0
second_war,67,2026-03-04 01:16:00,2026-03-04 01:16:00,2026-03-04,4,1.2666666666666666,0.0,0.35,1,1,1,localized,1.0,25.0
second_war,68,2026-03-04 02:36:00,2026-03-04 02:36:00,2026-03-04,4,2.6,0.0,1.3333333333333333,3,3,1,localized,0.0,
second_war,69,2026-03-04 02:46:00,2026-03-04 02:46:00,2026-03-04,4,2.7666666666666666,0.0,0.16666666666666666,3,3,1,localized,0.0,
second_war,70,2026-03-04 03:28:00,2026-03-04 03:28:00,2026-03-04,4,3.466666666666667,0.0,0.7,2,2,1,localized,0.0,
second_war,71,2026-03-04 03:54:00,2026-03-04 03:55:00,2026-03-04,4,3.9,1.0,0.43333333333333335,11,11,2,localized,0.0,
second_war,72,2026-03-04 04:24:00,2026-03-04 04:25:00,2026-03-04,4,4.4,1.0,0.5,90,90,2,broad,1.0,8.0
second_war,73,2026-03-04 05:58:00,2026-03-04 06:00:00,2026-03-04,4,5.966666666666667,2.0,1.5666666666666667,255,255,3,broad,0.9647058823529412,6.0
second_war,74,2026-03-04 06:09:00,2026-03-04 06:17:00,2026-03-04,4,6.15,8.0,0.18333333333333332,2,1,2,localized,1.0,16.0
second_war,75,2026-03-04 06:39:00,2026-03-04 06:39:00,2026-03-04,4,6.65,0.0,0.5,1,1,1,localized,1.0,46.0
second_war,76,2026-03-04 06:54:00,2026-03-04 06:54:00,2026-03-04,4,6.9,0.0,0.25,3,3,1,localized,0.0,
second_war,77,2026-03-04 08:36:00,2026-03-04 08:36:00,2026-03-04,4,8.6,0.0,1.7,1,1,1,localized,0.0,
second_war,78,2026-03-04 09:40:00,2026-03-04 09:40:00,2026-03-04,4,9.666666666666666,0.0,1.0666666666666667,1,1,1,localized,0.0,
second_war,79,2026-03-04 10:09:00,2026-03-04 10:09:00,2026-03-04,4,10.15,0.0,0.48333333333333334,1,1,1,localized,0.0,
second_war,80,2026-03-04 13:28:00,2026-03-04 13:30:00,2026-03-04,4,13.466666666666667,2.0,3.316666666666667,2,2,2,localized,0.0,
second_war,81,2026-03-04 14:02:00,2026-03-04 14:10:00,2026-03-04,4,14.033333333333333,8.0,0.5666666666666667,492,454,6,broad,0.9537444933920705,5.0
second_war,82,2026-03-04 14:31:00,2026-03-04 14:38:00,2026-03-04,4,14.516666666666667,7.0,0.48333333333333334,415,415,5,broad,0.927710843373494,6.0
second_war,83,2026-03-04 15:00:00,2026-03-04 15:00:00,2026-03-04,4,15.0,0.0,0.48333333333333334,2,2,1,localized,0.0,
second_war,84,2026-03-04 15:21:00,2026-03-04 15:23:00,2026-03-04,4,15.35,2.0,0.35,32,32,3,broad,0.0,
second_war,85,2026-03-04 15:41:00,2026-03-04 15:46:00,2026-03-04,4,15.683333333333334,5.0,0.3333333333333333,4,4,2,localized,0.0,
second_war,86,2026-03-04 16:07:00,2026-03-04 16:13:00,2026-03-04,4,16.116666666666667,6.0,0.43333333333333335,362,362,5,broad,0.8149171270718232,5.0
second_war,87,2026-03-04 16:22:00,2026-03-04 16:22:00,2026-03-04,4,16.366666666666667,0.0,0.25,1,1,1,localized,1.0,19.0
second_war,88,2026-03-04 16:45:00,2026-03-04 16:45:00,2026-03-04,4,16.75,0.0,0.38333333333333336,3,3,1,localized,1.0,42.0
second_war,89,2026-03-04 17:04:00,2026-03-04 17:04:00,2026-03-04,4,17.066666666666666,0.0,0.31666666666666665,1,1,1,localized,0.0,
second_war,90,2026-03-04 17:15:00,2026-03-04 17:15:00,2026-03-04,4,17.25,0.0,0.18333333333333332,1,1,1,localized,0.0,
second_war,91,2026-03-04 18:08:00,2026-03-04 18:08:00,2026-03-04,4,18.133333333333333,0.0,0.8833333333333333,2,2,1,localized,0.0,
second_war,92,2026-03-04 19:01:00,2026-03-04 19:04:00,2026-03-04,4,19.016666666666666,3.0,0.8833333333333333,272,272,4,broad,0.9191176470588235,7.0
second_war,93,2026-03-04 19:56:00,2026-03-04 19:56:00,2026-03-04,4,19.933333333333334,0.0,0.9166666666666666,1,1,1,localized,0.0,
second_war,94,2026-03-04 20:29:00,2026-03-04 20:32:00,2026-03-04,4,20.483333333333334,3.0,0.55,2,2,2,localized,0.0,
second_war,95,2026-03-04 23:58:00,2026-03-04 23:58:00,2026-03-04,4,23.966666666666665,0.0,3.4833333333333334,1,1,1,localized,0.0,
second_war,96,2026-03-05 02:22:00,2026-03-05 02:29:00,2026-03-05,5,2.3666666666666667,7.0,2.4,153,153,3,broad,0.006535947712418301,5.0
second_war,97,2026-03-05 03:08:00,2026-03-05 03:08:00,2026-03-05,5,3.1333333333333333,0.0,0.7666666666666667,29,29,1,broad,0.0,
second_war,98,2026-03-05 03:35:00,2026-03-05 03:35:00,2026-03-05,5,3.5833333333333335,0.0,0.45,1,1,1,localized,0.0,
second_war,99,2026-03-05 04:01:00,2026-03-05 04:02:00,2026-03-05,5,4.016666666666667,1.0,0.43333333333333335,227,227,2,broad,0.9559471365638766,6.0
second_war,100,2026-03-05 06:20:00,2026-03-05 06:20:00,2026-03-05,5,6.333333333333333,0.0,2.316666666666667,1,1,1,localized,0.0,
second_war,101,2026-03-05 08:20:00,2026-03-05 08:20:00,2026-03-05,5,8.333333333333334,0.0,2.0,1,1,1,localized,0.0,
second_war,102,2026-03-05 10:29:00,2026-03-05 10:30:00,2026-03-05,5,10.483333333333333,1.0,2.15,212,212,2,broad,1.0,3.0
second_war,103,2026-03-05 12:26:00,2026-03-05 12:27:00,2026-03-05,5,12.433333333333334,1.0,1.95,22,22,2,localized,0.0,
second_war,104,2026-03-05 12:46:00,2026-03-05 12:46:00,2026-03-05,5,12.766666666666667,0.0,0.3333333333333333,1,1,1,localized,0.0,
second_war,105,2026-03-05 13:47:00,2026-03-05 13:55:00,2026-03-05,5,13.783333333333333,8.0,1.0166666666666666,459,455,4,broad,0.9714285714285714,7.0
second_war,106,2026-03-05 14:20:00,2026-03-05 14:20:00,2026-03-05,5,14.333333333333334,0.0,0.55,1,1,1,localized,0.0,
second_war,107,2026-03-05 16:30:00,2026-03-05 16:34:00,2026-03-05,5,16.5,4.0,2.1666666666666665,258,258,4,broad,1.0,5.0
second_war,108,2026-03-05 18:03:00,2026-03-05 18:04:00,2026-03-05,5,18.05,1.0,1.55,2,2,2,localized,0.0,
second_war,109,2026-03-05 18:24:00,2026-03-05 18:27:00,2026-03-05,5,18.4,3.0,0.35,5,4,2,localized,0.0,
second_war,110,2026-03-05 20:08:00,2026-03-05 20:08:00,2026-03-05,5,20.133333333333333,0.0,1.7333333333333334,1,1,1,localized,0.0,
second_war,111,2026-03-05 20:31:00,2026-03-05 20:34:00,2026-03-05,5,20.516666666666666,3.0,0.38333333333333336,169,169,4,broad,1.0,6.0
second_war,112,2026-03-05 20:51:00,2026-03-05 21:02:00,2026-03-05,5,20.85,11.0,0.3333333333333333,29,29,5,broad,1.0,35.0
second_war,113,2026-03-05 22:03:00,2026-03-05 22:03:00,2026-03-05,5,22.05,0.0,1.2,1,1,1,localized,0.0,
second_war,114,2026-03-05 22:45:00,2026-03-05 22:45:00,2026-03-05,5,22.75,0.0,0.7,2,2,1,localized,0.0,
second_war,115,2026-03-05 22:58:00,2026-03-05 23:06:00,2026-03-05,5,22.966666666666665,8.0,0.21666666666666667,550,378,6,broad,0.9788359788359788,8.0
second_war,116,2026-03-06 01:00:00,2026-03-06 01:00:00,2026-03-06,6,1.0,0.0,2.033333333333333,1,1,1,localized,0.0,
second_war,117,2026-03-06 01:33:00,2026-03-06 01:33:00,2026-03-06,6,1.55,0.0,0.55,1,1,1,localized,0.0,
second_war,118,2026-03-06 02:15:00,2026-03-06 02:39:00,2026-03-06,6,2.25,24.0,0.7,6,5,6,localized,0.0,
second_war,119,2026-03-06 08:47:00,2026-03-06 08:47:00,2026-03-06,6,8.783333333333333,0.0,6.533333333333333,1,1,1,localized,0.0,
second_war,120,2026-03-06 10:17:00,2026-03-06 10:19:00,2026-03-06,6,10.283333333333333,2.0,1.5,145,145,3,broad,1.0,6.0
second_war,121,2026-03-06 10:39:00,2026-03-06 10:42:00,2026-03-06,6,10.65,3.0,0.36666666666666664,4,4,2,localized,0.0,
second_war,122,2026-03-06 12:04:00,2026-03-06 12:04:00,2026-03-06,6,12.066666666666666,0.0,1.4166666666666667,1,1,1,localized,0.0,
second_war,123,2026-03-06 12:14:00,2026-03-06 12:14:00,2026-03-06,6,12.233333333333333,0.0,0.16666666666666666,1,1,1,localized,0.0,
second_war,124,2026-03-06 13:32:00,2026-03-06 13:34:00,2026-03-06,6,13.533333333333333,2.0,1.3,164,164,3,broad,0.8963414634146342,7.0
second_war,125,2026-03-06 14:00:00,2026-03-06 14:00:00,2026-03-06,6,14.0,0.0,0.4666666666666667,1,1,1,localized,0.0,
second_war,126,2026-03-06 15:50:00,2026-03-06 15:58:00,2026-03-06,6,15.833333333333334,8.0,1.8333333333333333,10,9,3,localized,0.0,
second_war,127,2026-03-06 17:31:00,2026-03-06 17:31:00,2026-03-06,6,17.516666666666666,0.0,1.6833333333333333,7,7,1,localized,0.0,
second_war,128,2026-03-06 17:47:00,2026-03-06 17:54:00,2026-03-06,6,17.783333333333335,7.0,0.26666666666666666,8,7,5,localized,0.0,
second_war,129,2026-03-06 19:16:00,2026-03-06 19:23:00,2026-03-06,6,19.266666666666666,7.0,1.4833333333333334,261,261,5,broad,0.9770114942528736,3.0
second_war,130,2026-03-06 20:41:00,2026-03-06 20:43:00,2026-03-06,6,20.683333333333334,2.0,1.4166666666666667,255,255,3,broad,0.9882352941176471,1.0
second_war,131,2026-03-06 21:57:00,2026-03-06 21:58:00,2026-03-06,6,21.95,1.0,1.2666666666666666,226,226,2,broad,0.9911504424778761,3.0
second_war,132,2026-03-06 23:19:00,2026-03-06 23:19:00,2026-03-06,6,23.316666666666666,0.0,1.3666666666666667,1,1,1,localized,0.0,
second_war,133,2026-03-06 23:38:00,2026-03-06 23:38:00,2026-03-06,6,23.633333333333333,0.0,0.31666666666666665,1,1,1,localized,0.0,
second_war,134,2026-03-07 00:29:00,2026-03-07 00:39:00,2026-03-07,7,0.48333333333333334,10.0,0.85,286,286,5,broad,0.993006993006993,6.0
second_war,135,2026-03-07 01:00:00,2026-03-07 01:00:00,2026-03-07,7,1.0,0.0,0.5166666666666667,4,4,1,localized,0.0,
second_war,136,2026-03-07 01:24:00,2026-03-07 01:24:00,2026-03-07,7,1.4,0.0,0.4,1,1,1,localized,0.0,
second_war,137,2026-03-07 03:39:00,2026-03-07 03:39:00,2026-03-07,7,3.65,0.0,2.25,1,1,1,localized,0.0,
second_war,138,2026-03-07 04:40:00,2026-03-07 04:40:00,2026-03-07,7,4.666666666666667,0.0,1.0166666666666666,5,5,1,localized,1.0,4.0
second_war,139,2026-03-07 05:01:00,2026-03-07 05:04:00,2026-03-07,7,5.016666666666667,3.0,0.35,277,277,4,broad,1.0,4.0
second_war,140,2026-03-07 05:27:00,2026-03-07 05:28:00,2026-03-07,7,5.45,1.0,0.43333333333333335,196,196,2,broad,0.9795918367346939,7.0
second_war,141,2026-03-07 05:37:00,2026-03-07 05:44:00,2026-03-07,7,5.616666666666667,7.0,0.16666666666666666,3,2,2,localized,0.0,
second_war,142,2026-03-07 05:59:00,2026-03-07 06:00:00,2026-03-07,7,5.983333333333333,1.0,0.36666666666666664,9,9,2,localized,0.0,
second_war,143,2026-03-07 06:24:00,2026-03-07 06:26:00,2026-03-07,7,6.4,2.0,0.4166666666666667,264,264,3,broad,0.9545454545454546,4.0
second_war,144,2026-03-07 09:38:00,2026-03-07 09:38:00,2026-03-07,7,9.633333333333333,0.0,3.2333333333333334,6,6,1,localized,0.0,
second_war,145,2026-03-07 11:27:00,2026-03-07 11:29:00,2026-03-07,7,11.45,2.0,1.8166666666666667,236,236,3,broad,0.961864406779661,4.0
second_war,146,2026-03-07 12:35:00,2026-03-07 12:35:00,2026-03-07,7,12.583333333333334,0.0,1.1333333333333333,1,1,1,localized,0.0,
second_war,147,2026-03-07 13:07:00,2026-03-07 13:09:00,2026-03-07,7,13.116666666666667,2.0,0.5333333333333333,6,6,2,localized,0.0,
second_war,148,2026-03-07 13:36:00,2026-03-07 13:36:00,2026-03-07,7,13.6,0.0,0.48333333333333334,4,4,1,localized,0.0,
second_war,149,2026-03-07 14:02:00,2026-03-07 14:02:00,2026-03-07,7,14.033333333333333,0.0,0.43333333333333335,2,2,1,localized,0.0,
second_war,150,2026-03-07 14:18:00,2026-03-07 14:19:00,2026-03-07,7,14.3,1.0,0.26666666666666666,2,2,2,localized,0.0,
second_war,151,2026-03-07 14:47:00,2026-03-07 14:47:00,2026-03-07,7,14.783333333333333,0.0,0.48333333333333334,1,1,1,localized,0.0,
second_war,152,2026-03-07 14:57:00,2026-03-07 15:00:00,2026-03-07,7,14.95,3.0,0.16666666666666666,279,279,4,broad,1.0,8.0
second_war,153,2026-03-07 15:09:00,2026-03-07 15:09:00,2026-03-07,7,15.15,0.0,0.2,1,1,1,localized,0.0,
second_war,154,2026-03-07 15:32:00,2026-03-07 15:33:00,2026-03-07,7,15.533333333333333,1.0,0.38333333333333336,340,340,2,broad,0.9882352941176471,8.0
second_war,155,2026-03-07 16:21:00,2026-03-07 16:21:00,2026-03-07,7,16.35,0.0,0.8166666666666667,3,3,1,localized,0.0,
second_war,156,2026-03-07 17:34:00,2026-03-07 17:34:00,2026-03-07,7,17.566666666666666,0.0,1.2166666666666666,2,2,1,localized,0.0,
second_war,157,2026-03-07 18:45:00,2026-03-07 18:45:00,2026-03-07,7,18.75,0.0,1.1833333333333333,3,3,1,localized,0.0,
second_war,158,2026-03-07 19:36:00,2026-03-07 19:37:00,2026-03-07,7,19.6,1.0,0.85,142,142,2,broad,1.0,4.0
second_war,159,2026-03-07 19:58:00,2026-03-07 20:01:00,2026-03-07,7,19.966666666666665,3.0,0.36666666666666664,17,17,3,localized,1.0,27.0
second_war,160,2026-03-07 20:19:00,2026-03-07 20:19:00,2026-03-07,7,20.316666666666666,0.0,0.35,13,13,1,localized,1.0,47.0
second_war,161,2026-03-07 20:32:00,2026-03-07 20:36:00,2026-03-07,7,20.533333333333335,4.0,0.21666666666666667,304,304,3,broad,1.0,6.0
second_war,162,2026-03-07 20:45:00,2026-03-07 20:45:00,2026-03-07,7,20.75,0.0,0.21666666666666667,1,1,1,localized,0.0,
second_war,163,2026-03-07 20:54:00,2026-03-07 21:30:00,2026-03-07,7,20.9,36.0,0.15,19,17,7,localized,0.0,
second_war,164,2026-03-07 21:47:00,2026-03-07 21:54:00,2026-03-07,7,21.783333333333335,7.0,0.8833333333333333,185,185,5,broad,0.9891891891891892,6.0
second_war,165,2026-03-07 22:08:00,2026-03-07 22:15:00,2026-03-07,7,22.133333333333333,7.0,0.35,4,4,3,localized,0.0,
second_war,166,2026-03-07 22:43:00,2026-03-07 22:43:00,2026-03-07,7,22.716666666666665,0.0,0.5833333333333334,7,7,1,localized,0.0,
second_war,167,2026-03-07 23:00:00,2026-03-07 23:09:00,2026-03-07,7,23.0,9.0,0.2833333333333333,75,75,4,broad,0.9866666666666667,6.0
second_war,168,2026-03-07 23:21:00,2026-03-07 23:21:00,2026-03-07,7,23.35,0.0,0.35,3,3,1,localized,0.0,
second_war,169,2026-03-07 23:38:00,2026-03-07 23:38:00,2026-03-07,7,23.633333333333333,0.0,0.2833333333333333,4,4,1,localized,0.0,
second_war,170,2026-03-08 01:11:00,2026-03-08 01:11:00,2026-03-08,8,1.1833333333333333,0.0,1.55,1,1,1,localized,0.0,
second_war,171,2026-03-08 01:39:00,2026-03-08 01:47:00,2026-03-08,8,1.65,8.0,0.4666666666666667,6,6,2,localized,0.0,
second_war,172,2026-03-08 02:21:00,2026-03-08 02:23:00,2026-03-08,8,2.35,2.0,0.7,183,183,3,broad,0.9453551912568307,3.0
second_war,173,2026-03-08 02:42:00,2026-03-08 02:43:00,2026-03-08,8,2.7,1.0,0.35,180,180,2,broad,1.0,5.0
second_war,174,2026-03-08 03:08:00,2026-03-08 03:08:00,2026-03-08,8,3.1333333333333333,0.0,0.43333333333333335,1,1,1,localized,1.0,31.0
second_war,175,2026-03-08 05:45:00,2026-03-08 05:47:00,2026-03-08,8,5.75,2.0,2.6166666666666667,255,255,3,broad,0.5176470588235295,6.0
second_war,176,2026-03-08 06:22:00,2026-03-08 06:22:00,2026-03-08,8,6.366666666666666,0.0,0.6166666666666667,77,77,1,broad,0.974025974025974,7.0
second_war,177,2026-03-08 06:35:00,2026-03-08 06:44:00,2026-03-08,8,6.583333333333333,9.0,0.21666666666666667,3,3,3,localized,0.0,
second_war,178,2026-03-08 07:27:00,2026-03-08 07:29:00,2026-03-08,8,7.45,2.0,0.8666666666666667,356,356,3,broad,0.9747191011235955,3.0
second_war,179,2026-03-08 07:38:00,2026-03-08 07:38:00,2026-03-08,8,7.633333333333333,0.0,0.18333333333333332,1,1,1,localized,0.0,
second_war,180,2026-03-08 08:55:00,2026-03-08 08:56:00,2026-03-08,8,8.916666666666666,1.0,1.2833333333333334,4,4,2,localized,0.0,
second_war,181,2026-03-08 12:05:00,2026-03-08 12:05:00,2026-03-08,8,12.083333333333334,0.0,3.1666666666666665,1,1,1,localized,0.0,
second_war,182,2026-03-08 12:31:00,2026-03-08 12:32:00,2026-03-08,8,12.516666666666667,1.0,0.43333333333333335,11,11,2,localized,0.0,
second_war,183,2026-03-08 13:32:00,2026-03-08 13:33:00,2026-03-08,8,13.533333333333333,1.0,1.0166666666666666,8,8,2,localized,0.0,
second_war,184,2026-03-08 13:49:00,2026-03-08 13:52:00,2026-03-08,8,13.816666666666666,3.0,0.2833333333333333,181,181,4,broad,1.0,6.0
second_war,185,2026-03-08 14:03:00,2026-03-08 14:03:00,2026-03-08,8,14.05,0.0,0.23333333333333334,7,7,1,localized,0.0,
second_war,186,2026-03-08 14:25:00,2026-03-08 14:27:00,2026-03-08,8,14.416666666666666,2.0,0.36666666666666664,256,256,3,broad,0.96875,4.0
second_war,187,2026-03-08 14:47:00,2026-03-08 14:47:00,2026-03-08,8,14.783333333333333,0.0,0.36666666666666664,1,1,1,localized,0.0,
second_war,188,2026-03-08 15:01:00,2026-03-08 15:02:00,2026-03-08,8,15.016666666666667,1.0,0.23333333333333334,5,5,2,localized,0.0,
second_war,189,2026-03-08 16:31:00,2026-03-08 16:31:00,2026-03-08,8,16.516666666666666,0.0,1.5,1,1,1,localized,0.0,
second_war,190,2026-03-08 16:43:00,2026-03-08 16:46:00,2026-03-08,8,16.716666666666665,3.0,0.2,373,373,4,broad,0.9892761394101877,4.0
second_war,191,2026-03-08 17:08:00,2026-03-08 17:08:00,2026-03-08,8,17.133333333333333,0.0,0.4166666666666667,2,2,1,localized,0.0,
second_war,192,2026-03-08 17:36:00,2026-03-08 17:36:00,2026-03-08,8,17.6,0.0,0.4666666666666667,1,1,1,localized,0.0,
second_war,193,2026-03-08 18:02:00,2026-03-08 18:02:00,2026-03-08,8,18.033333333333335,0.0,0.43333333333333335,3,3,1,localized,0.0,
second_war,194,2026-03-08 18:35:00,2026-03-08 18:51:00,2026-03-08,8,18.583333333333332,16.0,0.55,518,509,9,broad,0.9960707269155207,5.0
second_war,195,2026-03-08 23:31:00,2026-03-08 23:34:00,2026-03-08,8,23.516666666666666,3.0,4.933333333333334,5,5,3,localized,0.0,
second_war,196,2026-03-09 00:41:00,2026-03-09 00:41:00,2026-03-09,9,0.6833333333333333,0.0,1.1666666666666667,1,1,1,localized,0.0,
second_war,197,2026-03-09 01:13:00,2026-03-09 01:13:00,2026-03-09,9,1.2166666666666668,0.0,0.5333333333333333,105,105,1,broad,1.0,4.0
second_war,198,2026-03-09 01:23:00,2026-03-09 01:23:00,2026-03-09,9,1.3833333333333333,0.0,0.16666666666666666,4,4,1,localized,1.0,14.0
second_war,199,2026-03-09 01:35:00,2026-03-09 01:47:00,2026-03-09,9,1.5833333333333335,12.0,0.2,419,419,6,broad,1.0,4.0
second_war,200,2026-03-09 04:01:00,2026-03-09 04:02:00,2026-03-09,9,4.016666666666667,1.0,2.433333333333333,272,272,2,broad,1.0,4.0
second_war,201,2026-03-09 05:46:00,2026-03-09 05:46:00,2026-03-09,9,5.766666666666667,0.0,1.75,3,3,1,localized,0.0,
second_war,202,2026-03-09 06:30:00,2026-03-09 06:30:00,2026-03-09,9,6.5,0.0,0.7333333333333333,1,1,1,localized,0.0,
second_war,203,2026-03-09 08:15:00,2026-03-09 08:16:00,2026-03-09,9,8.25,1.0,1.75,211,211,2,broad,1.0,8.0
second_war,204,2026-03-09 09:42:00,2026-03-09 09:42:00,2026-03-09,9,9.7,0.0,1.45,1,1,1,localized,0.0,
second_war,205,2026-03-09 10:19:00,2026-03-09 10:21:00,2026-03-09,9,10.316666666666666,2.0,0.6166666666666667,584,584,3,broad,0.7243150684931506,8.0
second_war,206,2026-03-09 10:36:00,2026-03-09 10:44:00,2026-03-09,9,10.6,8.0,0.2833333333333333,198,198,4,broad,1.0,7.0
second_war,207,2026-03-09 11:15:00,2026-03-09 11:16:00,2026-03-09,9,11.25,1.0,0.65,238,238,2,broad,1.0,7.0
second_war,208,2026-03-09 11:45:00,2026-03-09 11:45:00,2026-03-09,9,11.75,0.0,0.5,2,2,1,localized,0.0,
second_war,209,2026-03-09 12:17:00,2026-03-09 12:18:00,2026-03-09,9,12.283333333333333,1.0,0.5333333333333333,7,7,2,localized,0.0,
second_war,210,2026-03-09 12:47:00,2026-03-09 12:47:00,2026-03-09,9,12.783333333333333,0.0,0.5,1,1,1,localized,0.0,
second_war,211,2026-03-09 14:53:00,2026-03-09 14:54:00,2026-03-09,9,14.883333333333333,1.0,2.1,4,4,2,localized,0.0,
second_war,212,2026-03-09 15:44:00,2026-03-09 15:50:00,2026-03-09,9,15.733333333333333,6.0,0.85,2,1,2,localized,0.0,
second_war,213,2026-03-09 16:28:00,2026-03-09 16:36:00,2026-03-09,9,16.466666666666665,8.0,0.7333333333333333,217,217,3,broad,0.9861751152073732,4.0
second_war,214,2026-03-09 17:01:00,2026-03-09 17:03:00,2026-03-09,9,17.016666666666666,2.0,0.55,41,41,3,broad,0.6829268292682927,31.0
second_war,215,2026-03-09 17:21:00,2026-03-09 17:21:00,2026-03-09,9,17.35,0.0,0.3333333333333333,2,2,1,localized,0.0,
second_war,216,2026-03-09 17:49:00,2026-03-09 17:50:00,2026-03-09,9,17.816666666666666,1.0,0.4666666666666667,7,7,2,localized,1.0,3.0
second_war,217,2026-03-09 18:31:00,2026-03-09 18:31:00,2026-03-09,9,18.516666666666666,0.0,0.7,1,1,1,localized,0.0,
second_war,218,2026-03-09 19:27:00,2026-03-09 19:27:00,2026-03-09,9,19.45,0.0,0.9333333333333333,2,2,1,localized,0.0,
second_war,219,2026-03-09 20:58:00,2026-03-09 21:00:00,2026-03-09,9,20.966666666666665,2.0,1.5166666666666666,30,30,2,broad,1.0,6.0
second_war,220,2026-03-09 21:37:00,2026-03-09 21:41:00,2026-03-09,9,21.616666666666667,4.0,0.65,175,175,3,broad,1.0,5.0
second_war,221,2026-03-09 23:30:00,2026-03-09 23:30:00,2026-03-09,9,23.5,0.0,1.8833333333333333,3,3,1,localized,0.0,
second_war,222,2026-03-09 23:59:00,2026-03-10 00:08:00,2026-03-09,9,23.983333333333334,9.0,0.48333333333333334,612,269,6,broad,1.0,6.0
second_war,223,2026-03-10 00:36:00,2026-03-10 00:36:00,2026-03-10,10,0.6,0.0,0.6166666666666667,22,22,1,localized,1.0,43.0
second_war,224,2026-03-10 00:58:00,2026-03-10 00:58:00,2026-03-10,10,0.9666666666666667,0.0,0.36666666666666664,1,1,1,localized,0.0,
second_war,225,2026-03-10 01:37:00,2026-03-10 01:45:00,2026-03-10,10,1.6166666666666667,8.0,0.65,3,3,2,localized,0.0,
second_war,226,2026-03-10 01:54:00,2026-03-10 01:54:00,2026-03-10,10,1.9,0.0,0.2833333333333333,3,3,1,localized,0.0,
second_war,227,2026-03-10 02:42:00,2026-03-10 02:42:00,2026-03-10,10,2.7,0.0,0.8,9,9,1,localized,0.0,
second_war,228,2026-03-10 03:50:00,2026-03-10 03:55:00,2026-03-10,10,3.8333333333333335,5.0,1.1333333333333333,2,2,2,localized,0.0,
second_war,229,2026-03-10 07:13:00,2026-03-10 07:13:00,2026-03-10,10,7.216666666666667,0.0,3.3833333333333333,3,3,1,localized,0.0,
second_war,230,2026-03-10 09:59:00,2026-03-10 10:02:00,2026-03-10,10,9.983333333333333,3.0,2.7666666666666666,469,316,4,broad,1.0,6.0
second_war,231,2026-03-10 13:29:00,2026-03-10 13:40:00,2026-03-10,10,13.483333333333333,11.0,3.5,423,417,7,broad,0.8249400479616307,9.0
second_war,232,2026-03-10 14:27:00,2026-03-10 14:29:00,2026-03-10,10,14.45,2.0,0.9666666666666667,495,495,3,broad,1.0,7.0
second_war,233,2026-03-10 14:47:00,2026-03-10 14:49:00,2026-03-10,10,14.783333333333333,2.0,0.3333333333333333,455,350,3,broad,1.0,6.0
second_war,234,2026-03-10 15:10:00,2026-03-10 15:16:00,2026-03-10,10,15.166666666666666,6.0,0.38333333333333336,2,2,2,localized,1.0,32.0
second_war,235,2026-03-10 15:35:00,2026-03-10 15:35:00,2026-03-10,10,15.583333333333334,0.0,0.4166666666666667,1,1,1,localized,1.0,54.0
second_war,236,2026-03-10 16:31:00,2026-03-10 16:39:00,2026-03-10,10,16.516666666666666,8.0,0.9333333333333333,19,19,2,localized,0.0,
second_war,237,2026-03-10 17:12:00,2026-03-10 17:15:00,2026-03-10,10,17.2,3.0,0.6833333333333333,245,245,4,broad,0.8530612244897959,4.0
second_war,238,2026-03-10 17:43:00,2026-03-10 17:43:00,2026-03-10,10,17.716666666666665,0.0,0.5166666666666667,1,1,1,localized,0.0,
second_war,239,2026-03-10 18:29:00,2026-03-10 18:29:00,2026-03-10,10,18.483333333333334,0.0,0.7666666666666667,1,1,1,localized,0.0,
second_war,240,2026-03-10 19:30:00,2026-03-10 19:30:00,2026-03-10,10,19.5,0.0,1.0166666666666666,2,2,1,localized,0.0,
second_war,241,2026-03-10 19:48:00,2026-03-10 19:50:00,2026-03-10,10,19.8,2.0,0.3,289,184,3,broad,1.0,5.0
second_war,242,2026-03-10 20:08:00,2026-03-10 20:08:00,2026-03-10,10,20.133333333333333,0.0,0.3333333333333333,2,2,1,localized,0.0,
second_war,243,2026-03-10 21:07:00,2026-03-10 21:15:00,2026-03-10,10,21.116666666666667,8.0,0.9833333333333333,2,1,2,localized,0.0,
second_war,244,2026-03-10 23:36:00,2026-03-10 23:38:00,2026-03-10,10,23.6,2.0,2.4833333333333334,372,318,3,broad,0.9874213836477987,4.0
second_war,245,2026-03-11 00:55:00,2026-03-11 00:57:00,2026-03-11,11,0.9166666666666666,2.0,1.3166666666666667,166,165,3,broad,0.9393939393939394,6.0
second_war,246,2026-03-11 01:08:00,2026-03-11 01:17:00,2026-03-11,11,1.1333333333333333,9.0,0.21666666666666667,422,320,7,broad,1.0,6.0
second_war,247,2026-03-11 01:38:00,2026-03-11 01:38:00,2026-03-11,11,1.6333333333333333,0.0,0.5,1,1,1,localized,1.0,29.0
second_war,248,2026-03-11 03:47:00,2026-03-11 03:50:00,2026-03-11,11,3.783333333333333,3.0,2.15,434,287,4,broad,1.0,7.0
second_war,249,2026-03-11 04:19:00,2026-03-11 04:19:00,2026-03-11,11,4.316666666666666,0.0,0.5333333333333333,1,1,1,localized,0.0,
second_war,250,2026-03-11 04:38:00,2026-03-11 04:40:00,2026-03-11,11,4.633333333333333,2.0,0.31666666666666665,150,150,3,broad,1.0,6.0
second_war,251,2026-03-11 13:48:00,2026-03-11 13:53:00,2026-03-11,11,13.8,5.0,9.166666666666666,368,343,5,broad,1.0,7.0
second_war,252,2026-03-11 14:39:00,2026-03-11 14:39:00,2026-03-11,11,14.65,0.0,0.85,1,1,1,localized,1.0,53.0
second_war,253,2026-03-11 17:43:00,2026-03-11 17:43:00,2026-03-11,11,17.716666666666665,0.0,3.066666666666667,1,1,1,localized,0.0,
second_war,254,2026-03-11 19:46:00,2026-03-11 20:04:00,2026-03-11,11,19.766666666666666,18.0,2.05,505,500,10,broad,0.678,7.0
second_war,255,2026-03-11 20:17:00,2026-03-11 20:20:00,2026-03-11,11,20.283333333333335,3.0,0.5166666666666667,215,215,4,broad,1.0,7.0
second_war,256,2026-03-11 20:35:00,2026-03-11 20:38:00,2026-03-11,11,20.583333333333332,3.0,0.3,6,6,2,localized,1.0,26.5
second_war,257,2026-03-11 20:47:00,2026-03-11 21:04:00,2026-03-11,11,20.783333333333335,17.0,0.2,119,119,6,broad,0.9747899159663865,7.0
second_war,258,2026-03-11 21:28:00,2026-03-11 21:28:00,2026-03-11,11,21.466666666666665,0.0,0.6833333333333333,2,2,1,localized,0.0,
second_war,259,2026-03-11 21:39:00,2026-03-11 21:39:00,2026-03-11,11,21.65,0.0,0.18333333333333332,1,1,1,localized,0.0,
second_war,260,2026-03-11 22:03:00,2026-03-11 22:03:00,2026-03-11,11,22.05,0.0,0.4,1,1,1,localized,0.0,
second_war,261,2026-03-11 22:34:00,2026-03-11 22:39:00,2026-03-11,11,22.566666666666666,5.0,0.5166666666666667,91,91,3,broad,0.0,
second_war,262,2026-03-11 23:12:00,2026-03-11 23:13:00,2026-03-11,11,23.2,1.0,0.6333333333333333,7,7,2,localized,0.0,
second_war,263,2026-03-12 00:26:00,2026-03-12 00:36:00,2026-03-12,12,0.43333333333333335,10.0,1.2333333333333334,268,268,6,broad,0.8955223880597015,5.0
second_war,264,2026-03-12 00:57:00,2026-03-12 00:58:00,2026-03-12,12,0.95,1.0,0.5166666666666667,28,28,2,broad,0.0,
second_war,265,2026-03-12 04:05:00,2026-03-12 04:17:00,2026-03-12,12,4.083333333333333,12.0,3.1333333333333333,272,272,6,broad,1.0,5.0
second_war,266,2026-03-12 06:35:00,2026-03-12 06:36:00,2026-03-12,12,6.583333333333333,1.0,2.5,261,261,2,broad,1.0,7.0
second_war,267,2026-03-12 09:26:00,2026-03-12 09:27:00,2026-03-12,12,9.433333333333334,1.0,2.85,174,174,2,broad,0.9425287356321839,4.0
second_war,268,2026-03-12 12:27:00,2026-03-12 12:27:00,2026-03-12,12,12.45,0.0,3.0166666666666666,1,1,1,localized,0.0,
second_war,269,2026-03-12 13:20:00,2026-03-12 13:30:00,2026-03-12,12,13.333333333333334,10.0,0.8833333333333333,6,6,4,localized,0.0,
second_war,270,2026-03-12 14:27:00,2026-03-12 14:27:00,2026-03-12,12,14.45,0.0,1.1166666666666667,1,1,1,localized,0.0,
second_war,271,2026-03-12 14:54:00,2026-03-12 15:05:00,2026-03-12,12,14.9,11.0,0.45,269,269,5,broad,0.9479553903345725,6.0
second_war,272,2026-03-12 15:29:00,2026-03-12 15:37:00,2026-03-12,12,15.483333333333333,8.0,0.5833333333333334,21,21,3,localized,0.0,
second_war,273,2026-03-12 17:09:00,2026-03-12 17:09:00,2026-03-12,12,17.15,0.0,1.6666666666666667,2,2,1,localized,0.0,
second_war,274,2026-03-12 18:23:00,2026-03-12 18:23:00,2026-03-12,12,18.383333333333333,0.0,1.2333333333333334,1,1,1,localized,0.0,
second_war,275,2026-03-12 19:57:00,2026-03-12 19:57:00,2026-03-12,12,19.95,0.0,1.5666666666666667,1,1,1,localized,0.0,
second_war,276,2026-03-12 20:16:00,2026-03-12 20:16:00,2026-03-12,12,20.266666666666666,0.0,0.31666666666666665,1,1,1,localized,0.0,
second_war,277,2026-03-12 20:28:00,2026-03-12 20:28:00,2026-03-12,12,20.466666666666665,0.0,0.2,1,1,1,localized,0.0,
second_war,278,2026-03-12 21:25:00,2026-03-12 21:25:00,2026-03-12,12,21.416666666666668,0.0,0.95,4,4,1,localized,0.0,
second_war,279,2026-03-12 21:43:00,2026-03-12 21:43:00,2026-03-12,12,21.716666666666665,0.0,0.3,148,148,1,broad,1.0,4.0
second_war,280,2026-03-12 22:23:00,2026-03-12 22:23:00,2026-03-12,12,22.383333333333333,0.0,0.6666666666666666,3,3,1,localized,0.0,
second_war,281,2026-03-13 00:21:00,2026-03-13 00:21:00,2026-03-13,13,0.35,0.0,1.9666666666666666,3,3,1,localized,0.0,
second_war,282,2026-03-13 01:53:00,2026-03-13 01:55:00,2026-03-13,13,1.8833333333333333,2.0,1.5333333333333334,212,212,3,broad,1.0,7.0
second_war,283,2026-03-13 02:23:00,2026-03-13 02:39:00,2026-03-13,13,2.3833333333333333,16.0,0.5,346,268,6,broad,1.0,6.0
second_war,284,2026-03-13 03:21:00,2026-03-13 03:21:00,2026-03-13,13,3.35,0.0,0.9666666666666667,1,1,1,localized,1.0,49.0
second_war,285,2026-03-13 06:06:00,2026-03-13 06:06:00,2026-03-13,13,6.1,0.0,2.75,1,1,1,localized,0.0,
second_war,286,2026-03-13 08:07:00,2026-03-13 08:07:00,2026-03-13,13,8.116666666666667,0.0,2.0166666666666666,3,3,1,localized,1.0,7.0
second_war,287,2026-03-13 10:49:00,2026-03-13 10:49:00,2026-03-13,13,10.816666666666666,0.0,2.7,3,3,1,localized,0.0,
second_war,288,2026-03-13 11:55:00,2026-03-13 11:55:00,2026-03-13,13,11.916666666666666,0.0,1.1,2,2,1,localized,0.0,
second_war,289,2026-03-13 12:09:00,2026-03-13 12:10:00,2026-03-13,13,12.15,1.0,0.23333333333333334,11,11,2,localized,0.0,
second_war,290,2026-03-13 12:32:00,2026-03-13 12:32:00,2026-03-13,13,12.533333333333333,0.0,0.38333333333333336,11,11,1,localized,0.0,
second_war,291,2026-03-13 12:57:00,2026-03-13 12:57:00,2026-03-13,13,12.95,0.0,0.4166666666666667,1,1,1,localized,0.0,
second_war,292,2026-03-13 13:34:00,2026-03-13 13:39:00,2026-03-13,13,13.566666666666666,5.0,0.6166666666666667,256,256,3,broad,0.98046875,7.0
second_war,293,2026-03-13 14:30:00,2026-03-13 14:30:00,2026-03-13,13,14.5,0.0,0.9333333333333333,2,2,1,localized,0.0,
second_war,294,2026-03-13 14:56:00,2026-03-13 14:56:00,2026-03-13,13,14.933333333333334,0.0,0.43333333333333335,1,1,1,localized,0.0,
second_war,295,2026-03-13 15:10:00,2026-03-13 15:10:00,2026-03-13,13,15.166666666666666,0.0,0.23333333333333334,1,1,1,localized,0.0,
second_war,296,2026-03-13 15:27:00,2026-03-13 15:27:00,2026-03-13,13,15.45,0.0,0.2833333333333333,2,2,1,localized,0.0,
second_war,297,2026-03-13 16:55:00,2026-03-13 16:55:00,2026-03-13,13,16.916666666666668,0.0,1.4666666666666666,1,1,1,localized,0.0,
second_war,298,2026-03-13 17:05:00,2026-03-13 17:07:00,2026-03-13,13,17.083333333333332,2.0,0.16666666666666666,185,185,3,broad,0.2918918918918919,6.0
second_war,299,2026-03-13 17:30:00,2026-03-13 17:42:00,2026-03-13,13,17.5,12.0,0.4166666666666667,8,8,5,localized,0.0,
second_war,300,2026-03-13 18:45:00,2026-03-13 18:45:00,2026-03-13,13,18.75,0.0,1.25,1,1,1,localized,0.0,
second_war,301,2026-03-13 19:32:00,2026-03-13 19:34:00,2026-03-13,13,19.533333333333335,2.0,0.7833333333333333,301,301,3,broad,1.0,6.0
second_war,302,2026-03-13 21:20:00,2026-03-13 21:20:00,2026-03-13,13,21.333333333333332,0.0,1.8,1,1,1,localized,0.0,
second_war,303,2026-03-13 21:34:00,2026-03-13 21:34:00,2026-03-13,13,21.566666666666666,0.0,0.23333333333333334,1,1,1,localized,0.0,
second_war,304,2026-03-13 23:15:00,2026-03-13 23:24:00,2026-03-13,13,23.25,9.0,1.6833333333333333,377,377,5,broad,0.870026525198939,7.0
second_war,305,2026-03-14 02:26:00,2026-03-14 02:36:00,2026-03-14,14,2.4333333333333336,10.0,3.183333333333333,248,200,7,broad,1.0,4.0
second_war,306,2026-03-14 03:46:00,2026-03-14 03:46:00,2026-03-14,14,3.7666666666666666,0.0,1.3333333333333333,1,1,1,localized,0.0,
second_war,307,2026-03-14 04:22:00,2026-03-14 04:22:00,2026-03-14,14,4.366666666666666,0.0,0.6,3,3,1,localized,0.0,
second_war,308,2026-03-14 04:44:00,2026-03-14 04:44:00,2026-03-14,14,4.733333333333333,0.0,0.36666666666666664,2,2,1,localized,0.0,
second_war,309,2026-03-14 05:12:00,2026-03-14 05:12:00,2026-03-14,14,5.2,0.0,0.4666666666666667,1,1,1,localized,0.0,
second_war,310,2026-03-14 07:56:00,2026-03-14 07:56:00,2026-03-14,14,7.933333333333334,0.0,2.7333333333333334,1,1,1,localized,0.0,
second_war,311,2026-03-14 08:47:00,2026-03-14 08:47:00,2026-03-14,14,8.783333333333333,0.0,0.85,3,3,1,localized,0.0,
second_war,312,2026-03-14 09:56:00,2026-03-14 09:56:00,2026-03-14,14,9.933333333333334,0.0,1.15,2,2,1,localized,0.0,
second_war,313,2026-03-14 10:16:00,2026-03-14 10:17:00,2026-03-14,14,10.266666666666667,1.0,0.3333333333333333,7,7,2,localized,0.0,
second_war,314,2026-03-14 12:02:00,2026-03-14 12:04:00,2026-03-14,14,12.033333333333333,2.0,1.7666666666666666,8,8,2,localized,0.0,
second_war,315,2026-03-14 12:28:00,2026-03-14 12:28:00,2026-03-14,14,12.466666666666667,0.0,0.43333333333333335,1,1,1,localized,0.0,
second_war,316,2026-03-14 12:47:00,2026-03-14 12:47:00,2026-03-14,14,12.783333333333333,0.0,0.31666666666666665,3,3,1,localized,1.0,7.0
second_war,317,2026-03-14 13:40:00,2026-03-14 13:46:00,2026-03-14,14,13.666666666666666,6.0,0.8833333333333333,9,9,3,localized,0.0,
second_war,318,2026-03-14 14:05:00,2026-03-14 14:05:00,2026-03-14,14,14.083333333333334,0.0,0.4166666666666667,2,2,1,localized,0.0,
second_war,319,2026-03-14 14:43:00,2026-03-14 14:45:00,2026-03-14,14,14.716666666666667,2.0,0.6333333333333333,142,142,3,broad,1.0,4.0
second_war,320,2026-03-14 15:02:00,2026-03-14 15:14:00,2026-03-14,14,15.033333333333333,12.0,0.31666666666666665,134,134,6,broad,0.9925373134328358,6.0
second_war,321,2026-03-14 15:31:00,2026-03-14 15:38:00,2026-03-14,14,15.516666666666667,7.0,0.48333333333333334,3,3,2,localized,0.0,
second_war,322,2026-03-14 15:59:00,2026-03-14 16:07:00,2026-03-14,14,15.983333333333333,8.0,0.4666666666666667,11,7,5,localized,0.0,
second_war,323,2026-03-14 16:29:00,2026-03-14 16:38:00,2026-03-14,14,16.483333333333334,9.0,0.5,407,394,8,broad,1.0,5.0
second_war,324,2026-03-14 17:00:00,2026-03-14 17:02:00,2026-03-14,14,17.0,2.0,0.5166666666666667,9,9,3,localized,0.0,
second_war,325,2026-03-14 17:30:00,2026-03-14 17:30:00,2026-03-14,14,17.5,0.0,0.5,2,2,1,localized,0.0,
second_war,326,2026-03-14 17:56:00,2026-03-14 18:03:00,2026-03-14,14,17.933333333333334,7.0,0.43333333333333335,7,6,4,localized,0.0,
second_war,327,2026-03-14 18:44:00,2026-03-14 18:44:00,2026-03-14,14,18.733333333333334,0.0,0.8,3,3,1,localized,0.0,
second_war,328,2026-03-14 19:12:00,2026-03-14 19:14:00,2026-03-14,14,19.2,2.0,0.4666666666666667,65,65,2,broad,0.9692307692307692,4.0
second_war,329,2026-03-14 21:16:00,2026-03-14 21:18:00,2026-03-14,14,21.266666666666666,2.0,2.066666666666667,3,3,2,localized,0.0,
second_war,330,2026-03-14 21:28:00,2026-03-14 21:28:00,2026-03-14,14,21.466666666666665,0.0,0.2,1,1,1,localized,0.0,
second_war,331,2026-03-14 22:21:00,2026-03-14 22:24:00,2026-03-14,14,22.35,3.0,0.8833333333333333,7,7,2,localized,0.0,
second_war,332,2026-03-15 01:21:00,2026-03-15 01:21:00,2026-03-15,15,1.35,0.0,3.0,3,3,1,localized,1.0,6.0
second_war,333,2026-03-15 02:21:00,2026-03-15 02:35:00,2026-03-15,15,2.35,14.0,1.0,510,307,8,broad,0.9413680781758957,7.0
second_war,334,2026-03-15 02:59:00,2026-03-15 03:05:00,2026-03-15,15,2.9833333333333334,6.0,0.6333333333333333,2,2,2,localized,0.0,
second_war,335,2026-03-15 05:38:00,2026-03-15 05:39:00,2026-03-15,15,5.633333333333333,1.0,2.65,137,137,2,broad,1.0,4.0
second_war,336,2026-03-15 06:20:00,2026-03-15 06:31:00,2026-03-15,15,6.333333333333333,11.0,0.7,224,224,5,broad,0.9776785714285714,56.0
second_war,337,2026-03-15 06:43:00,2026-03-15 06:46:00,2026-03-15,15,6.716666666666667,3.0,0.38333333333333336,67,67,3,broad,0.8656716417910447,5.0
second_war,338,2026-03-15 08:19:00,2026-03-15 08:21:00,2026-03-15,15,8.316666666666666,2.0,1.6,33,33,3,broad,0.9090909090909091,4.0
second_war,339,2026-03-15 08:38:00,2026-03-15 08:40:00,2026-03-15,15,8.633333333333333,2.0,0.31666666666666665,61,61,3,broad,0.819672131147541,5.0
second_war,340,2026-03-15 08:54:00,2026-03-15 09:00:00,2026-03-15,15,8.9,6.0,0.26666666666666666,15,15,3,localized,0.4666666666666667,43.0
second_war,341,2026-03-15 09:27:00,2026-03-15 09:27:00,2026-03-15,15,9.45,0.0,0.55,8,8,1,localized,0.0,
second_war,342,2026-03-15 11:40:00,2026-03-15 11:40:00,2026-03-15,15,11.666666666666666,0.0,2.216666666666667,3,3,1,localized,1.0,5.0
second_war,343,2026-03-15 11:49:00,2026-03-15 11:51:00,2026-03-15,15,11.816666666666666,2.0,0.15,198,198,3,broad,1.0,6.0
second_war,344,2026-03-15 12:00:00,2026-03-15 12:00:00,2026-03-15,15,12.0,0.0,0.18333333333333332,13,13,1,localized,0.0,
second_war,345,2026-03-15 12:27:00,2026-03-15 12:27:00,2026-03-15,15,12.45,0.0,0.45,1,1,1,localized,0.0,
second_war,346,2026-03-15 12:37:00,2026-03-15 12:37:00,2026-03-15,15,12.616666666666667,0.0,0.16666666666666666,1,1,1,localized,0.0,
second_war,347,2026-03-15 13:10:00,2026-03-15 13:21:00,2026-03-15,15,13.166666666666666,11.0,0.55,147,145,5,broad,0.9793103448275862,5.0
second_war,348,2026-03-15 13:46:00,2026-03-15 13:46:00,2026-03-15,15,13.766666666666667,0.0,0.6,1,1,1,localized,0.0,
second_war,349,2026-03-15 13:57:00,2026-03-15 13:57:00,2026-03-15,15,13.95,0.0,0.18333333333333332,1,1,1,localized,0.0,
second_war,350,2026-03-15 14:18:00,2026-03-15 14:18:00,2026-03-15,15,14.3,0.0,0.35,4,4,1,localized,0.0,
second_war,351,2026-03-15 15:43:00,2026-03-15 15:43:00,2026-03-15,15,15.716666666666667,0.0,1.4166666666666667,3,3,1,localized,0.0,
second_war,352,2026-03-15 17:05:00,2026-03-15 17:06:00,2026-03-15,15,17.083333333333332,1.0,1.3666666666666667,4,4,2,localized,0.0,
second_war,353,2026-03-15 17:59:00,2026-03-15 18:11:00,2026-03-15,15,17.983333333333334,12.0,0.9,13,13,4,localized,0.0,
second_war,354,2026-03-15 19:03:00,2026-03-15 19:03:00,2026-03-15,15,19.05,0.0,1.0666666666666667,3,3,1,localized,0.0,
second_war,355,2026-03-15 21:48:00,2026-03-15 21:48:00,2026-03-15,15,21.8,0.0,2.75,1,1,1,localized,0.0,
second_war,356,2026-03-15 22:25:00,2026-03-15 22:25:00,2026-03-15,15,22.416666666666668,0.0,0.6166666666666667,1,1,1,localized,0.0,
second_war,357,2026-03-15 22:58:00,2026-03-15 22:58:00,2026-03-15,15,22.966666666666665,0.0,0.55,2,2,1,localized,0.0,
second_war,358,2026-03-16 00:34:00,2026-03-16 00:34:00,2026-03-16,16,0.5666666666666667,0.0,1.6,1,1,1,localized,0.0,
second_war,359,2026-03-16 01:30:00,2026-03-16 01:31:00,2026-03-16,16,1.5,1.0,0.9333333333333333,92,92,2,broad,1.0,4.0
second_war,360,2026-03-16 02:28:00,2026-03-16 02:31:00,2026-03-16,16,2.466666666666667,3.0,0.9666666666666667,4,4,2,localized,0.0,
second_war,361,2026-03-16 02:40:00,2026-03-16 02:49:00,2026-03-16,16,2.6666666666666665,9.0,0.2,148,76,6,broad,1.0,5.0
second_war,362,2026-03-16 05:34:00,2026-03-16 05:36:00,2026-03-16,16,5.566666666666666,2.0,2.9,6,6,2,localized,0.0,
second_war,363,2026-03-16 09:51:00,2026-03-16 09:51:00,2026-03-16,16,9.85,0.0,4.283333333333333,3,3,1,localized,0.0,
second_war,364,2026-03-16 10:06:00,2026-03-16 10:07:00,2026-03-16,16,10.1,1.0,0.25,321,321,2,broad,0.7725856697819314,4.0
second_war,365,2026-03-16 10:49:00,2026-03-16 10:49:00,2026-03-16,16,10.816666666666666,0.0,0.7166666666666667,1,1,1,localized,0.0,
second_war,366,2026-03-16 11:46:00,2026-03-16 11:46:00,2026-03-16,16,11.766666666666667,0.0,0.95,1,1,1,localized,0.0,
second_war,367,2026-03-16 12:05:00,2026-03-16 12:16:00,2026-03-16,16,12.083333333333334,11.0,0.31666666666666665,622,568,8,broad,0.9190140845070423,6.0
second_war,368,2026-03-16 12:38:00,2026-03-16 12:38:00,2026-03-16,16,12.633333333333333,0.0,0.55,1,1,1,localized,1.0,31.0
second_war,369,2026-03-16 13:50:00,2026-03-16 13:50:00,2026-03-16,16,13.833333333333334,0.0,1.2,1,1,1,localized,0.0,
second_war,370,2026-03-16 14:21:00,2026-03-16 14:21:00,2026-03-16,16,14.35,0.0,0.5166666666666667,3,3,1,localized,0.0,
second_war,371,2026-03-16 14:39:00,2026-03-16 14:39:00,2026-03-16,16,14.65,0.0,0.3,1,1,1,localized,0.0,
second_war,372,2026-03-16 15:04:00,2026-03-16 15:06:00,2026-03-16,16,15.066666666666666,2.0,0.4166666666666667,231,231,3,broad,0.9177489177489178,5.0
second_war,373,2026-03-16 16:01:00,2026-03-16 16:01:00,2026-03-16,16,16.016666666666666,0.0,0.95,3,3,1,localized,0.0,
second_war,374,2026-03-16 16:22:00,2026-03-16 16:22:00,2026-03-16,16,16.366666666666667,0.0,0.35,1,1,1,localized,0.0,
second_war,375,2026-03-16 16:46:00,2026-03-16 16:49:00,2026-03-16,16,16.766666666666666,3.0,0.4,5,3,3,localized,0.0,
second_war,376,2026-03-16 17:11:00,2026-03-16 17:13:00,2026-03-16,16,17.183333333333334,2.0,0.4166666666666667,2,2,2,localized,0.0,
second_war,377,2026-03-16 18:11:00,2026-03-16 18:19:00,2026-03-16,16,18.183333333333334,8.0,1.0,28,26,4,broad,0.0,
second_war,378,2026-03-16 21:02:00,2026-03-16 21:09:00,2026-03-16,16,21.033333333333335,7.0,2.85,418,355,4,broad,0.9605633802816902,3.0
second_war,379,2026-03-16 22:00:00,2026-03-16 22:08:00,2026-03-16,16,22.0,8.0,0.9666666666666667,7,6,3,localized,0.0,
second_war,380,2026-03-16 22:20:00,2026-03-16 22:22:00,2026-03-16,16,22.333333333333332,2.0,0.3333333333333333,186,186,3,broad,0.9301075268817204,3.0
second_war,381,2026-03-17 01:03:00,2026-03-17 01:04:00,2026-03-17,17,1.05,1.0,2.716666666666667,19,19,2,localized,1.0,3.0
second_war,382,2026-03-17 03:35:00,2026-03-17 03:37:00,2026-03-17,17,3.5833333333333335,2.0,2.533333333333333,335,335,3,broad,0.9104477611940298,6.0
second_war,383,2026-03-17 04:40:00,2026-03-17 04:40:00,2026-03-17,17,4.666666666666667,0.0,1.0833333333333333,4,4,1,localized,0.0,
second_war,384,2026-03-17 05:12:00,2026-03-17 05:12:00,2026-03-17,17,5.2,0.0,0.5333333333333333,1,1,1,localized,0.0,
second_war,385,2026-03-17 06:17:00,2026-03-17 06:17:00,2026-03-17,17,6.283333333333333,0.0,1.0833333333333333,1,1,1,localized,0.0,
second_war,386,2026-03-17 08:30:00,2026-03-17 08:31:00,2026-03-17,17,8.5,1.0,2.216666666666667,12,12,2,localized,0.0,
second_war,387,2026-03-17 08:46:00,2026-03-17 08:47:00,2026-03-17,17,8.766666666666667,1.0,0.26666666666666666,5,5,2,localized,0.0,
second_war,388,2026-03-17 09:36:00,2026-03-17 09:36:00,2026-03-17,17,9.6,0.0,0.8333333333333334,1,1,1,localized,0.0,
second_war,389,2026-03-17 11:50:00,2026-03-17 11:50:00,2026-03-17,17,11.833333333333334,0.0,2.2333333333333334,18,18,1,localized,1.0,5.0
second_war,390,2026-03-17 12:36:00,2026-03-17 12:38:00,2026-03-17,17,12.6,2.0,0.7666666666666667,173,173,3,broad,1.0,5.0
second_war,391,2026-03-17 13:56:00,2026-03-17 13:58:00,2026-03-17,17,13.933333333333334,2.0,1.3333333333333333,135,135,3,broad,1.0,5.0
second_war,392,2026-03-17 15:29:00,2026-03-17 15:31:00,2026-03-17,17,15.483333333333333,2.0,1.55,166,166,3,broad,0.9939759036144579,5.0
second_war,393,2026-03-17 17:44:00,2026-03-17 17:46:00,2026-03-17,17,17.733333333333334,2.0,2.25,597,597,3,broad,0.9011725293132329,5.0
second_war,394,2026-03-17 18:09:00,2026-03-17 18:11:00,2026-03-17,17,18.15,2.0,0.4166666666666667,130,130,3,broad,1.0,6.0
second_war,395,2026-03-17 20:29:00,2026-03-17 20:38:00,2026-03-17,17,20.483333333333334,9.0,2.3333333333333335,123,121,5,broad,0.0,
second_war,396,2026-03-17 20:47:00,2026-03-17 21:15:00,2026-03-17,17,20.783333333333335,28.0,0.3,21,19,7,localized,0.0,
second_war,397,2026-03-17 21:32:00,2026-03-17 21:32:00,2026-03-17,17,21.533333333333335,0.0,0.75,1,1,1,localized,0.0,
second_war,398,2026-03-17 21:44:00,2026-03-17 21:46:00,2026-03-17,17,21.733333333333334,2.0,0.2,30,30,2,broad,1.0,6.0
second_war,399,2026-03-17 23:39:00,2026-03-17 23:39:00,2026-03-17,17,23.65,0.0,1.9166666666666667,1,1,1,localized,0.0,
second_war,400,2026-03-18 00:16:00,2026-03-18 00:21:00,2026-03-18,18,0.26666666666666666,5.0,0.6166666666666667,425,425,6,broad,0.9905882352941177,7.0
second_war,401,2026-03-18 00:31:00,2026-03-18 00:33:00,2026-03-18,18,0.5166666666666667,2.0,0.25,163,163,3,broad,0.9877300613496932,4.0
second_war,402,2026-03-18 01:57:00,2026-03-18 01:57:00,2026-03-18,18,1.95,0.0,1.4333333333333333,1,1,1,localized,0.0,
second_war,403,2026-03-18 03:56:00,2026-03-18 03:57:00,2026-03-18,18,3.9333333333333336,1.0,1.9833333333333334,40,40,2,broad,1.0,7.0
second_war,404,2026-03-18 04:39:00,2026-03-18 04:41:00,2026-03-18,18,4.65,2.0,0.7166666666666667,150,150,2,broad,0.9666666666666667,6.0
second_war,405,2026-03-18 07:57:00,2026-03-18 07:58:00,2026-03-18,18,7.95,1.0,3.3,170,170,2,broad,0.9882352941176471,5.0
second_war,406,2026-03-18 10:43:00,2026-03-18 10:43:00,2026-03-18,18,10.716666666666667,0.0,2.7666666666666666,2,2,1,localized,0.0,
second_war,407,2026-03-18 11:07:00,2026-03-18 11:08:00,2026-03-18,18,11.116666666666667,1.0,0.4,43,43,2,broad,1.0,4.0
second_war,408,2026-03-18 13:18:00,2026-03-18 13:19:00,2026-03-18,18,13.3,1.0,2.183333333333333,47,47,2,broad,1.0,4.0
second_war,409,2026-03-18 14:09:00,2026-03-18 14:09:00,2026-03-18,18,14.15,0.0,0.85,1,1,1,localized,1.0,55.0
second_war,410,2026-03-18 15:05:00,2026-03-18 15:05:00,2026-03-18,18,15.083333333333334,0.0,0.9333333333333333,1,1,1,localized,0.0,
second_war,411,2026-03-18 15:39:00,2026-03-18 15:40:00,2026-03-18,18,15.65,1.0,0.5666666666666667,150,150,2,broad,1.0,5.0
second_war,412,2026-03-18 16:33:00,2026-03-18 16:37:00,2026-03-18,18,16.55,4.0,0.9,3,3,3,localized,0.0,
second_war,413,2026-03-18 17:52:00,2026-03-18 17:54:00,2026-03-18,18,17.866666666666667,2.0,1.3166666666666667,165,165,3,broad,1.0,3.0
second_war,414,2026-03-18 20:13:00,2026-03-18 20:13:00,2026-03-18,18,20.216666666666665,0.0,2.35,6,6,1,localized,0.0,
second_war,415,2026-03-18 20:30:00,2026-03-18 20:57:00,2026-03-18,18,20.5,27.0,0.2833333333333333,132,130,10,broad,0.0,
second_war,416,2026-03-18 21:33:00,2026-03-18 21:38:00,2026-03-18,18,21.55,5.0,1.05,9,8,4,localized,0.0,
second_war,417,2026-03-18 21:48:00,2026-03-18 21:48:00,2026-03-18,18,21.8,0.0,0.25,4,4,1,localized,0.0,
second_war,418,2026-03-18 22:07:00,2026-03-18 22:12:00,2026-03-18,18,22.116666666666667,5.0,0.31666666666666665,104,104,5,broad,0.9615384615384616,4.0
second_war,419,2026-03-18 23:22:00,2026-03-18 23:22:00,2026-03-18,18,23.366666666666667,0.0,1.25,1,1,1,localized,0.0,
second_war,420,2026-03-18 23:35:00,2026-03-18 23:44:00,2026-03-18,18,23.583333333333332,9.0,0.21666666666666667,117,117,3,broad,0.9914529914529915,5.0
second_war,421,2026-03-18 23:58:00,2026-03-19 00:04:00,2026-03-18,18,23.966666666666665,6.0,0.38333333333333336,7,7,3,localized,0.0,
second_war,422,2026-03-19 00:44:00,2026-03-19 00:44:00,2026-03-19,19,0.7333333333333333,0.0,0.7666666666666667,1,1,1,localized,0.0,
second_war,423,2026-03-19 01:01:00,2026-03-19 01:01:00,2026-03-19,19,1.0166666666666666,0.0,0.2833333333333333,2,2,1,localized,0.0,
second_war,424,2026-03-19 02:33:00,2026-03-19 02:33:00,2026-03-19,19,2.55,0.0,1.5333333333333334,1,1,1,localized,0.0,
second_war,425,2026-03-19 03:16:00,2026-03-19 03:17:00,2026-03-19,19,3.2666666666666666,1.0,0.7166666666666667,119,119,2,broad,0.9915966386554622,5.0
second_war,426,2026-03-19 04:13:00,2026-03-19 04:13:00,2026-03-19,19,4.216666666666667,0.0,0.95,4,4,1,localized,0.0,
second_war,427,2026-03-19 04:27:00,2026-03-19 04:27:00,2026-03-19,19,4.45,0.0,0.23333333333333334,5,5,1,localized,0.0,
second_war,428,2026-03-19 04:45:00,2026-03-19 04:46:00,2026-03-19,19,4.75,1.0,0.3,53,53,2,broad,1.0,4.0
second_war,429,2026-03-19 05:23:00,2026-03-19 05:24:00,2026-03-19,19,5.383333333333334,1.0,0.6333333333333333,165,165,2,broad,1.0,4.0
second_war,430,2026-03-19 05:46:00,2026-03-19 05:50:00,2026-03-19,19,5.766666666666667,4.0,0.38333333333333336,160,160,3,broad,1.0,6.0
second_war,431,2026-03-19 06:54:00,2026-03-19 06:55:00,2026-03-19,19,6.9,1.0,1.1333333333333333,202,202,2,broad,1.0,4.0
second_war,432,2026-03-19 07:35:00,2026-03-19 07:36:00,2026-03-19,19,7.583333333333333,1.0,0.6833333333333333,177,177,2,broad,1.0,4.0
second_war,433,2026-03-19 10:02:00,2026-03-19 10:03:00,2026-03-19,19,10.033333333333333,1.0,2.45,20,20,2,localized,0.0,
second_war,434,2026-03-19 10:52:00,2026-03-19 10:54:00,2026-03-19,19,10.866666666666667,2.0,0.8333333333333334,144,144,3,broad,1.0,3.0
second_war,435,2026-03-19 11:43:00,2026-03-19 11:45:00,2026-03-19,19,11.716666666666667,2.0,0.85,177,177,3,broad,0.9943502824858758,5.0
second_war,436,2026-03-19 12:00:00,2026-03-19 12:00:00,2026-03-19,19,12.0,0.0,0.2833333333333333,3,3,1,localized,0.0,
second_war,437,2026-03-19 12:26:00,2026-03-19 12:26:00,2026-03-19,19,12.433333333333334,0.0,0.43333333333333335,3,3,1,localized,0.0,
second_war,438,2026-03-19 13:57:00,2026-03-19 13:57:00,2026-03-19,19,13.95,0.0,1.5166666666666666,2,2,1,localized,0.0,
second_war,439,2026-03-19 15:24:00,2026-03-19 15:24:00,2026-03-19,19,15.4,0.0,1.45,1,1,1,localized,0.0,
second_war,440,2026-03-19 16:07:00,2026-03-19 16:07:00,2026-03-19,19,16.116666666666667,0.0,0.7166666666666667,1,1,1,localized,0.0,
second_war,441,2026-03-19 16:30:00,2026-03-19 16:31:00,2026-03-19,19,16.5,1.0,0.38333333333333336,4,4,2,localized,0.0,
second_war,442,2026-03-19 16:42:00,2026-03-19 16:51:00,2026-03-19,19,16.7,9.0,0.2,503,355,5,broad,0.9887323943661972,6.0
second_war,443,2026-03-19 17:12:00,2026-03-19 17:13:00,2026-03-19,19,17.2,1.0,0.5,11,11,2,localized,1.0,29.0
second_war,444,2026-03-19 17:39:00,2026-03-19 17:39:00,2026-03-19,19,17.65,0.0,0.45,2,2,1,localized,0.0,
second_war,445,2026-03-19 18:48:00,2026-03-19 18:50:00,2026-03-19,19,18.8,2.0,1.15,150,150,3,broad,1.0,3.0
second_war,446,2026-03-19 19:00:00,2026-03-19 19:00:00,2026-03-19,19,19.0,0.0,0.2,1,1,1,localized,1.0,14.0
second_war,447,2026-03-19 20:32:00,2026-03-19 20:32:00,2026-03-19,19,20.533333333333335,0.0,1.5333333333333334,2,2,1,localized,0.0,
second_war,448,2026-03-19 20:55:00,2026-03-19 21:04:00,2026-03-19,19,20.916666666666668,9.0,0.38333333333333336,282,271,5,broad,0.996309963099631,5.0
second_war,449,2026-03-19 22:44:00,2026-03-19 22:46:00,2026-03-19,19,22.733333333333334,2.0,1.8166666666666667,155,155,3,broad,1.0,2.0
second_war,450,2026-03-19 23:31:00,2026-03-19 23:32:00,2026-03-19,19,23.516666666666666,1.0,0.7833333333333333,188,188,2,broad,1.0,4.0
second_war,451,2026-03-19 23:45:00,2026-03-19 23:53:00,2026-03-19,19,23.75,8.0,0.23333333333333334,147,147,4,broad,0.9659863945578231,4.0
second_war,452,2026-03-20 00:06:00,2026-03-20 00:07:00,2026-03-20,20,0.1,1.0,0.35,165,165,2,broad,0.9757575757575757,4.0
second_war,453,2026-03-20 00:17:00,2026-03-20 00:19:00,2026-03-20,20,0.2833333333333333,2.0,0.18333333333333332,188,188,3,broad,0.9680851063829787,6.0
second_war,454,2026-03-20 01:19:00,2026-03-20 01:19:00,2026-03-20,20,1.3166666666666667,0.0,1.0333333333333334,1,1,1,localized,0.0,
second_war,455,2026-03-20 01:43:00,2026-03-20 01:43:00,2026-03-20,20,1.7166666666666668,0.0,0.4,2,2,1,localized,0.0,
second_war,456,2026-03-20 02:49:00,2026-03-20 02:50:00,2026-03-20,20,2.8166666666666664,1.0,1.1,317,317,2,broad,0.41324921135646686,2.0
second_war,457,2026-03-20 08:12:00,2026-03-20 08:13:00,2026-03-20,20,8.2,1.0,5.383333333333334,119,119,2,broad,1.0,3.0
second_war,458,2026-03-20 08:47:00,2026-03-20 08:48:00,2026-03-20,20,8.783333333333333,1.0,0.5833333333333334,165,165,2,broad,1.0,6.0
second_war,459,2026-03-20 09:08:00,2026-03-20 09:08:00,2026-03-20,20,9.133333333333333,0.0,0.35,2,2,1,localized,0.0,
second_war,460,2026-03-20 09:21:00,2026-03-20 09:21:00,2026-03-20,20,9.35,0.0,0.21666666666666667,1,1,1,localized,0.0,
second_war,461,2026-03-20 10:41:00,2026-03-20 10:42:00,2026-03-20,20,10.683333333333334,1.0,1.3333333333333333,190,190,2,broad,1.0,3.0
second_war,462,2026-03-20 10:55:00,2026-03-20 11:01:00,2026-03-20,20,10.916666666666666,6.0,0.23333333333333334,137,137,4,broad,0.9854014598540146,5.0
second_war,463,2026-03-20 11:40:00,2026-03-20 11:40:00,2026-03-20,20,11.666666666666666,0.0,0.75,1,1,1,localized,0.0,
second_war,464,2026-03-20 12:22:00,2026-03-20 12:22:00,2026-03-20,20,12.366666666666667,0.0,0.7,2,2,1,localized,0.0,
second_war,465,2026-03-20 12:34:00,2026-03-20 12:34:00,2026-03-20,20,12.566666666666666,0.0,0.2,2,2,1,localized,0.0,
second_war,466,2026-03-20 12:57:00,2026-03-20 13:03:00,2026-03-20,20,12.95,6.0,0.38333333333333336,15,15,4,localized,0.9333333333333333,4.0
second_war,467,2026-03-20 13:15:00,2026-03-20 13:18:00,2026-03-20,20,13.25,3.0,0.3,208,208,4,broad,0.9711538461538461,4.0
second_war,468,2026-03-20 13:31:00,2026-03-20 13:31:00,2026-03-20,20,13.516666666666667,0.0,0.26666666666666666,1,1,1,localized,0.0,
second_war,469,2026-03-20 13:49:00,2026-03-20 14:08:00,2026-03-20,20,13.816666666666666,19.0,0.3,848,571,8,broad,0.8774080560420315,4.0
second_war,470,2026-03-20 15:02:00,2026-03-20 15:02:00,2026-03-20,20,15.033333333333333,0.0,1.2166666666666666,5,5,1,localized,0.0,
second_war,471,2026-03-20 15:17:00,2026-03-20 15:20:00,2026-03-20,20,15.283333333333333,3.0,0.25,4,4,2,localized,0.0,
second_war,472,2026-03-20 15:29:00,2026-03-20 15:29:00,2026-03-20,20,15.483333333333333,0.0,0.2,4,4,1,localized,0.0,
second_war,473,2026-03-20 15:43:00,2026-03-20 15:46:00,2026-03-20,20,15.716666666666667,3.0,0.23333333333333334,11,9,2,localized,0.0,
second_war,474,2026-03-20 16:09:00,2026-03-20 16:15:00,2026-03-20,20,16.15,6.0,0.43333333333333335,107,107,3,broad,0.9906542056074766,3.0
second_war,475,2026-03-20 17:01:00,2026-03-20 17:09:00,2026-03-20,20,17.016666666666666,8.0,0.8666666666666667,131,131,5,broad,0.9618320610687023,3.0
second_war,476,2026-03-20 17:31:00,2026-03-20 17:31:00,2026-03-20,20,17.516666666666666,0.0,0.5,8,8,1,localized,0.0,
second_war,477,2026-03-20 18:12:00,2026-03-20 18:13:00,2026-03-20,20,18.2,1.0,0.6833333333333333,18,18,2,localized,0.0,
second_war,478,2026-03-20 21:39:00,2026-03-20 21:40:00,2026-03-20,20,21.65,1.0,3.45,402,402,2,broad,0.9626865671641791,6.0
second_war,479,2026-03-20 22:23:00,2026-03-20 22:25:00,2026-03-20,20,22.383333333333333,2.0,0.7333333333333333,3,3,2,localized,0.0,
second_war,480,2026-03-20 22:36:00,2026-03-20 22:39:00,2026-03-20,20,22.6,3.0,0.21666666666666667,4,4,2,localized,0.0,
second_war,481,2026-03-20 22:50:00,2026-03-20 22:50:00,2026-03-20,20,22.833333333333332,0.0,0.23333333333333334,1,1,1,localized,0.0,
second_war,482,2026-03-20 23:01:00,2026-03-20 23:01:00,2026-03-20,20,23.016666666666666,0.0,0.18333333333333332,1,1,1,localized,0.0,
second_war,483,2026-03-20 23:19:00,2026-03-20 23:19:00,2026-03-20,20,23.316666666666666,0.0,0.3,2,2,1,localized,0.0,
second_war,484,2026-03-21 01:14:00,2026-03-21 01:14:00,2026-03-21,21,1.2333333333333334,0.0,1.9166666666666667,17,17,1,localized,1.0,6.0
second_war,485,2026-03-21 02:06:00,2026-03-21 02:06:00,2026-03-21,21,2.1,0.0,0.8666666666666667,7,7,1,localized,0.0,
second_war,486,2026-03-21 02:33:00,2026-03-21 02:34:00,2026-03-21,21,2.55,1.0,0.45,3,3,2,localized,0.0,
second_war,487,2026-03-21 03:21:00,2026-03-21 03:23:00,2026-03-21,21,3.35,2.0,0.8,235,235,3,broad,0.8808510638297873,5.0
second_war,488,2026-03-21 05:30:00,2026-03-21 05:31:00,2026-03-21,21,5.5,1.0,2.15,10,10,2,localized,1.0,5.0
second_war,489,2026-03-21 06:39:00,2026-03-21 06:39:00,2026-03-21,21,6.65,0.0,1.15,1,1,1,localized,0.0,
second_war,490,2026-03-21 08:30:00,2026-03-21 08:31:00,2026-03-21,21,8.5,1.0,1.85,145,145,2,broad,1.0,5.0
second_war,491,2026-03-21 12:33:00,2026-03-21 12:33:00,2026-03-21,21,12.55,0.0,4.05,2,2,1,localized,0.0,
second_war,492,2026-03-21 13:10:00,2026-03-21 13:11:00,2026-03-21,21,13.166666666666666,1.0,0.6166666666666667,12,12,2,localized,0.0,
second_war,493,2026-03-21 13:46:00,2026-03-21 13:54:00,2026-03-21,21,13.766666666666667,8.0,0.6,7,6,4,localized,0.0,
second_war,494,2026-03-21 14:28:00,2026-03-21 14:33:00,2026-03-21,21,14.466666666666667,5.0,0.7,16,14,5,localized,0.0,
second_war,495,2026-03-21 15:04:00,2026-03-21 15:04:00,2026-03-21,21,15.066666666666666,0.0,0.6,1,1,1,localized,0.0,
second_war,496,2026-03-21 15:17:00,2026-03-21 15:26:00,2026-03-21,21,15.283333333333333,9.0,0.21666666666666667,5,5,3,localized,0.0,
second_war,497,2026-03-21 15:40:00,2026-03-21 15:40:00,2026-03-21,21,15.666666666666666,0.0,0.38333333333333336,1,1,1,localized,0.0,
second_war,498,2026-03-21 15:57:00,2026-03-21 15:57:00,2026-03-21,21,15.95,0.0,0.2833333333333333,1,1,1,localized,0.0,
second_war,499,2026-03-21 16:59:00,2026-03-21 17:07:00,2026-03-21,21,16.983333333333334,8.0,1.0333333333333334,34,33,4,broad,0.5454545454545454,5.0
second_war,500,2026-03-21 17:29:00,2026-03-21 17:29:00,2026-03-21,21,17.483333333333334,0.0,0.5,1,1,1,localized,0.0,
second_war,501,2026-03-21 17:38:00,2026-03-21 17:38:00,2026-03-21,21,17.633333333333333,0.0,0.15,3,3,1,localized,0.0,
second_war,502,2026-03-21 17:51:00,2026-03-21 17:51:00,2026-03-21,21,17.85,0.0,0.21666666666666667,3,3,1,localized,0.0,
second_war,503,2026-03-21 18:00:00,2026-03-21 18:09:00,2026-03-21,21,18.0,9.0,0.15,12,12,3,localized,0.0,
second_war,504,2026-03-21 18:48:00,2026-03-21 18:48:00,2026-03-21,21,18.8,0.0,0.8,16,16,1,localized,1.0,5.0
second_war,505,2026-03-21 18:57:00,2026-03-21 19:08:00,2026-03-21,21,18.95,11.0,0.15,28,28,5,broad,0.9285714285714286,3.0
second_war,506,2026-03-21 19:34:00,2026-03-21 19:34:00,2026-03-21,21,19.566666666666666,0.0,0.6166666666666667,3,3,1,localized,0.0,
second_war,507,2026-03-21 19:48:00,2026-03-21 19:48:00,2026-03-21,21,19.8,0.0,0.23333333333333334,1,1,1,localized,0.0,
second_war,508,2026-03-21 20:40:00,2026-03-21 20:40:00,2026-03-21,21,20.666666666666668,0.0,0.8666666666666667,4,4,1,localized,0.75,6.0
second_war,509,2026-03-21 21:42:00,2026-03-21 21:42:00,2026-03-21,21,21.7,0.0,1.0333333333333334,1,1,1,localized,0.0,
second_war,510,2026-03-21 22:05:00,2026-03-21 22:06:00,2026-03-21,21,22.083333333333332,1.0,0.38333333333333336,19,19,2,localized,1.0,5.0
second_war,511,2026-03-21 22:19:00,2026-03-21 22:28:00,2026-03-21,21,22.316666666666666,9.0,0.23333333333333334,321,203,5,broad,0.9753694581280788,4.0
second_war,512,2026-03-22 02:43:00,2026-03-22 02:44:00,2026-03-22,22,2.716666666666667,1.0,4.4,2,2,2,localized,0.0,
second_war,513,2026-03-22 03:21:00,2026-03-22 03:21:00,2026-03-22,22,3.35,0.0,0.6333333333333333,1,1,1,localized,0.0,
second_war,514,2026-03-22 07:07:00,2026-03-22 07:08:00,2026-03-22,22,7.116666666666666,1.0,3.7666666666666666,155,155,2,broad,0.9935483870967742,6.0
second_war,515,2026-03-22 07:51:00,2026-03-22 08:04:00,2026-03-22,22,7.85,13.0,0.7333333333333333,290,289,5,broad,0.972318339100346,5.0
second_war,516,2026-03-22 08:17:00,2026-03-22 08:19:00,2026-03-22,22,8.283333333333333,2.0,0.43333333333333335,97,97,3,broad,1.0,6.0
second_war,517,2026-03-22 08:37:00,2026-03-22 08:37:00,2026-03-22,22,8.616666666666667,0.0,0.3333333333333333,1,1,1,localized,0.0,
second_war,518,2026-03-22 09:25:00,2026-03-22 09:28:00,2026-03-22,22,9.416666666666666,3.0,0.8,130,130,4,broad,0.9923076923076923,8.0
second_war,519,2026-03-22 09:37:00,2026-03-22 09:37:00,2026-03-22,22,9.616666666666667,0.0,0.2,1,1,1,localized,0.0,
second_war,520,2026-03-22 10:02:00,2026-03-22 10:02:00,2026-03-22,22,10.033333333333333,0.0,0.4166666666666667,3,3,1,localized,0.0,
second_war,521,2026-03-22 10:44:00,2026-03-22 10:44:00,2026-03-22,22,10.733333333333333,0.0,0.7,2,2,1,localized,0.0,
second_war,522,2026-03-22 11:14:00,2026-03-22 11:16:00,2026-03-22,22,11.233333333333333,2.0,0.5,145,145,3,broad,0.993103448275862,5.0
second_war,523,2026-03-22 12:05:00,2026-03-22 12:05:00,2026-03-22,22,12.083333333333334,0.0,0.85,3,3,1,localized,1.0,7.0
second_war,524,2026-03-22 12:31:00,2026-03-22 12:31:00,2026-03-22,22,12.516666666666667,0.0,0.43333333333333335,3,3,1,localized,0.0,
second_war,525,2026-03-22 14:22:00,2026-03-22 14:24:00,2026-03-22,22,14.366666666666667,2.0,1.85,3,3,2,localized,0.0,
second_war,526,2026-03-22 14:49:00,2026-03-22 14:49:00,2026-03-22,22,14.816666666666666,0.0,0.45,2,2,1,localized,0.0,
second_war,527,2026-03-22 15:10:00,2026-03-22 15:11:00,2026-03-22,22,15.166666666666666,1.0,0.35,246,246,2,broad,0.983739837398374,6.0
second_war,528,2026-03-22 15:59:00,2026-03-22 16:07:00,2026-03-22,22,15.983333333333333,8.0,0.8166666666666667,14,14,3,localized,0.0,
second_war,529,2026-03-22 16:30:00,2026-03-22 16:38:00,2026-03-22,22,16.5,8.0,0.5166666666666667,3,3,2,localized,0.0,
second_war,530,2026-03-22 16:56:00,2026-03-22 16:56:00,2026-03-22,22,16.933333333333334,0.0,0.43333333333333335,1,1,1,localized,0.0,
second_war,531,2026-03-22 18:11:00,2026-03-22 18:12:00,2026-03-22,22,18.183333333333334,1.0,1.25,3,3,2,localized,0.0,
second_war,532,2026-03-22 18:21:00,2026-03-22 18:43:00,2026-03-22,22,18.35,22.0,0.16666666666666666,17,16,6,localized,0.4375,3.0
second_war,533,2026-03-22 18:55:00,2026-03-22 19:08:00,2026-03-22,22,18.916666666666668,13.0,0.5666666666666667,4,4,3,localized,0.0,
second_war,534,2026-03-22 20:16:00,2026-03-22 20:16:00,2026-03-22,22,20.266666666666666,0.0,1.35,5,5,1,localized,0.0,
second_war,535,2026-03-22 20:44:00,2026-03-22 20:44:00,2026-03-22,22,20.733333333333334,0.0,0.4666666666666667,2,2,1,localized,0.0,
second_war,536,2026-03-22 21:53:00,2026-03-22 21:53:00,2026-03-22,22,21.883333333333333,0.0,1.15,1,1,1,localized,0.0,
second_war,537,2026-03-22 22:23:00,2026-03-22 22:23:00,2026-03-22,22,22.383333333333333,0.0,0.5,4,4,1,localized,0.0,
second_war,538,2026-03-22 23:00:00,2026-03-22 23:01:00,2026-03-22,22,23.0,1.0,0.6166666666666667,74,74,2,broad,0.8243243243243243,4.0
second_war,539,2026-03-22 23:19:00,2026-03-22 23:20:00,2026-03-22,22,23.316666666666666,1.0,0.31666666666666665,59,59,2,broad,1.0,4.0
second_war,540,2026-03-23 00:05:00,2026-03-23 00:08:00,2026-03-23,23,0.08333333333333333,3.0,0.7666666666666667,277,277,4,broad,0.9963898916967509,7.0
second_war,541,2026-03-23 01:55:00,2026-03-23 01:55:00,2026-03-23,23,1.9166666666666665,0.0,1.8333333333333333,2,2,1,localized,0.0,
second_war,542,2026-03-23 02:52:00,2026-03-23 02:52:00,2026-03-23,23,2.8666666666666667,0.0,0.95,1,1,1,localized,0.0,
second_war,543,2026-03-23 04:42:00,2026-03-23 04:42:00,2026-03-23,23,4.7,0.0,1.8333333333333333,2,2,1,localized,0.0,
second_war,544,2026-03-23 06:57:00,2026-03-23 06:59:00,2026-03-23,23,6.95,2.0,2.25,168,168,3,broad,0.8154761904761905,5.0
second_war,545,2026-03-23 09:29:00,2026-03-23 09:29:00,2026-03-23,23,9.483333333333333,0.0,2.533333333333333,1,1,1,localized,0.0,
second_war,546,2026-03-23 10:09:00,2026-03-23 10:12:00,2026-03-23,23,10.15,3.0,0.6666666666666666,424,316,3,broad,0.7151898734177216,8.0
second_war,547,2026-03-23 11:32:00,2026-03-23 11:32:00,2026-03-23,23,11.533333333333333,0.0,1.3833333333333333,1,1,1,localized,0.0,
second_war,548,2026-03-23 13:11:00,2026-03-23 13:11:00,2026-03-23,23,13.183333333333334,0.0,1.65,1,1,1,localized,0.0,
second_war,549,2026-03-23 13:21:00,2026-03-23 13:21:00,2026-03-23,23,13.35,0.0,0.16666666666666666,5,5,1,localized,0.0,
second_war,550,2026-03-23 13:30:00,2026-03-23 13:30:00,2026-03-23,23,13.5,0.0,0.15,1,1,1,localized,0.0,
second_war,551,2026-03-23 13:39:00,2026-03-23 13:39:00,2026-03-23,23,13.65,0.0,0.15,4,4,1,localized,0.0,
second_war,552,2026-03-23 14:02:00,2026-03-23 14:02:00,2026-03-23,23,14.033333333333333,0.0,0.38333333333333336,3,3,1,localized,0.0,
second_war,553,2026-03-23 14:21:00,2026-03-23 14:21:00,2026-03-23,23,14.35,0.0,0.31666666666666665,5,5,1,localized,0.0,
second_war,554,2026-03-23 14:44:00,2026-03-23 14:44:00,2026-03-23,23,14.733333333333333,0.0,0.38333333333333336,1,1,1,localized,0.0,
second_war,555,2026-03-23 15:13:00,2026-03-23 15:13:00,2026-03-23,23,15.216666666666667,0.0,0.48333333333333334,2,2,1,localized,0.0,
second_war,556,2026-03-23 18:05:00,2026-03-23 18:05:00,2026-03-23,23,18.083333333333332,0.0,2.8666666666666667,1,1,1,localized,0.0,
second_war,557,2026-03-23 21:28:00,2026-03-23 21:28:00,2026-03-23,23,21.466666666666665,0.0,3.3833333333333333,3,3,1,localized,1.0,3.0
second_war,558,2026-03-23 22:03:00,2026-03-23 22:03:00,2026-03-23,23,22.05,0.0,0.5833333333333334,3,3,1,localized,1.0,7.0
second_war,559,2026-03-23 23:40:00,2026-03-23 23:40:00,2026-03-23,23,23.666666666666668,0.0,1.6166666666666667,2,2,1,localized,0.0,
second_war,560,2026-03-23 23:49:00,2026-03-23 23:50:00,2026-03-23,23,23.816666666666666,1.0,0.15,4,4,2,localized,0.0,
second_war,561,2026-03-24 00:22:00,2026-03-24 00:23:00,2026-03-24,24,0.36666666666666664,1.0,0.55,182,182,2,broad,1.0,6.0
second_war,562,2026-03-24 01:07:00,2026-03-24 01:09:00,2026-03-24,24,1.1166666666666667,2.0,0.75,115,115,2,broad,0.991304347826087,5.0
second_war,563,2026-03-24 01:20:00,2026-03-24 01:28:00,2026-03-24,24,1.3333333333333333,8.0,0.21666666666666667,3,2,3,localized,0.0,
second_war,564,2026-03-24 02:24:00,2026-03-24 02:28:00,2026-03-24,24,2.4,4.0,1.0666666666666667,8,5,2,localized,0.0,
second_war,565,2026-03-24 03:59:00,2026-03-24 03:59:00,2026-03-24,24,3.9833333333333334,0.0,1.5833333333333333,28,28,1,broad,1.0,5.0
second_war,566,2026-03-24 04:30:00,2026-03-24 04:31:00,2026-03-24,24,4.5,1.0,0.5166666666666667,121,121,2,broad,1.0,3.0
second_war,567,2026-03-24 06:16:00,2026-03-24 06:17:00,2026-03-24,24,6.266666666666667,1.0,1.7666666666666666,84,84,2,broad,0.8571428571428571,7.0
second_war,568,2026-03-24 07:32:00,2026-03-24 07:34:00,2026-03-24,24,7.533333333333333,2.0,1.2666666666666666,175,175,3,broad,1.0,4.0
second_war,569,2026-03-24 09:05:00,2026-03-24 09:07:00,2026-03-24,24,9.083333333333334,2.0,1.55,30,30,3,broad,1.0,6.5
second_war,570,2026-03-24 10:24:00,2026-03-24 10:30:00,2026-03-24,24,10.4,6.0,1.3166666666666667,31,28,4,broad,0.0,
second_war,571,2026-03-24 11:29:00,2026-03-24 11:29:00,2026-03-24,24,11.483333333333333,0.0,1.0833333333333333,5,5,1,localized,0.0,
second_war,572,2026-03-24 11:52:00,2026-03-24 11:52:00,2026-03-24,24,11.866666666666667,0.0,0.38333333333333336,8,8,1,localized,0.0,
second_war,573,2026-03-24 12:48:00,2026-03-24 12:49:00,2026-03-24,24,12.8,1.0,0.9333333333333333,92,92,2,broad,0.9891304347826086,6.0
second_war,574,2026-03-24 14:43:00,2026-03-24 14:44:00,2026-03-24,24,14.716666666666667,1.0,1.9166666666666667,43,43,2,broad,1.0,6.0
second_war,575,2026-03-24 15:34:00,2026-03-24 15:46:00,2026-03-24,24,15.566666666666666,12.0,0.85,103,103,5,broad,0.8349514563106796,5.0
second_war,576,2026-03-24 16:14:00,2026-03-24 16:14:00,2026-03-24,24,16.233333333333334,0.0,0.6666666666666666,1,1,1,localized,0.0,
second_war,577,2026-03-24 16:49:00,2026-03-24 16:49:00,2026-03-24,24,16.816666666666666,0.0,0.5833333333333334,3,3,1,localized,0.0,
second_war,578,2026-03-24 17:10:00,2026-03-24 17:10:00,2026-03-24,24,17.166666666666668,0.0,0.35,1,1,1,localized,0.0,
second_war,579,2026-03-24 18:17:00,2026-03-24 18:26:00,2026-03-24,24,18.283333333333335,9.0,1.1166666666666667,13,13,5,localized,0.0,
second_war,580,2026-03-24 19:00:00,2026-03-24 19:02:00,2026-03-24,24,19.0,2.0,0.7166666666666667,232,232,3,broad,1.0,3.5
second_war,581,2026-03-24 20:01:00,2026-03-24 20:03:00,2026-03-24,24,20.016666666666666,2.0,1.0166666666666666,5,5,2,localized,0.0,
second_war,582,2026-03-24 20:40:00,2026-03-24 20:41:00,2026-03-24,24,20.666666666666668,1.0,0.65,146,146,2,broad,0.9931506849315068,6.0
second_war,583,2026-03-24 23:00:00,2026-03-24 23:00:00,2026-03-24,24,23.0,0.0,2.3333333333333335,1,1,1,localized,0.0,
second_war,584,2026-03-24 23:36:00,2026-03-24 23:36:00,2026-03-24,24,23.6,0.0,0.6,3,3,1,localized,1.0,7.0
second_war,585,2026-03-24 23:48:00,2026-03-24 23:51:00,2026-03-24,24,23.8,3.0,0.2,198,188,4,broad,1.0,6.0
second_war,586,2026-03-25 00:42:00,2026-03-25 00:42:00,2026-03-25,25,0.7,0.0,0.9,3,3,1,localized,1.0,6.0
second_war,587,2026-03-25 01:40:00,2026-03-25 01:40:00,2026-03-25,25,1.6666666666666665,0.0,0.9666666666666667,5,5,1,localized,0.0,
second_war,588,2026-03-25 02:53:00,2026-03-25 02:55:00,2026-03-25,25,2.8833333333333333,2.0,1.2166666666666666,140,140,3,broad,1.0,4.0
second_war,589,2026-03-25 05:43:00,2026-03-25 05:43:00,2026-03-25,25,5.716666666666667,0.0,2.8333333333333335,3,3,1,localized,0.0,
second_war,590,2026-03-25 05:53:00,2026-03-25 05:54:00,2026-03-25,25,5.883333333333333,1.0,0.16666666666666666,3,3,2,localized,0.0,
second_war,591,2026-03-25 06:03:00,2026-03-25 06:03:00,2026-03-25,25,6.05,0.0,0.16666666666666666,4,4,1,localized,0.0,
second_war,592,2026-03-25 06:29:00,2026-03-25 06:30:00,2026-03-25,25,6.483333333333333,1.0,0.43333333333333335,10,10,2,localized,0.0,
second_war,593,2026-03-25 07:14:00,2026-03-25 07:16:00,2026-03-25,25,7.233333333333333,2.0,0.75,36,36,3,broad,0.8055555555555556,6.0
second_war,594,2026-03-25 08:17:00,2026-03-25 08:17:00,2026-03-25,25,8.283333333333333,0.0,1.05,2,2,1,localized,0.0,
second_war,595,2026-03-25 10:46:00,2026-03-25 10:59:00,2026-03-25,25,10.766666666666667,13.0,2.4833333333333334,630,468,6,broad,0.9978632478632479,4.0
second_war,596,2026-03-25 11:20:00,2026-03-25 11:22:00,2026-03-25,25,11.333333333333334,2.0,0.5666666666666667,183,183,3,broad,1.0,6.0
second_war,597,2026-03-25 11:32:00,2026-03-25 11:32:00,2026-03-25,25,11.533333333333333,0.0,0.2,4,4,1,localized,0.0,
second_war,598,2026-03-25 11:56:00,2026-03-25 11:56:00,2026-03-25,25,11.933333333333334,0.0,0.4,1,1,1,localized,0.0,
second_war,599,2026-03-25 12:35:00,2026-03-25 12:36:00,2026-03-25,25,12.583333333333334,1.0,0.65,13,13,2,localized,0.0,
second_war,600,2026-03-25 13:03:00,2026-03-25 13:09:00,2026-03-25,25,13.05,6.0,0.4666666666666667,5,5,3,localized,0.0,
second_war,601,2026-03-25 13:49:00,2026-03-25 13:49:00,2026-03-25,25,13.816666666666666,0.0,0.7666666666666667,4,4,1,localized,0.0,
second_war,602,2026-03-25 14:01:00,2026-03-25 14:10:00,2026-03-25,25,14.016666666666667,9.0,0.2,41,41,5,broad,0.0,
second_war,603,2026-03-25 14:19:00,2026-03-25 14:22:00,2026-03-25,25,14.316666666666666,3.0,0.3,22,22,4,localized,0.5,6.0
second_war,604,2026-03-25 14:31:00,2026-03-25 14:34:00,2026-03-25,25,14.516666666666667,3.0,0.2,21,21,4,localized,0.0,
second_war,605,2026-03-25 14:59:00,2026-03-25 14:59:00,2026-03-25,25,14.983333333333333,0.0,0.4666666666666667,1,1,1,localized,0.0,
second_war,606,2026-03-25 16:15:00,2026-03-25 16:15:00,2026-03-25,25,16.25,0.0,1.2666666666666666,11,11,1,localized,1.0,5.0
second_war,607,2026-03-25 16:55:00,2026-03-25 16:56:00,2026-03-25,25,16.916666666666668,1.0,0.6666666666666666,21,21,2,localized,0.0,
second_war,608,2026-03-25 17:45:00,2026-03-25 17:45:00,2026-03-25,25,17.75,0.0,0.8333333333333334,3,3,1,localized,0.0,
second_war,609,2026-03-25 18:31:00,2026-03-25 18:31:00,2026-03-25,25,18.516666666666666,0.0,0.7666666666666667,4,4,1,localized,0.0,
second_war,610,2026-03-25 19:02:00,2026-03-25 19:02:00,2026-03-25,25,19.033333333333335,0.0,0.5166666666666667,1,1,1,localized,0.0,
second_war,611,2026-03-25 19:22:00,2026-03-25 19:22:00,2026-03-25,25,19.366666666666667,0.0,0.3333333333333333,1,1,1,localized,0.0,
second_war,612,2026-03-25 19:35:00,2026-03-25 19:35:00,2026-03-25,25,19.583333333333332,0.0,0.21666666666666667,1,1,1,localized,0.0,
second_war,613,2026-03-25 20:00:00,2026-03-25 20:15:00,2026-03-25,25,20.0,15.0,0.4166666666666667,25,25,4,localized,0.0,
second_war,614,2026-03-25 21:19:00,2026-03-25 21:19:00,2026-03-25,25,21.316666666666666,0.0,1.3166666666666667,3,3,1,localized,0.0,
second_war,615,2026-03-25 21:29:00,2026-03-25 21:33:00,2026-03-25,25,21.483333333333334,4.0,0.16666666666666666,5,5,2,localized,0.0,
second_war,616,2026-03-25 21:45:00,2026-03-25 21:45:00,2026-03-25,25,21.75,0.0,0.26666666666666666,3,3,1,localized,0.0,
second_war,617,2026-03-25 22:09:00,2026-03-25 22:09:00,2026-03-25,25,22.15,0.0,0.4,1,1,1,localized,0.0,
second_war,618,2026-03-25 22:46:00,2026-03-25 22:46:00,2026-03-25,25,22.766666666666666,0.0,0.6166666666666667,1,1,1,localized,0.0,
second_war,619,2026-03-25 23:01:00,2026-03-25 23:01:00,2026-03-25,25,23.016666666666666,0.0,0.25,2,2,1,localized,0.0,
second_war,620,2026-03-26 01:17:00,2026-03-26 01:18:00,2026-03-26,26,1.2833333333333332,1.0,2.2666666666666666,51,51,2,broad,0.0,
second_war,621,2026-03-26 03:15:00,2026-03-26 03:15:00,2026-03-26,26,3.25,0.0,1.9666666666666666,1,1,1,localized,0.0,
second_war,622,2026-03-26 05:32:00,2026-03-26 05:32:00,2026-03-26,26,5.533333333333333,0.0,2.283333333333333,2,2,1,localized,0.0,
second_war,623,2026-03-26 05:54:00,2026-03-26 05:54:00,2026-03-26,26,5.9,0.0,0.36666666666666664,3,3,1,localized,0.0,
second_war,624,2026-03-26 06:13:00,2026-03-26 06:13:00,2026-03-26,26,6.216666666666667,0.0,0.31666666666666665,8,8,1,localized,0.0,
second_war,625,2026-03-26 06:30:00,2026-03-26 06:30:00,2026-03-26,26,6.5,0.0,0.2833333333333333,2,2,1,localized,0.0,
second_war,626,2026-03-26 06:54:00,2026-03-26 06:55:00,2026-03-26,26,6.9,1.0,0.4,276,276,2,broad,0.9855072463768116,5.0
second_war,627,2026-03-26 07:16:00,2026-03-26 07:17:00,2026-03-26,26,7.266666666666667,1.0,0.36666666666666664,214,214,2,broad,1.0,5.0
second_war,628,2026-03-26 08:24:00,2026-03-26 08:28:00,2026-03-26,26,8.4,4.0,1.1333333333333333,342,339,3,broad,0.9233038348082596,6.0
second_war,629,2026-03-26 08:59:00,2026-03-26 09:18:00,2026-03-26,26,8.983333333333333,19.0,0.5833333333333334,441,440,8,broad,0.990909090909091,5.0
second_war,630,2026-03-26 10:22:00,2026-03-26 10:26:00,2026-03-26,26,10.366666666666667,4.0,1.3833333333333333,10,10,3,localized,0.0,
second_war,631,2026-03-26 10:38:00,2026-03-26 10:39:00,2026-03-26,26,10.633333333333333,1.0,0.26666666666666666,173,173,2,broad,1.0,5.0
second_war,632,2026-03-26 10:55:00,2026-03-26 11:00:00,2026-03-26,26,10.916666666666666,5.0,0.2833333333333333,121,121,3,broad,0.9834710743801653,6.0
second_war,633,2026-03-26 12:00:00,2026-03-26 12:01:00,2026-03-26,26,12.0,1.0,1.0833333333333333,10,10,2,localized,0.0,
second_war,634,2026-03-26 12:15:00,2026-03-26 12:15:00,2026-03-26,26,12.25,0.0,0.25,2,2,1,localized,0.0,
second_war,635,2026-03-26 13:12:00,2026-03-26 13:12:00,2026-03-26,26,13.2,0.0,0.95,1,1,1,localized,0.0,
second_war,636,2026-03-26 13:23:00,2026-03-26 13:30:00,2026-03-26,26,13.383333333333333,7.0,0.18333333333333332,284,260,5,broad,0.9846153846153847,5.0
second_war,637,2026-03-26 13:50:00,2026-03-26 13:50:00,2026-03-26,26,13.833333333333334,0.0,0.45,1,1,1,localized,0.0,
second_war,638,2026-03-26 14:21:00,2026-03-26 14:21:00,2026-03-26,26,14.35,0.0,0.5166666666666667,2,2,1,localized,0.0,
second_war,639,2026-03-26 14:36:00,2026-03-26 14:36:00,2026-03-26,26,14.6,0.0,0.25,1,1,1,localized,0.0,
second_war,640,2026-03-26 14:52:00,2026-03-26 14:52:00,2026-03-26,26,14.866666666666667,0.0,0.26666666666666666,1,1,1,localized,0.0,
second_war,641,2026-03-26 15:11:00,2026-03-26 15:11:00,2026-03-26,26,15.183333333333334,0.0,0.31666666666666665,2,2,1,localized,0.0,
second_war,642,2026-03-26 15:21:00,2026-03-26 15:21:00,2026-03-26,26,15.35,0.0,0.16666666666666666,1,1,1,localized,0.0,
second_war,643,2026-03-26 16:02:00,2026-03-26 16:07:00,2026-03-26,26,16.033333333333335,5.0,0.6833333333333333,10,10,2,localized,0.0,
second_war,644,2026-03-26 16:23:00,2026-03-26 16:25:00,2026-03-26,26,16.383333333333333,2.0,0.35,3,3,2,localized,0.0,
second_war,645,2026-03-26 16:44:00,2026-03-26 16:55:00,2026-03-26,26,16.733333333333334,11.0,0.35,11,11,3,localized,0.0,
second_war,646,2026-03-26 17:08:00,2026-03-26 17:09:00,2026-03-26,26,17.133333333333333,1.0,0.4,180,180,2,broad,1.0,6.0
second_war,647,2026-03-26 17:50:00,2026-03-26 17:50:00,2026-03-26,26,17.833333333333332,0.0,0.7,224,224,1,broad,1.0,7.0
second_war,648,2026-03-26 18:43:00,2026-03-26 18:44:00,2026-03-26,26,18.716666666666665,1.0,0.8833333333333333,4,4,2,localized,0.0,
second_war,649,2026-03-26 18:59:00,2026-03-26 18:59:00,2026-03-26,26,18.983333333333334,0.0,0.26666666666666666,1,1,1,localized,0.0,
second_war,650,2026-03-26 19:22:00,2026-03-26 19:27:00,2026-03-26,26,19.366666666666667,5.0,0.38333333333333336,9,9,2,localized,0.0,
second_war,651,2026-03-26 20:05:00,2026-03-26 20:05:00,2026-03-26,26,20.083333333333332,0.0,0.7166666666666667,1,1,1,localized,0.0,
second_war,652,2026-03-26 20:21:00,2026-03-26 20:22:00,2026-03-26,26,20.35,1.0,0.26666666666666666,6,6,2,localized,0.0,
second_war,653,2026-03-26 21:01:00,2026-03-26 21:17:00,2026-03-26,26,21.016666666666666,16.0,0.6666666666666666,147,132,7,broad,0.0,
second_war,654,2026-03-26 23:19:00,2026-03-26 23:19:00,2026-03-26,26,23.316666666666666,0.0,2.3,1,1,1,localized,0.0,
second_war,655,2026-03-26 23:42:00,2026-03-26 23:42:00,2026-03-26,26,23.7,0.0,0.38333333333333336,1,1,1,localized,0.0,
second_war,656,2026-03-26 23:58:00,2026-03-26 23:59:00,2026-03-26,26,23.966666666666665,1.0,0.26666666666666666,76,76,2,broad,1.0,6.0
second_war,657,2026-03-27 00:59:00,2026-03-27 00:59:00,2026-03-27,27,0.9833333333333333,0.0,1.0166666666666666,1,1,1,localized,0.0,
second_war,658,2026-03-27 01:46:00,2026-03-27 01:48:00,2026-03-27,27,1.7666666666666666,2.0,0.7833333333333333,270,270,3,broad,0.9222222222222223,6.0
second_war,659,2026-03-27 04:16:00,2026-03-27 04:16:00,2026-03-27,27,4.266666666666667,0.0,2.5,1,1,1,localized,0.0,
second_war,660,2026-03-27 05:31:00,2026-03-27 05:32:00,2026-03-27,27,5.516666666666667,1.0,1.25,3,3,2,localized,0.0,
second_war,661,2026-03-27 07:22:00,2026-03-27 07:22:00,2026-03-27,27,7.366666666666666,0.0,1.85,3,3,1,localized,0.0,
second_war,662,2026-03-27 10:20:00,2026-03-27 10:20:00,2026-03-27,27,10.333333333333334,0.0,2.966666666666667,1,1,1,localized,0.0,
second_war,663,2026-03-27 10:40:00,2026-03-27 10:41:00,2026-03-27,27,10.666666666666666,1.0,0.3333333333333333,60,60,2,broad,0.9666666666666667,6.0
second_war,664,2026-03-27 12:49:00,2026-03-27 12:50:00,2026-03-27,27,12.816666666666666,1.0,2.15,45,45,2,broad,0.0,
second_war,665,2026-03-27 13:02:00,2026-03-27 13:02:00,2026-03-27,27,13.033333333333333,0.0,0.21666666666666667,2,2,1,localized,0.0,
second_war,666,2026-03-27 13:30:00,2026-03-27 13:31:00,2026-03-27,27,13.5,1.0,0.4666666666666667,156,156,2,broad,1.0,6.0
second_war,667,2026-03-27 14:08:00,2026-03-27 14:20:00,2026-03-27,27,14.133333333333333,12.0,0.6333333333333333,302,302,5,broad,0.9635761589403974,6.0
second_war,668,2026-03-27 15:07:00,2026-03-27 15:07:00,2026-03-27,27,15.116666666666667,0.0,0.9833333333333333,2,2,1,localized,0.0,
second_war,669,2026-03-27 17:53:00,2026-03-27 17:53:00,2026-03-27,27,17.883333333333333,0.0,2.7666666666666666,1,1,1,localized,0.0,
second_war,670,2026-03-27 18:59:00,2026-03-27 19:07:00,2026-03-27,27,18.983333333333334,8.0,1.1,4,4,2,localized,0.0,
second_war,671,2026-03-27 20:11:00,2026-03-27 20:22:00,2026-03-27,27,20.183333333333334,11.0,1.2,23,15,4,localized,0.0,
second_war,672,2026-03-27 21:06:00,2026-03-27 21:06:00,2026-03-27,27,21.1,0.0,0.9166666666666666,1,1,1,localized,0.0,
second_war,673,2026-03-27 21:41:00,2026-03-27 21:41:00,2026-03-27,27,21.683333333333334,0.0,0.5833333333333334,1,1,1,localized,0.0,
second_war,674,2026-03-27 23:16:00,2026-03-27 23:17:00,2026-03-27,27,23.266666666666666,1.0,1.5833333333333333,126,126,2,broad,0.8412698412698413,7.0
second_war,675,2026-03-27 23:38:00,2026-03-27 23:41:00,2026-03-27,27,23.633333333333333,3.0,0.36666666666666664,483,443,4,broad,1.0,6.0
second_war,676,2026-03-28 00:01:00,2026-03-28 00:09:00,2026-03-28,28,0.016666666666666666,8.0,0.38333333333333336,2,1,2,localized,0.0,
second_war,677,2026-03-28 00:18:00,2026-03-28 00:18:00,2026-03-28,28,0.3,0.0,0.2833333333333333,1,1,1,localized,0.0,
second_war,678,2026-03-28 01:30:00,2026-03-28 01:32:00,2026-03-28,28,1.5,2.0,1.2,121,121,3,broad,0.8760330578512396,6.0
second_war,679,2026-03-28 02:15:00,2026-03-28 02:21:00,2026-03-28,28,2.25,6.0,0.75,2,2,2,localized,0.0,
second_war,680,2026-03-28 04:56:00,2026-03-28 05:00:00,2026-03-28,28,4.933333333333334,4.0,2.683333333333333,21,21,2,localized,0.9047619047619048,3.0
second_war,681,2026-03-28 05:32:00,2026-03-28 05:32:00,2026-03-28,28,5.533333333333333,0.0,0.6,1,1,1,localized,1.0,39.0
second_war,682,2026-03-28 06:06:00,2026-03-28 06:06:00,2026-03-28,28,6.1,0.0,0.5666666666666667,1,1,1,localized,0.0,
second_war,683,2026-03-28 06:18:00,2026-03-28 06:21:00,2026-03-28,28,6.3,3.0,0.2,145,145,3,broad,0.993103448275862,6.0
second_war,684,2026-03-28 06:53:00,2026-03-28 06:53:00,2026-03-28,28,6.883333333333333,0.0,0.5833333333333334,25,25,1,localized,0.04,3.0
second_war,685,2026-03-28 08:07:00,2026-03-28 08:07:00,2026-03-28,28,8.116666666666667,0.0,1.2333333333333334,1,1,1,localized,0.0,
second_war,686,2026-03-28 08:25:00,2026-03-28 08:28:00,2026-03-28,28,8.416666666666666,3.0,0.3,6,6,3,localized,0.0,
second_war,687,2026-03-28 14:12:00,2026-03-28 14:26:00,2026-03-28,28,14.2,14.0,5.783333333333333,546,368,8,broad,0.9402173913043478,5.0
second_war,688,2026-03-28 16:17:00,2026-03-28 16:17:00,2026-03-28,28,16.283333333333335,0.0,2.0833333333333335,1,1,1,localized,0.0,
second_war,689,2026-03-28 16:34:00,2026-03-28 16:36:00,2026-03-28,28,16.566666666666666,2.0,0.2833333333333333,5,5,3,localized,0.0,
second_war,690,2026-03-28 17:14:00,2026-03-28 17:15:00,2026-03-28,28,17.233333333333334,1.0,0.6666666666666666,3,3,2,localized,0.0,
second_war,691,2026-03-28 18:00:00,2026-03-28 18:00:00,2026-03-28,28,18.0,0.0,0.7666666666666667,14,14,1,localized,1.0,8.0
second_war,692,2026-03-28 18:58:00,2026-03-28 18:59:00,2026-03-28,28,18.966666666666665,1.0,0.9666666666666667,44,44,2,broad,1.0,4.0
second_war,693,2026-03-28 19:18:00,2026-03-28 19:18:00,2026-03-28,28,19.3,0.0,0.3333333333333333,1,1,1,localized,0.0,
second_war,694,2026-03-28 21:03:00,2026-03-28 21:07:00,2026-03-28,28,21.05,4.0,1.75,69,69,5,broad,0.5072463768115942,6.0
second_war,695,2026-03-28 22:51:00,2026-03-28 22:51:00,2026-03-28,28,22.85,0.0,1.8,7,7,1,localized,0.0,
second_war,696,2026-03-29 00:44:00,2026-03-29 00:44:00,2026-03-29,29,0.7333333333333333,0.0,1.8833333333333333,1,1,1,localized,0.0,
second_war,697,2026-03-29 01:09:00,2026-03-29 01:09:00,2026-03-29,29,1.15,0.0,0.4166666666666667,5,5,1,localized,0.0,
second_war,698,2026-03-29 01:28:00,2026-03-29 01:29:00,2026-03-29,29,1.4666666666666668,1.0,0.31666666666666665,43,43,2,broad,0.0,
second_war,699,2026-03-29 01:56:00,2026-03-29 01:57:00,2026-03-29,29,1.9333333333333333,1.0,0.4666666666666667,157,157,2,broad,0.3248407643312102,6.0
second_war,700,2026-03-29 02:06:00,2026-03-29 02:06:00,2026-03-29,29,2.1,0.0,0.16666666666666666,1,1,1,localized,0.0,
second_war,701,2026-03-29 02:24:00,2026-03-29 02:24:00,2026-03-29,29,2.4,0.0,0.3,10,10,1,localized,0.0,
second_war,702,2026-03-29 02:37:00,2026-03-29 02:43:00,2026-03-29,29,2.6166666666666667,6.0,0.21666666666666667,4,2,3,localized,0.0,
second_war,703,2026-03-29 05:06:00,2026-03-29 05:06:00,2026-03-29,29,5.1,0.0,2.4833333333333334,3,3,1,localized,0.0,
second_war,704,2026-03-29 05:22:00,2026-03-29 05:23:00,2026-03-29,29,5.366666666666666,1.0,0.26666666666666666,15,15,2,localized,1.0,3.0
second_war,705,2026-03-29 06:21:00,2026-03-29 06:26:00,2026-03-29,29,6.35,5.0,0.9833333333333333,2,2,2,localized,0.0,
second_war,706,2026-03-29 10:00:00,2026-03-29 10:01:00,2026-03-29,29,10.0,1.0,3.65,19,19,2,localized,1.0,5.0
second_war,707,2026-03-29 10:19:00,2026-03-29 10:21:00,2026-03-29,29,10.316666666666666,2.0,0.31666666666666665,31,31,2,broad,1.0,7.0
second_war,708,2026-03-29 13:27:00,2026-03-29 13:29:00,2026-03-29,29,13.45,2.0,3.1333333333333333,240,240,3,broad,0.9666666666666667,5.0
second_war,709,2026-03-29 13:41:00,2026-03-29 13:45:00,2026-03-29,29,13.683333333333334,4.0,0.23333333333333334,173,173,4,broad,0.9826589595375722,7.0
second_war,710,2026-03-29 13:56:00,2026-03-29 13:56:00,2026-03-29,29,13.933333333333334,0.0,0.25,1,1,1,localized,0.0,
second_war,711,2026-03-29 15:15:00,2026-03-29 15:24:00,2026-03-29,29,15.25,9.0,1.3166666666666667,58,58,3,broad,0.9655172413793104,5.0
second_war,712,2026-03-29 15:39:00,2026-03-29 15:41:00,2026-03-29,29,15.65,2.0,0.4,226,226,3,broad,0.7168141592920354,4.0
second_war,713,2026-03-29 16:08:00,2026-03-29 16:16:00,2026-03-29,29,16.133333333333333,8.0,0.48333333333333334,5,5,3,localized,0.0,
second_war,714,2026-03-29 16:29:00,2026-03-29 16:35:00,2026-03-29,29,16.483333333333334,6.0,0.35,3,3,2,localized,0.0,
second_war,715,2026-03-29 17:03:00,2026-03-29 17:03:00,2026-03-29,29,17.05,0.0,0.5666666666666667,2,2,1,localized,0.0,
second_war,716,2026-03-29 17:20:00,2026-03-29 17:20:00,2026-03-29,29,17.333333333333332,0.0,0.2833333333333333,1,1,1,localized,0.0,
second_war,717,2026-03-29 17:40:00,2026-03-29 17:41:00,2026-03-29,29,17.666666666666668,1.0,0.3333333333333333,112,112,2,broad,0.7767857142857143,6.0
second_war,718,2026-03-29 17:56:00,2026-03-29 17:56:00,2026-03-29,29,17.933333333333334,0.0,0.26666666666666666,1,1,1,localized,0.0,
second_war,719,2026-03-29 19:30:00,2026-03-29 19:30:00,2026-03-29,29,19.5,0.0,1.5666666666666667,86,86,1,broad,1.0,6.0
second_war,720,2026-03-29 19:44:00,2026-03-29 19:45:00,2026-03-29,29,19.733333333333334,1.0,0.23333333333333334,9,9,2,localized,0.0,
second_war,721,2026-03-29 20:02:00,2026-03-29 20:02:00,2026-03-29,29,20.033333333333335,0.0,0.3,12,12,1,localized,0.0,
second_war,722,2026-03-29 20:19:00,2026-03-29 20:19:00,2026-03-29,29,20.316666666666666,0.0,0.2833333333333333,2,2,1,localized,0.0,
second_war,723,2026-03-29 22:11:00,2026-03-29 22:12:00,2026-03-29,29,22.183333333333334,1.0,1.8666666666666667,50,50,2,broad,1.0,2.0
second_war,724,2026-03-29 23:09:00,2026-03-29 23:11:00,2026-03-29,29,23.15,2.0,0.9666666666666667,9,9,2,localized,0.5555555555555556,3.0
second_war,725,2026-03-30 01:01:00,2026-03-30 01:01:00,2026-03-30,30,1.0166666666666666,0.0,1.8666666666666667,1,1,1,localized,0.0,
second_war,726,2026-03-30 01:57:00,2026-03-30 01:57:00,2026-03-30,30,1.95,0.0,0.9333333333333333,1,1,1,localized,0.0,
second_war,727,2026-03-30 02:52:00,2026-03-30 02:52:00,2026-03-30,30,2.8666666666666667,0.0,0.9166666666666666,1,1,1,localized,0.0,
second_war,728,2026-03-30 04:01:00,2026-03-30 04:02:00,2026-03-30,30,4.016666666666667,1.0,1.15,7,7,2,localized,0.0,
second_war,729,2026-03-30 06:03:00,2026-03-30 06:03:00,2026-03-30,30,6.05,0.0,2.033333333333333,2,2,1,localized,0.0,
second_war,730,2026-03-30 06:48:00,2026-03-30 06:56:00,2026-03-30,30,6.8,8.0,0.75,17,17,3,localized,0.7647058823529411,6.0
second_war,731,2026-03-30 07:08:00,2026-03-30 07:09:00,2026-03-30,30,7.133333333333334,1.0,0.3333333333333333,87,87,2,broad,0.8735632183908046,5.0
second_war,732,2026-03-30 07:37:00,2026-03-30 07:38:00,2026-03-30,30,7.616666666666667,1.0,0.48333333333333334,81,81,2,broad,0.9629629629629629,5.0
second_war,733,2026-03-30 08:21:00,2026-03-30 08:21:00,2026-03-30,30,8.35,0.0,0.7333333333333333,1,1,1,localized,0.0,
second_war,734,2026-03-30 08:46:00,2026-03-30 08:47:00,2026-03-30,30,8.766666666666667,1.0,0.4166666666666667,18,18,2,localized,1.0,5.0
second_war,735,2026-03-30 09:25:00,2026-03-30 09:29:00,2026-03-30,30,9.416666666666666,4.0,0.65,2,1,2,localized,0.0,
second_war,736,2026-03-30 11:21:00,2026-03-30 11:33:00,2026-03-30,30,11.35,12.0,1.9333333333333333,374,271,9,broad,0.915129151291513,5.0
second_war,737,2026-03-30 12:49:00,2026-03-30 12:49:00,2026-03-30,30,12.816666666666666,0.0,1.4666666666666666,22,22,1,localized,1.0,6.0
second_war,738,2026-03-30 13:34:00,2026-03-30 13:34:00,2026-03-30,30,13.566666666666666,0.0,0.75,4,4,1,localized,0.0,
second_war,739,2026-03-30 13:58:00,2026-03-30 14:05:00,2026-03-30,30,13.966666666666667,7.0,0.4,2,1,2,localized,0.0,
second_war,740,2026-03-30 14:55:00,2026-03-30 14:55:00,2026-03-30,30,14.916666666666666,0.0,0.95,2,2,1,localized,0.0,
second_war,741,2026-03-30 15:25:00,2026-03-30 15:25:00,2026-03-30,30,15.416666666666666,0.0,0.5,9,9,1,localized,0.0,
second_war,742,2026-03-30 16:21:00,2026-03-30 16:21:00,2026-03-30,30,16.35,0.0,0.9333333333333333,2,2,1,localized,0.0,
second_war,743,2026-03-30 16:51:00,2026-03-30 16:56:00,2026-03-30,30,16.85,5.0,0.5,15,14,4,localized,0.0,
second_war,744,2026-03-30 18:45:00,2026-03-30 18:45:00,2026-03-30,30,18.75,0.0,1.9,8,8,1,localized,0.0,
second_war,745,2026-03-30 19:10:00,2026-03-30 19:10:00,2026-03-30,30,19.166666666666668,0.0,0.4166666666666667,14,14,1,localized,0.0,
second_war,746,2026-03-30 21:04:00,2026-03-30 21:06:00,2026-03-30,30,21.066666666666666,2.0,1.9,192,192,3,broad,1.0,4.0
second_war,747,2026-03-30 21:33:00,2026-03-30 21:34:00,2026-03-30,30,21.55,1.0,0.48333333333333334,192,192,2,broad,1.0,5.0
second_war,748,2026-03-31 01:40:00,2026-03-31 01:40:00,2026-03-31,31,1.6666666666666665,0.0,4.116666666666666,1,1,1,localized,0.0,
second_war,749,2026-03-31 03:25:00,2026-03-31 03:25:00,2026-03-31,31,3.4166666666666665,0.0,1.75,1,1,1,localized,0.0,
second_war,750,2026-03-31 05:33:00,2026-03-31 05:35:00,2026-03-31,31,5.55,2.0,2.1333333333333333,243,243,2,broad,1.0,4.0
second_war,751,2026-03-31 09:32:00,2026-03-31 09:32:00,2026-03-31,31,9.533333333333333,0.0,3.9833333333333334,143,143,1,broad,1.0,6.0
second_war,752,2026-03-31 11:02:00,2026-03-31 11:07:00,2026-03-31,31,11.033333333333333,5.0,1.5,173,173,4,broad,0.9421965317919075,4.0
second_war,753,2026-03-31 11:32:00,2026-03-31 11:33:00,2026-03-31,31,11.533333333333333,1.0,0.5,2,2,2,localized,0.0,
second_war,754,2026-03-31 12:45:00,2026-03-31 12:45:00,2026-03-31,31,12.75,0.0,1.2166666666666666,1,1,1,localized,0.0,
second_war,755,2026-03-31 13:37:00,2026-03-31 13:38:00,2026-03-31,31,13.616666666666667,1.0,0.8666666666666667,2,2,2,localized,0.0,
second_war,756,2026-03-31 13:49:00,2026-03-31 13:49:00,2026-03-31,31,13.816666666666666,0.0,0.2,1,1,1,localized,0.0,
second_war,757,2026-03-31 14:29:00,2026-03-31 14:52:00,2026-03-31,31,14.483333333333333,23.0,0.6666666666666666,9,5,7,localized,0.0,
second_war,758,2026-03-31 15:12:00,2026-03-31 15:12:00,2026-03-31,31,15.2,0.0,0.7166666666666667,1,1,1,localized,0.0,
second_war,759,2026-03-31 15:28:00,2026-03-31 15:28:00,2026-03-31,31,15.466666666666667,0.0,0.26666666666666666,1,1,1,localized,0.0,
second_war,760,2026-03-31 15:37:00,2026-03-31 15:37:00,2026-03-31,31,15.616666666666667,0.0,0.15,2,2,1,localized,0.0,
second_war,761,2026-03-31 16:04:00,2026-03-31 16:10:00,2026-03-31,31,16.066666666666666,6.0,0.45,3,3,2,localized,0.0,
second_war,762,2026-03-31 17:44:00,2026-03-31 17:49:00,2026-03-31,31,17.733333333333334,5.0,1.6666666666666667,3,3,2,localized,0.0,
second_war,763,2026-03-31 18:00:00,2026-03-31 18:00:00,2026-03-31,31,18.0,0.0,0.26666666666666666,11,11,1,localized,0.0,
second_war,764,2026-03-31 18:55:00,2026-03-31 18:55:00,2026-03-31,31,18.916666666666668,0.0,0.9166666666666666,2,2,1,localized,0.0,
second_war,765,2026-03-31 19:27:00,2026-03-31 19:27:00,2026-03-31,31,19.45,0.0,0.5333333333333333,2,2,1,localized,0.0,
second_war,766,2026-03-31 19:38:00,2026-03-31 19:38:00,2026-03-31,31,19.633333333333333,0.0,0.18333333333333332,2,2,1,localized,0.0,
second_war,767,2026-03-31 19:47:00,2026-03-31 19:49:00,2026-03-31,31,19.783333333333335,2.0,0.15,6,6,3,localized,0.0,
second_war,768,2026-03-31 19:59:00,2026-03-31 20:18:00,2026-03-31,31,19.983333333333334,19.0,0.2,209,154,14,broad,0.0,
second_war,769,2026-03-31 20:27:00,2026-03-31 20:40:00,2026-03-31,31,20.45,13.0,0.4666666666666667,6,3,4,localized,0.0,
second_war,770,2026-03-31 21:08:00,2026-03-31 21:08:00,2026-03-31,31,21.133333333333333,0.0,0.6833333333333333,1,1,1,localized,0.0,
second_war,771,2026-03-31 23:00:00,2026-03-31 23:00:00,2026-03-31,31,23.0,0.0,1.8666666666666667,3,3,1,localized,0.0,
second_war,772,2026-04-01 00:01:00,2026-04-01 00:03:00,2026-04-01,32,0.016666666666666666,2.0,1.0166666666666666,82,77,3,broad,0.0,
second_war,773,2026-04-01 00:35:00,2026-04-01 00:35:00,2026-04-01,32,0.5833333333333334,0.0,0.5666666666666667,2,2,1,localized,0.0,
second_war,774,2026-04-01 06:28:00,2026-04-01 06:29:00,2026-04-01,32,6.466666666666667,1.0,5.883333333333334,101,101,2,broad,0.9504950495049505,5.0
second_war,775,2026-04-01 06:44:00,2026-04-01 06:44:00,2026-04-01,32,6.733333333333333,0.0,0.26666666666666666,2,2,1,localized,0.0,
second_war,776,2026-04-01 07:53:00,2026-04-01 07:54:00,2026-04-01,32,7.883333333333333,1.0,1.15,150,150,2,broad,1.0,6.0
second_war,777,2026-04-01 08:35:00,2026-04-01 08:38:00,2026-04-01,32,8.583333333333334,3.0,0.7,306,306,4,broad,0.9869281045751634,5.0
second_war,778,2026-04-01 09:07:00,2026-04-01 09:08:00,2026-04-01,32,9.116666666666667,1.0,0.5333333333333333,136,136,2,broad,1.0,7.0
second_war,779,2026-04-01 09:28:00,2026-04-01 09:28:00,2026-04-01,32,9.466666666666667,0.0,0.35,1,1,1,localized,0.0,
second_war,780,2026-04-01 09:52:00,2026-04-01 09:52:00,2026-04-01,32,9.866666666666667,0.0,0.4,202,202,1,broad,1.0,7.0
second_war,781,2026-04-01 10:29:00,2026-04-01 10:29:00,2026-04-01,32,10.483333333333333,0.0,0.6166666666666667,1,1,1,localized,0.0,
second_war,782,2026-04-01 11:05:00,2026-04-01 11:10:00,2026-04-01,32,11.083333333333334,5.0,0.6,2,1,2,localized,0.0,
second_war,783,2026-04-01 13:06:00,2026-04-01 13:06:00,2026-04-01,32,13.1,0.0,2.0166666666666666,3,3,1,localized,0.0,
second_war,784,2026-04-01 13:25:00,2026-04-01 13:25:00,2026-04-01,32,13.416666666666666,0.0,0.31666666666666665,1,1,1,localized,0.0,
second_war,785,2026-04-01 14:59:00,2026-04-01 15:00:00,2026-04-01,32,14.983333333333333,1.0,1.5666666666666667,5,5,2,localized,0.0,
second_war,786,2026-04-01 15:24:00,2026-04-01 15:31:00,2026-04-01,32,15.4,7.0,0.4166666666666667,13,13,2,localized,0.0,
second_war,787,2026-04-01 15:43:00,2026-04-01 15:43:00,2026-04-01,32,15.716666666666667,0.0,0.31666666666666665,7,7,1,localized,0.0,
second_war,788,2026-04-01 16:14:00,2026-04-01 16:14:00,2026-04-01,32,16.233333333333334,0.0,0.5166666666666667,8,8,1,localized,0.0,
second_war,789,2026-04-01 17:20:00,2026-04-01 17:36:00,2026-04-01,32,17.333333333333332,16.0,1.1,1133,352,13,broad,0.9772727272727273,4.0
second_war,790,2026-04-01 18:02:00,2026-04-01 18:21:00,2026-04-01,32,18.033333333333335,19.0,0.7,197,197,7,broad,0.9746192893401016,5.0
second_war,791,2026-04-01 18:38:00,2026-04-01 18:38:00,2026-04-01,32,18.633333333333333,0.0,0.6,1,1,1,localized,0.0,
second_war,792,2026-04-01 19:48:00,2026-04-01 19:48:00,2026-04-01,32,19.8,0.0,1.1666666666666667,1,1,1,localized,0.0,
second_war,793,2026-04-01 20:18:00,2026-04-01 20:19:00,2026-04-01,32,20.3,1.0,0.5,56,56,2,broad,0.0,
second_war,794,2026-04-01 21:00:00,2026-04-01 21:00:00,2026-04-01,32,21.0,0.0,0.7,1,1,1,localized,0.0,
second_war,795,2026-04-01 22:02:00,2026-04-01 22:02:00,2026-04-01,32,22.033333333333335,0.0,1.0333333333333334,1,1,1,localized,0.0,
second_war,796,2026-04-01 23:17:00,2026-04-01 23:20:00,2026-04-01,32,23.283333333333335,3.0,1.25,4,4,2,localized,0.0,
second_war,797,2026-04-01 23:31:00,2026-04-01 23:31:00,2026-04-01,32,23.516666666666666,0.0,0.23333333333333334,3,3,1,localized,0.0,
second_war,798,2026-04-01 23:45:00,2026-04-01 23:45:00,2026-04-01,32,23.75,0.0,0.23333333333333334,1,1,1,localized,0.0,
second_war,799,2026-04-02 00:58:00,2026-04-02 00:58:00,2026-04-02,33,0.9666666666666667,0.0,1.2166666666666666,2,2,1,localized,0.0,
second_war,800,2026-04-02 01:18:00,2026-04-02 01:18:00,2026-04-02,33,1.3,0.0,0.3333333333333333,1,1,1,localized,0.0,
second_war,801,2026-04-02 01:41:00,2026-04-02 01:48:00,2026-04-02,33,1.6833333333333333,7.0,0.38333333333333336,191,191,3,broad,0.9162303664921466,6.0
second_war,802,2026-04-02 03:29:00,2026-04-02 03:30:00,2026-04-02,33,3.4833333333333334,1.0,1.8,297,297,2,broad,1.0,5.0
second_war,803,2026-04-02 04:46:00,2026-04-02 04:48:00,2026-04-02,33,4.766666666666667,2.0,1.2833333333333334,251,251,3,broad,0.6693227091633466,3.0
second_war,804,2026-04-02 06:00:00,2026-04-02 06:00:00,2026-04-02,33,6.0,0.0,1.2333333333333334,1,1,1,localized,0.0,
second_war,805,2026-04-02 06:21:00,2026-04-02 06:21:00,2026-04-02,33,6.35,0.0,0.35,1,1,1,localized,0.0,
second_war,806,2026-04-02 06:34:00,2026-04-02 06:34:00,2026-04-02,33,6.566666666666666,0.0,0.21666666666666667,1,1,1,localized,0.0,
second_war,807,2026-04-02 07:19:00,2026-04-02 07:20:00,2026-04-02,33,7.316666666666666,1.0,0.75,119,119,2,broad,1.0,6.0
second_war,808,2026-04-02 08:00:00,2026-04-02 08:00:00,2026-04-02,33,8.0,0.0,0.6833333333333333,1,1,1,localized,0.0,
second_war,809,2026-04-02 08:22:00,2026-04-02 08:22:00,2026-04-02,33,8.366666666666667,0.0,0.36666666666666664,3,3,1,localized,0.0,
second_war,810,2026-04-02 08:58:00,2026-04-02 09:05:00,2026-04-02,33,8.966666666666667,7.0,0.6,22,16,6,localized,0.0,
second_war,811,2026-04-02 10:21:00,2026-04-02 10:21:00,2026-04-02,33,10.35,0.0,1.3833333333333333,2,2,1,localized,0.0,
second_war,812,2026-04-02 10:30:00,2026-04-02 10:30:00,2026-04-02,33,10.5,0.0,0.15,1,1,1,localized,0.0,
second_war,813,2026-04-02 10:50:00,2026-04-02 10:50:00,2026-04-02,33,10.833333333333334,0.0,0.3333333333333333,1,1,1,localized,0.0,
second_war,814,2026-04-02 12:02:00,2026-04-02 12:02:00,2026-04-02,33,12.033333333333333,0.0,1.2,1,1,1,localized,0.0,
second_war,815,2026-04-02 14:03:00,2026-04-02 14:11:00,2026-04-02,33,14.05,8.0,2.0166666666666666,2,2,2,localized,0.0,
second_war,816,2026-04-02 14:50:00,2026-04-02 14:50:00,2026-04-02,33,14.833333333333334,0.0,0.7833333333333333,3,3,1,localized,0.0,
second_war,817,2026-04-02 15:16:00,2026-04-02 15:17:00,2026-04-02,33,15.266666666666667,1.0,0.43333333333333335,10,10,2,localized,0.0,
second_war,818,2026-04-02 16:25:00,2026-04-02 16:25:00,2026-04-02,33,16.416666666666668,0.0,1.15,1,1,1,localized,0.0,
second_war,819,2026-04-02 16:37:00,2026-04-02 16:37:00,2026-04-02,33,16.616666666666667,0.0,0.2,14,14,1,localized,0.0,
second_war,820,2026-04-02 16:48:00,2026-04-02 16:48:00,2026-04-02,33,16.8,0.0,0.18333333333333332,1,1,1,localized,0.0,
second_war,821,2026-04-02 17:04:00,2026-04-02 17:04:00,2026-04-02,33,17.066666666666666,0.0,0.26666666666666666,7,7,1,localized,0.0,
second_war,822,2026-04-02 17:29:00,2026-04-02 17:29:00,2026-04-02,33,17.483333333333334,0.0,0.4166666666666667,3,3,1,localized,0.0,
second_war,823,2026-04-02 17:49:00,2026-04-02 17:51:00,2026-04-02,33,17.816666666666666,2.0,0.3333333333333333,255,255,3,broad,0.3843137254901961,2.0
second_war,824,2026-04-02 18:16:00,2026-04-02 18:17:00,2026-04-02,33,18.266666666666666,1.0,0.45,15,15,2,localized,0.0,
second_war,825,2026-04-02 19:00:00,2026-04-02 19:00:00,2026-04-02,33,19.0,0.0,0.7333333333333333,1,1,1,localized,0.0,
second_war,826,2026-04-02 19:13:00,2026-04-02 19:16:00,2026-04-02,33,19.216666666666665,3.0,0.21666666666666667,16,16,2,localized,0.0,
second_war,827,2026-04-02 19:26:00,2026-04-02 19:30:00,2026-04-02,33,19.433333333333334,4.0,0.21666666666666667,421,421,5,broad,0.8408551068883611,6.0
second_war,828,2026-04-02 19:47:00,2026-04-02 19:48:00,2026-04-02,33,19.783333333333335,1.0,0.35,96,96,2,broad,1.0,2.0
second_war,829,2026-04-02 20:05:00,2026-04-02 20:05:00,2026-04-02,33,20.083333333333332,0.0,0.3,1,1,1,localized,0.0,
second_war,830,2026-04-02 20:51:00,2026-04-02 20:59:00,2026-04-02,33,20.85,8.0,0.7666666666666667,2,2,2,localized,0.0,
second_war,831,2026-04-03 02:07:00,2026-04-03 02:07:00,2026-04-03,34,2.1166666666666667,0.0,5.266666666666667,2,2,1,localized,0.0,
second_war,832,2026-04-03 02:28:00,2026-04-03 02:28:00,2026-04-03,34,2.466666666666667,0.0,0.35,1,1,1,localized,0.0,
second_war,833,2026-04-03 03:15:00,2026-04-03 03:15:00,2026-04-03,34,3.25,0.0,0.7833333333333333,119,119,1,broad,0.9915966386554622,7.0
second_war,834,2026-04-03 06:04:00,2026-04-03 06:04:00,2026-04-03,34,6.066666666666666,0.0,2.816666666666667,1,1,1,localized,0.0,
second_war,835,2026-04-03 06:18:00,2026-04-03 06:18:00,2026-04-03,34,6.3,0.0,0.23333333333333334,3,3,1,localized,0.0,
second_war,836,2026-04-03 08:00:00,2026-04-03 08:00:00,2026-04-03,34,8.0,0.0,1.7,1,1,1,localized,0.0,
second_war,837,2026-04-03 08:20:00,2026-04-03 08:21:00,2026-04-03,34,8.333333333333334,1.0,0.3333333333333333,6,6,2,localized,0.0,
second_war,838,2026-04-03 08:57:00,2026-04-03 09:02:00,2026-04-03,34,8.95,5.0,0.6166666666666667,10,8,5,localized,0.0,
second_war,839,2026-04-03 09:12:00,2026-04-03 09:12:00,2026-04-03,34,9.2,0.0,0.25,10,10,1,localized,0.0,
second_war,840,2026-04-03 09:32:00,2026-04-03 09:36:00,2026-04-03,34,9.533333333333333,4.0,0.3333333333333333,13,13,3,localized,0.0,
second_war,841,2026-04-03 10:03:00,2026-04-03 10:03:00,2026-04-03,34,10.05,0.0,0.5166666666666667,1,1,1,localized,0.0,
second_war,842,2026-04-03 10:54:00,2026-04-03 10:54:00,2026-04-03,34,10.9,0.0,0.85,124,124,1,broad,1.0,6.0
second_war,843,2026-04-03 11:46:00,2026-04-03 11:46:00,2026-04-03,34,11.766666666666667,0.0,0.8666666666666667,2,2,1,localized,0.0,
second_war,844,2026-04-03 13:20:00,2026-04-03 13:20:00,2026-04-03,34,13.333333333333334,0.0,1.5666666666666667,5,5,1,localized,0.0,
second_war,845,2026-04-03 13:56:00,2026-04-03 13:56:00,2026-04-03,34,13.933333333333334,0.0,0.6,1,1,1,localized,0.0,
second_war,846,2026-04-03 14:27:00,2026-04-03 14:27:00,2026-04-03,34,14.45,0.0,0.5166666666666667,4,4,1,localized,0.0,
second_war,847,2026-04-03 15:51:00,2026-04-03 15:51:00,2026-04-03,34,15.85,0.0,1.4,3,3,1,localized,0.0,
second_war,848,2026-04-03 16:12:00,2026-04-03 16:14:00,2026-04-03,34,16.2,2.0,0.35,254,254,3,broad,1.0,4.0
second_war,849,2026-04-03 16:23:00,2026-04-03 16:23:00,2026-04-03,34,16.383333333333333,0.0,0.18333333333333332,7,7,1,localized,0.0,
second_war,850,2026-04-03 16:36:00,2026-04-03 16:36:00,2026-04-03,34,16.6,0.0,0.21666666666666667,3,3,1,localized,0.0,
second_war,851,2026-04-03 17:06:00,2026-04-03 17:07:00,2026-04-03,34,17.1,1.0,0.5,8,8,2,localized,0.0,
second_war,852,2026-04-03 18:00:00,2026-04-03 18:04:00,2026-04-03,34,18.0,4.0,0.9,10,10,3,localized,0.0,
second_war,853,2026-04-03 18:26:00,2026-04-03 18:34:00,2026-04-03,34,18.433333333333334,8.0,0.43333333333333335,506,388,9,broad,0.7731958762886598,7.0
second_war,854,2026-04-03 18:49:00,2026-04-03 18:52:00,2026-04-03,34,18.816666666666666,3.0,0.38333333333333336,245,245,4,broad,1.0,3.0
second_war,855,2026-04-03 19:31:00,2026-04-03 19:33:00,2026-04-03,34,19.516666666666666,2.0,0.7,227,227,3,broad,1.0,7.0
second_war,856,2026-04-03 21:16:00,2026-04-03 21:16:00,2026-04-03,34,21.266666666666666,0.0,1.75,2,2,1,localized,1.0,23.0
second_war,857,2026-04-03 22:57:00,2026-04-03 22:59:00,2026-04-03,34,22.95,2.0,1.6833333333333333,222,202,3,broad,0.0,
second_war,858,2026-04-03 23:08:00,2026-04-03 23:09:00,2026-04-03,34,23.133333333333333,1.0,0.18333333333333332,8,8,2,localized,0.0,
second_war,859,2026-04-03 23:38:00,2026-04-03 23:38:00,2026-04-03,34,23.633333333333333,0.0,0.5,1,1,1,localized,0.0,
second_war,860,2026-04-04 00:03:00,2026-04-04 00:03:00,2026-04-04,35,0.05,0.0,0.4166666666666667,11,11,1,localized,0.0,
second_war,861,2026-04-04 00:34:00,2026-04-04 00:34:00,2026-04-04,35,0.5666666666666667,0.0,0.5166666666666667,2,2,1,localized,0.0,
second_war,862,2026-04-04 01:31:00,2026-04-04 01:33:00,2026-04-04,35,1.5166666666666666,2.0,0.95,33,33,2,broad,1.0,5.0
second_war,863,2026-04-04 02:00:00,2026-04-04 02:01:00,2026-04-04,35,2.0,1.0,0.48333333333333334,149,149,2,broad,1.0,5.0
second_war,864,2026-04-04 07:27:00,2026-04-04 07:27:00,2026-04-04,35,7.45,0.0,5.45,3,3,1,localized,0.0,
second_war,865,2026-04-04 09:38:00,2026-04-04 09:39:00,2026-04-04,35,9.633333333333333,1.0,2.183333333333333,5,5,2,localized,0.0,
second_war,866,2026-04-04 10:29:00,2026-04-04 10:29:00,2026-04-04,35,10.483333333333333,0.0,0.85,1,1,1,localized,0.0,
second_war,867,2026-04-04 11:50:00,2026-04-04 11:51:00,2026-04-04,35,11.833333333333334,1.0,1.35,194,194,2,broad,0.979381443298969,5.0
second_war,868,2026-04-04 14:56:00,2026-04-04 14:56:00,2026-04-04,35,14.933333333333334,0.0,3.1,143,143,1,broad,0.993006993006993,6.0
second_war,869,2026-04-04 16:25:00,2026-04-04 16:26:00,2026-04-04,35,16.416666666666668,1.0,1.4833333333333334,182,182,2,broad,1.0,6.0
second_war,870,2026-04-04 16:50:00,2026-04-04 16:51:00,2026-04-04,35,16.833333333333332,1.0,0.4166666666666667,15,15,2,localized,1.0,30.0
second_war,871,2026-04-04 17:45:00,2026-04-04 17:49:00,2026-04-04,35,17.75,4.0,0.9166666666666666,176,176,2,broad,0.9943181818181818,6.0
second_war,872,2026-04-04 17:59:00,2026-04-04 18:00:00,2026-04-04,35,17.983333333333334,1.0,0.23333333333333334,4,4,2,localized,1.0,16.5
second_war,873,2026-04-04 18:25:00,2026-04-04 18:30:00,2026-04-04,35,18.416666666666668,5.0,0.43333333333333335,236,209,4,broad,0.6363636363636364,2.0
second_war,874,2026-04-04 18:43:00,2026-04-04 18:51:00,2026-04-04,35,18.716666666666665,8.0,0.3,10,10,2,localized,0.1,60.0
second_war,875,2026-04-04 19:12:00,2026-04-04 19:12:00,2026-04-04,35,19.2,0.0,0.48333333333333334,1,1,1,localized,0.0,
second_war,876,2026-04-04 19:28:00,2026-04-04 19:30:00,2026-04-04,35,19.466666666666665,2.0,0.26666666666666666,255,255,3,broad,0.9137254901960784,4.0
second_war,877,2026-04-04 20:35:00,2026-04-04 20:35:00,2026-04-04,35,20.583333333333332,0.0,1.1166666666666667,72,72,1,broad,1.0,3.0
second_war,878,2026-04-05 01:42:00,2026-04-05 01:42:00,2026-04-05,36,1.7,0.0,5.116666666666666,48,48,1,broad,1.0,6.0
second_war,879,2026-04-05 04:11:00,2026-04-05 04:13:00,2026-04-05,36,4.183333333333334,2.0,2.4833333333333334,244,244,3,broad,0.9672131147540983,4.0
second_war,880,2026-04-05 08:49:00,2026-04-05 08:49:00,2026-04-05,36,8.816666666666666,0.0,4.633333333333334,3,3,1,localized,0.0,
second_war,881,2026-04-05 09:18:00,2026-04-05 09:18:00,2026-04-05,36,9.3,0.0,0.48333333333333334,1,1,1,localized,0.0,
second_war,882,2026-04-05 10:05:00,2026-04-05 10:06:00,2026-04-05,36,10.083333333333334,1.0,0.7833333333333333,164,164,2,broad,1.0,6.0
second_war,883,2026-04-05 10:34:00,2026-04-05 10:34:00,2026-04-05,36,10.566666666666666,0.0,0.48333333333333334,2,2,1,localized,0.0,
second_war,884,2026-04-05 10:58:00,2026-04-05 10:58:00,2026-04-05,36,10.966666666666667,0.0,0.4,2,2,1,localized,0.0,
second_war,885,2026-04-05 11:38:00,2026-04-05 11:38:00,2026-04-05,36,11.633333333333333,0.0,0.6666666666666666,7,7,1,localized,0.0,
second_war,886,2026-04-05 11:53:00,2026-04-05 11:54:00,2026-04-05,36,11.883333333333333,1.0,0.25,9,9,2,localized,0.0,
second_war,887,2026-04-05 12:59:00,2026-04-05 13:12:00,2026-04-05,36,12.983333333333333,13.0,1.1,6,5,4,localized,0.0,
second_war,888,2026-04-05 13:33:00,2026-04-05 13:35:00,2026-04-05,36,13.55,2.0,0.5666666666666667,34,34,2,broad,1.0,7.0
second_war,889,2026-04-05 13:48:00,2026-04-05 13:50:00,2026-04-05,36,13.8,2.0,0.25,32,32,2,broad,0.96875,6.0
second_war,890,2026-04-05 14:07:00,2026-04-05 14:07:00,2026-04-05,36,14.116666666666667,0.0,0.31666666666666665,1,1,1,localized,0.0,
second_war,891,2026-04-05 14:38:00,2026-04-05 14:51:00,2026-04-05,36,14.633333333333333,13.0,0.5166666666666667,7,6,4,localized,0.0,
second_war,892,2026-04-05 15:24:00,2026-04-05 15:24:00,2026-04-05,36,15.4,0.0,0.7666666666666667,9,9,1,localized,0.0,
second_war,893,2026-04-05 15:46:00,2026-04-05 15:46:00,2026-04-05,36,15.766666666666667,0.0,0.36666666666666664,11,11,1,localized,0.0,
second_war,894,2026-04-05 15:58:00,2026-04-05 15:58:00,2026-04-05,36,15.966666666666667,0.0,0.2,4,4,1,localized,0.0,
second_war,895,2026-04-05 17:26:00,2026-04-05 17:26:00,2026-04-05,36,17.433333333333334,0.0,1.4666666666666666,1,1,1,localized,0.0,
second_war,896,2026-04-05 18:12:00,2026-04-05 18:15:00,2026-04-05,36,18.2,3.0,0.7666666666666667,149,149,2,broad,0.9932885906040269,3.0
second_war,897,2026-04-05 18:59:00,2026-04-05 19:05:00,2026-04-05,36,18.983333333333334,6.0,0.7833333333333333,9,9,4,localized,1.0,52.0
second_war,898,2026-04-06 00:31:00,2026-04-06 00:31:00,2026-04-06,37,0.5166666666666667,0.0,5.533333333333333,2,2,1,localized,0.0,
second_war,899,2026-04-06 02:26:00,2026-04-06 02:27:00,2026-04-06,37,2.4333333333333336,1.0,1.9166666666666667,12,12,2,localized,0.0,
second_war,900,2026-04-06 02:57:00,2026-04-06 02:57:00,2026-04-06,37,2.95,0.0,0.5166666666666667,5,5,1,localized,0.0,
second_war,901,2026-04-06 03:26:00,2026-04-06 03:38:00,2026-04-06,37,3.4333333333333336,12.0,0.48333333333333334,705,324,6,broad,0.9197530864197531,6.0
second_war,902,2026-04-06 05:48:00,2026-04-06 05:49:00,2026-04-06,37,5.8,1.0,2.3666666666666667,113,113,2,broad,1.0,5.0
second_war,903,2026-04-06 06:49:00,2026-04-06 06:50:00,2026-04-06,37,6.816666666666666,1.0,1.0166666666666666,149,149,2,broad,0.9932885906040269,6.0
second_war,904,2026-04-06 07:59:00,2026-04-06 08:01:00,2026-04-06,37,7.983333333333333,2.0,1.1666666666666667,87,87,3,broad,0.8850574712643678,6.0
second_war,905,2026-04-06 10:00:00,2026-04-06 10:01:00,2026-04-06,37,10.0,1.0,2.0166666666666666,3,3,2,localized,0.0,
second_war,906,2026-04-06 10:56:00,2026-04-06 10:56:00,2026-04-06,37,10.933333333333334,0.0,0.9333333333333333,1,1,1,localized,0.0,
second_war,907,2026-04-06 11:25:00,2026-04-06 11:25:00,2026-04-06,37,11.416666666666666,0.0,0.48333333333333334,3,3,1,localized,0.0,
second_war,908,2026-04-06 12:43:00,2026-04-06 12:44:00,2026-04-06,37,12.716666666666667,1.0,1.3,17,17,2,localized,0.0,
second_war,909,2026-04-06 13:38:00,2026-04-06 13:39:00,2026-04-06,37,13.633333333333333,1.0,0.9166666666666666,275,275,2,broad,0.9927272727272727,5.0
second_war,910,2026-04-06 15:47:00,2026-04-06 16:00:00,2026-04-06,37,15.783333333333333,13.0,2.15,636,402,7,broad,0.9527363184079602,7.0
second_war,911,2026-04-06 16:43:00,2026-04-06 16:57:00,2026-04-06,37,16.716666666666665,14.0,0.9333333333333333,10,10,4,localized,0.0,
second_war,912,2026-04-06 17:36:00,2026-04-06 17:39:00,2026-04-06,37,17.6,3.0,0.8833333333333333,3,3,2,localized,0.0,
second_war,913,2026-04-06 18:40:00,2026-04-06 18:40:00,2026-04-06,37,18.666666666666668,0.0,1.0666666666666667,1,1,1,localized,0.0,
second_war,914,2026-04-06 19:07:00,2026-04-06 19:07:00,2026-04-06,37,19.116666666666667,0.0,0.45,3,3,1,localized,0.0,
second_war,915,2026-04-06 20:27:00,2026-04-06 20:27:00,2026-04-06,37,20.45,0.0,1.3333333333333333,2,2,1,localized,0.0,
second_war,916,2026-04-06 20:36:00,2026-04-06 20:36:00,2026-04-06,37,20.6,0.0,0.15,1,1,1,localized,0.0,
second_war,917,2026-04-06 23:56:00,2026-04-06 23:56:00,2026-04-06,37,23.933333333333334,0.0,3.3333333333333335,1,1,1,localized,0.0,
second_war,918,2026-04-07 00:42:00,2026-04-07 00:42:00,2026-04-07,38,0.7,0.0,0.7666666666666667,2,2,1,localized,0.0,
second_war,919,2026-04-07 02:40:00,2026-04-07 02:40:00,2026-04-07,38,2.6666666666666665,0.0,1.9666666666666666,1,1,1,localized,0.0,
second_war,920,2026-04-07 03:31:00,2026-04-07 03:32:00,2026-04-07,38,3.5166666666666666,1.0,0.85,29,29,2,broad,0.9655172413793104,5.0
second_war,921,2026-04-07 06:55:00,2026-04-07 06:55:00,2026-04-07,38,6.916666666666667,0.0,3.4,4,4,1,localized,0.0,
second_war,922,2026-04-07 08:05:00,2026-04-07 08:05:00,2026-04-07,38,8.083333333333334,0.0,1.1666666666666667,6,6,1,localized,0.0,
second_war,923,2026-04-07 08:39:00,2026-04-07 08:47:00,2026-04-07,38,8.65,8.0,0.5666666666666667,5,4,3,localized,0.0,
second_war,924,2026-04-07 09:01:00,2026-04-07 09:11:00,2026-04-07,38,9.016666666666667,10.0,0.36666666666666664,256,251,4,broad,0.9840637450199203,5.0
second_war,925,2026-04-07 09:28:00,2026-04-07 09:28:00,2026-04-07,38,9.466666666666667,0.0,0.45,3,3,1,localized,0.0,
second_war,926,2026-04-07 09:55:00,2026-04-07 09:55:00,2026-04-07,38,9.916666666666666,0.0,0.45,3,3,1,localized,0.0,
second_war,927,2026-04-07 10:08:00,2026-04-07 10:16:00,2026-04-07,38,10.133333333333333,8.0,0.21666666666666667,5,5,2,localized,0.0,
second_war,928,2026-04-07 10:31:00,2026-04-07 10:41:00,2026-04-07,38,10.516666666666667,10.0,0.38333333333333336,16,15,3,localized,0.0,
second_war,929,2026-04-07 10:57:00,2026-04-07 10:57:00,2026-04-07,38,10.95,0.0,0.43333333333333335,3,3,1,localized,0.0,
second_war,930,2026-04-07 11:18:00,2026-04-07 11:20:00,2026-04-07,38,11.3,2.0,0.35,2,2,2,localized,0.0,
second_war,931,2026-04-07 11:54:00,2026-04-07 11:58:00,2026-04-07,38,11.9,4.0,0.6,8,8,2,localized,0.0,
second_war,932,2026-04-07 12:09:00,2026-04-07 12:17:00,2026-04-07,38,12.15,8.0,0.25,4,4,2,localized,0.0,
second_war,933,2026-04-07 13:01:00,2026-04-07 13:07:00,2026-04-07,38,13.016666666666667,6.0,0.8666666666666667,233,233,4,broad,0.9055793991416309,6.0
second_war,934,2026-04-07 13:21:00,2026-04-07 13:22:00,2026-04-07,38,13.35,1.0,0.3333333333333333,12,12,2,localized,0.0,
second_war,935,2026-04-07 14:31:00,2026-04-07 14:31:00,2026-04-07,38,14.516666666666667,0.0,1.1666666666666667,1,1,1,localized,0.0,
second_war,936,2026-04-07 14:49:00,2026-04-07 15:04:00,2026-04-07,38,14.816666666666666,15.0,0.3,6,5,3,localized,0.0,
second_war,937,2026-04-07 15:22:00,2026-04-07 15:22:00,2026-04-07,38,15.366666666666667,0.0,0.55,1,1,1,localized,0.0,
second_war,938,2026-04-07 15:31:00,2026-04-07 15:31:00,2026-04-07,38,15.516666666666667,0.0,0.15,7,7,1,localized,0.0,
second_war,939,2026-04-07 15:50:00,2026-04-07 15:53:00,2026-04-07,38,15.833333333333334,3.0,0.31666666666666665,2,2,2,localized,0.0,
second_war,940,2026-04-07 16:14:00,2026-04-07 16:17:00,2026-04-07,38,16.233333333333334,3.0,0.4,43,43,4,broad,0.7209302325581395,6.0
second_war,941,2026-04-07 16:31:00,2026-04-07 16:31:00,2026-04-07,38,16.516666666666666,0.0,0.2833333333333333,8,8,1,localized,0.0,
second_war,942,2026-04-07 16:41:00,2026-04-07 16:41:00,2026-04-07,38,16.683333333333334,0.0,0.16666666666666666,2,2,1,localized,0.0,
second_war,943,2026-04-07 17:10:00,2026-04-07 17:10:00,2026-04-07,38,17.166666666666668,0.0,0.48333333333333334,1,1,1,localized,0.0,
second_war,944,2026-04-07 17:42:00,2026-04-07 17:42:00,2026-04-07,38,17.7,0.0,0.5333333333333333,1,1,1,localized,0.0,
second_war,945,2026-04-07 18:18:00,2026-04-07 18:23:00,2026-04-07,38,18.3,5.0,0.6,329,329,3,broad,0.9878419452887538,2.0
second_war,946,2026-04-07 18:41:00,2026-04-07 18:42:00,2026-04-07,38,18.683333333333334,1.0,0.38333333333333336,242,242,2,broad,1.0,4.0
second_war,947,2026-04-07 19:00:00,2026-04-07 19:01:00,2026-04-07,38,19.0,1.0,0.31666666666666665,2,2,2,localized,0.0,
second_war,948,2026-04-07 20:39:00,2026-04-07 20:40:00,2026-04-07,38,20.65,1.0,1.65,19,19,2,localized,0.9473684210526315,6.0
second_war,949,2026-04-07 22:04:00,2026-04-07 22:05:00,2026-04-07,38,22.066666666666666,1.0,1.4166666666666667,71,71,2,broad,1.0,6.0
second_war,950,2026-04-08 01:46:00,2026-04-08 01:47:00,2026-04-08,39,1.7666666666666666,1.0,3.7,180,180,2,broad,1.0,5.0
second_war,951,2026-04-08 02:40:00,2026-04-08 02:41:00,2026-04-08,39,2.6666666666666665,1.0,0.9,82,82,2,broad,1.0,6.0
second_war,952,2026-04-08 03:23:00,2026-04-08 03:29:00,2026-04-08,39,3.3833333333333333,6.0,0.7166666666666667,185,185,4,broad,0.9351351351351351,34.0
second_war,953,2026-04-08 16:24:00,2026-04-08 16:24:00,2026-04-08,39,16.4,0.0,13.016666666666667,3,3,1,localized,0.0,
second_war,954,2026-04-08 17:14:00,2026-04-08 17:14:00,2026-04-08,39,17.233333333333334,0.0,0.8333333333333334,2,2,1,localized,0.0,
second_war,955,2026-04-09 02:22:00,2026-04-09 02:22:00,2026-04-09,40,2.3666666666666667,0.0,9.133333333333333,2,2,1,localized,0.0,
second_war,956,2026-04-09 06:39:00,2026-04-09 06:39:00,2026-04-09,40,6.65,0.0,4.283333333333333,1,1,1,localized,0.0,
second_war,957,2026-04-09 10:01:00,2026-04-09 10:01:00,2026-04-09,40,10.016666666666667,0.0,3.3666666666666667,4,4,1,localized,0.0,
second_war,958,2026-04-09 11:00:00,2026-04-09 11:00:00,2026-04-09,40,11.0,0.0,0.9833333333333333,4,4,1,localized,0.0,
second_war,959,2026-04-09 11:22:00,2026-04-09 11:26:00,2026-04-09,40,11.366666666666667,4.0,0.36666666666666664,5,4,4,localized,0.0,
second_war,960,2026-04-09 11:39:00,2026-04-09 11:40:00,2026-04-09,40,11.65,1.0,0.2833333333333333,2,2,2,localized,0.0,
second_war,961,2026-04-09 11:49:00,2026-04-09 11:50:00,2026-04-09,40,11.816666666666666,1.0,0.16666666666666666,4,4,2,localized,0.0,
second_war,962,2026-04-09 12:01:00,2026-04-09 12:18:00,2026-04-09,40,12.016666666666667,17.0,0.2,13,8,5,localized,0.0,
second_war,963,2026-04-09 13:01:00,2026-04-09 13:05:00,2026-04-09,40,13.016666666666667,4.0,1.0,3,3,2,localized,0.0,
second_war,964,2026-04-09 13:26:00,2026-04-09 13:34:00,2026-04-09,40,13.433333333333334,8.0,0.4166666666666667,12,9,3,localized,0.0,
second_war,965,2026-04-09 15:30:00,2026-04-09 15:31:00,2026-04-09,40,15.5,1.0,2.066666666666667,2,2,2,localized,0.0,
second_war,966,2026-04-09 15:46:00,2026-04-09 15:46:00,2026-04-09,40,15.766666666666667,0.0,0.26666666666666666,1,1,1,localized,0.0,
second_war,967,2026-04-09 16:09:00,2026-04-09 16:09:00,2026-04-09,40,16.15,0.0,0.38333333333333336,10,10,1,localized,0.0,
second_war,968,2026-04-09 18:28:00,2026-04-09 18:34:00,2026-04-09,40,18.466666666666665,6.0,2.316666666666667,5,5,2,localized,0.0,
second_war,969,2026-04-09 18:48:00,2026-04-09 18:53:00,2026-04-09,40,18.8,5.0,0.3333333333333333,15,11,4,localized,0.0,
second_war,970,2026-04-09 19:21:00,2026-04-09 19:21:00,2026-04-09,40,19.35,0.0,0.55,4,4,1,localized,0.0,
second_war,971,2026-04-09 19:52:00,2026-04-09 19:52:00,2026-04-09,40,19.866666666666667,0.0,0.5166666666666667,14,14,1,localized,0.0,
second_war,972,2026-04-09 20:19:00,2026-04-09 20:22:00,2026-04-09,40,20.316666666666666,3.0,0.45,3,2,2,localized,0.0,
second_war,973,2026-04-09 23:00:00,2026-04-09 23:01:00,2026-04-09,40,23.0,1.0,2.683333333333333,34,34,2,broad,0.0,
second_war,974,2026-04-10 00:02:00,2026-04-10 00:02:00,2026-04-10,41,0.03333333333333333,0.0,1.0333333333333334,1,1,1,localized,0.0,
second_war,975,2026-04-10 00:18:00,2026-04-10 00:19:00,2026-04-10,41,0.3,1.0,0.26666666666666666,6,6,2,localized,0.0,
second_war,976,2026-04-10 01:13:00,2026-04-10 01:14:00,2026-04-10,41,1.2166666666666668,1.0,0.9166666666666666,61,61,2,broad,0.01639344262295082,1.0
second_war,977,2026-04-10 07:32:00,2026-04-10 07:33:00,2026-04-10,41,7.533333333333333,1.0,6.316666666666666,3,2,2,localized,0.0,
second_war,978,2026-04-10 08:04:00,2026-04-10 08:04:00,2026-04-10,41,8.066666666666666,0.0,0.5333333333333333,2,2,1,localized,0.0,
second_war,979,2026-04-10 09:16:00,2026-04-10 09:17:00,2026-04-10,41,9.266666666666667,1.0,1.2,2,2,2,localized,0.0,
second_war,980,2026-04-10 10:18:00,2026-04-10 10:18:00,2026-04-10,41,10.3,0.0,1.0333333333333334,1,1,1,localized,0.0,
second_war,981,2026-04-10 10:29:00,2026-04-10 10:35:00,2026-04-10,41,10.483333333333333,6.0,0.18333333333333332,11,7,4,localized,0.0,
second_war,982,2026-04-10 11:01:00,2026-04-10 11:02:00,2026-04-10,41,11.016666666666667,1.0,0.5333333333333333,2,2,2,localized,0.0,
second_war,983,2026-04-10 13:25:00,2026-04-10 13:25:00,2026-04-10,41,13.416666666666666,0.0,2.4,1,1,1,localized,0.0,
second_war,984,2026-04-10 14:49:00,2026-04-10 14:50:00,2026-04-10,41,14.816666666666666,1.0,1.4,15,10,2,localized,0.0,
second_war,985,2026-04-10 15:01:00,2026-04-10 15:03:00,2026-04-10,41,15.016666666666667,2.0,0.2,3,2,2,localized,0.0,
second_war,986,2026-04-10 16:05:00,2026-04-10 16:05:00,2026-04-10,41,16.083333333333332,0.0,1.0666666666666667,11,11,1,localized,0.0,
second_war,987,2026-04-10 16:29:00,2026-04-10 16:29:00,2026-04-10,41,16.483333333333334,0.0,0.4,1,1,1,localized,0.0,
second_war,988,2026-04-10 16:38:00,2026-04-10 16:38:00,2026-04-10,41,16.633333333333333,0.0,0.15,1,1,1,localized,0.0,
second_war,989,2026-04-10 16:56:00,2026-04-10 17:00:00,2026-04-10,41,16.933333333333334,4.0,0.3,17,11,2,localized,0.0,
second_war,990,2026-04-10 18:00:00,2026-04-10 18:06:00,2026-04-10,41,18.0,6.0,1.0666666666666667,22,9,5,localized,0.0,
second_war,991,2026-04-10 18:52:00,2026-04-10 18:52:00,2026-04-10,41,18.866666666666667,0.0,0.8666666666666667,7,7,1,localized,0.0,
second_war,992,2026-04-10 19:06:00,2026-04-10 19:06:00,2026-04-10,41,19.1,0.0,0.23333333333333334,2,2,1,localized,0.0,
second_war,993,2026-04-10 19:31:00,2026-04-10 19:31:00,2026-04-10,41,19.516666666666666,0.0,0.4166666666666667,1,1,1,localized,0.0,
second_war,994,2026-04-10 20:14:00,2026-04-10 20:15:00,2026-04-10,41,20.233333333333334,1.0,0.7166666666666667,14,13,2,localized,0.0,
second_war,995,2026-04-10 20:58:00,2026-04-10 21:06:00,2026-04-10,41,20.966666666666665,8.0,0.7333333333333333,9,9,2,localized,0.0,
second_war,996,2026-04-10 22:03:00,2026-04-10 22:06:00,2026-04-10,41,22.05,3.0,1.0833333333333333,16,9,4,localized,0.0,
second_war,997,2026-04-10 23:11:00,2026-04-10 23:11:00,2026-04-10,41,23.183333333333334,0.0,1.1333333333333333,5,5,1,localized,0.0,
second_war,998,2026-04-11 00:47:00,2026-04-11 00:54:00,2026-04-11,42,0.7833333333333333,7.0,1.6,9,5,4,localized,0.0,
second_war,999,2026-04-11 01:15:00,2026-04-11 01:16:00,2026-04-11,42,1.25,1.0,0.4666666666666667,6,6,2,localized,0.0,
second_war,1000,2026-04-11 06:34:00,2026-04-11 06:34:00,2026-04-11,42,6.566666666666666,0.0,5.316666666666666,2,2,1,localized,0.0,
second_war,1001,2026-04-11 14:46:00,2026-04-11 14:46:00,2026-04-11,42,14.766666666666667,0.0,8.2,1,1,1,localized,0.0,
second_war,1002,2026-04-11 15:30:00,2026-04-11 15:36:00,2026-04-11,42,15.5,6.0,0.7333333333333333,19,16,3,localized,0.0,
second_war,1003,2026-04-11 15:50:00,2026-04-11 15:51:00,2026-04-11,42,15.833333333333334,1.0,0.3333333333333333,10,10,2,localized,0.0,
second_war,1004,2026-04-11 16:24:00,2026-04-11 16:28:00,2026-04-11,42,16.4,4.0,0.5666666666666667,16,9,4,localized,0.0,
second_war,1005,2026-04-11 16:48:00,2026-04-11 17:02:00,2026-04-11,42,16.8,14.0,0.4,18,18,4,localized,0.0,
second_war,1006,2026-04-11 18:16:00,2026-04-11 18:17:00,2026-04-11,42,18.266666666666666,1.0,1.4666666666666666,10,10,2,localized,0.0,
second_war,1007,2026-04-11 18:42:00,2026-04-11 18:50:00,2026-04-11,42,18.7,8.0,0.43333333333333335,24,20,3,localized,0.0,
second_war,1008,2026-04-11 19:09:00,2026-04-11 19:09:00,2026-04-11,42,19.15,0.0,0.45,1,1,1,localized,0.0,
second_war,1009,2026-04-11 19:25:00,2026-04-11 19:25:00,2026-04-11,42,19.416666666666668,0.0,0.26666666666666666,1,1,1,localized,0.0,
second_war,1010,2026-04-12 07:07:00,2026-04-12 07:07:00,2026-04-12,43,7.116666666666666,0.0,11.7,2,2,1,localized,0.0,
second_war,1011,2026-04-12 08:36:00,2026-04-12 08:36:00,2026-04-12,43,8.6,0.0,1.4833333333333334,1,1,1,localized,0.0,
second_war,1012,2026-04-12 11:12:00,2026-04-12 11:12:00,2026-04-12,43,11.2,0.0,2.6,1,1,1,localized,0.0,
second_war,1013,2026-04-12 13:38:00,2026-04-12 13:39:00,2026-04-12,43,13.633333333333333,1.0,2.433333333333333,2,2,2,localized,0.0,
second_war,1014,2026-04-12 14:07:00,2026-04-12 14:07:00,2026-04-12,43,14.116666666666667,0.0,0.48333333333333334,3,3,1,localized,0.0,
second_war,1015,2026-04-12 14:20:00,2026-04-12 14:20:00,2026-04-12,43,14.333333333333334,0.0,0.21666666666666667,3,3,1,localized,0.0,
second_war,1016,2026-04-12 15:00:00,2026-04-12 15:01:00,2026-04-12,43,15.0,1.0,0.6666666666666666,16,16,2,localized,0.0,
second_war,1017,2026-04-12 15:10:00,2026-04-12 15:15:00,2026-04-12,43,15.166666666666666,5.0,0.16666666666666666,5,5,2,localized,0.0,
second_war,1018,2026-04-12 15:52:00,2026-04-12 15:54:00,2026-04-12,43,15.866666666666667,2.0,0.7,2,2,2,localized,0.0,
second_war,1019,2026-04-12 16:38:00,2026-04-12 16:38:00,2026-04-12,43,16.633333333333333,0.0,0.7666666666666667,1,1,1,localized,0.0,
second_war,1020,2026-04-12 18:42:00,2026-04-12 18:47:00,2026-04-12,43,18.7,5.0,2.066666666666667,8,8,2,localized,0.0,
second_war,1021,2026-04-12 19:06:00,2026-04-12 19:06:00,2026-04-12,43,19.1,0.0,0.4,11,11,1,localized,0.0,
second_war,1022,2026-04-12 20:36:00,2026-04-12 20:36:00,2026-04-12,43,20.6,0.0,1.5,1,1,1,localized,0.0,
second_war,1023,2026-04-12 21:00:00,2026-04-12 21:01:00,2026-04-12,43,21.0,1.0,0.4,4,3,2,localized,0.0,
second_war,1024,2026-04-12 23:58:00,2026-04-12 23:59:00,2026-04-12,43,23.966666666666665,1.0,2.966666666666667,4,2,2,localized,0.0,
second_war,1025,2026-04-13 01:20:00,2026-04-13 01:21:00,2026-04-13,44,1.3333333333333333,1.0,1.3666666666666667,11,8,2,localized,0.0,
second_war,1026,2026-04-13 02:50:00,2026-04-13 02:50:00,2026-04-13,44,2.8333333333333335,0.0,1.5,1,1,1,localized,0.0,
second_war,1027,2026-04-13 11:08:00,2026-04-13 11:10:00,2026-04-13,44,11.133333333333333,2.0,8.3,7,4,3,localized,0.0,
second_war,1028,2026-04-13 11:50:00,2026-04-13 11:55:00,2026-04-13,44,11.833333333333334,5.0,0.7,4,3,2,localized,0.0,
second_war,1029,2026-04-13 12:31:00,2026-04-13 12:31:00,2026-04-13,44,12.516666666666667,0.0,0.6833333333333333,3,3,1,localized,0.0,
second_war,1030,2026-04-13 12:43:00,2026-04-13 12:43:00,2026-04-13,44,12.716666666666667,0.0,0.2,2,2,1,localized,0.0,
second_war,1031,2026-04-13 12:57:00,2026-04-13 13:05:00,2026-04-13,44,12.95,8.0,0.23333333333333334,17,17,4,localized,0.0,
second_war,1032,2026-04-13 14:22:00,2026-04-13 14:23:00,2026-04-13,44,14.366666666666667,1.0,1.4166666666666667,7,7,2,localized,0.0,
second_war,1033,2026-04-13 15:00:00,2026-04-13 15:00:00,2026-04-13,44,15.0,0.0,0.6333333333333333,3,3,1,localized,0.0,
second_war,1034,2026-04-13 15:28:00,2026-04-13 15:29:00,2026-04-13,44,15.466666666666667,1.0,0.4666666666666667,2,2,2,localized,0.0,
second_war,1035,2026-04-13 15:53:00,2026-04-13 15:54:00,2026-04-13,44,15.883333333333333,1.0,0.4166666666666667,13,12,2,localized,0.0,
second_war,1036,2026-04-13 16:05:00,2026-04-13 16:11:00,2026-04-13,44,16.083333333333332,6.0,0.2,8,7,3,localized,0.0,
second_war,1037,2026-04-13 16:26:00,2026-04-13 16:26:00,2026-04-13,44,16.433333333333334,0.0,0.35,1,1,1,localized,0.0,
second_war,1038,2026-04-13 17:52:00,2026-04-13 17:52:00,2026-04-13,44,17.866666666666667,0.0,1.4333333333333333,19,19,1,localized,0.0,
second_war,1039,2026-04-13 18:23:00,2026-04-13 18:33:00,2026-04-13,44,18.383333333333333,10.0,0.5166666666666667,6,5,3,localized,0.0,
second_war,1040,2026-04-13 22:05:00,2026-04-13 22:05:00,2026-04-13,44,22.083333333333332,0.0,3.7,1,1,1,localized,0.0,
second_war,1041,2026-04-13 22:52:00,2026-04-13 22:52:00,2026-04-13,44,22.866666666666667,0.0,0.7833333333333333,2,2,1,localized,0.0,
second_war,1042,2026-04-14 02:51:00,2026-04-14 02:51:00,2026-04-14,45,2.85,0.0,3.9833333333333334,2,2,1,localized,0.0,
second_war,1043,2026-04-14 10:04:00,2026-04-14 10:04:00,2026-04-14,45,10.066666666666666,0.0,7.216666666666667,1,1,1,localized,0.0,
second_war,1044,2026-04-14 10:33:00,2026-04-14 10:33:00,2026-04-14,45,10.55,0.0,0.48333333333333334,1,1,1,localized,0.0,
second_war,1045,2026-04-14 15:29:00,2026-04-14 15:29:00,2026-04-14,45,15.483333333333333,0.0,4.933333333333334,2,2,1,localized,0.0,
second_war,1046,2026-04-14 15:45:00,2026-04-14 15:54:00,2026-04-14,45,15.75,9.0,0.26666666666666666,14,11,3,localized,0.0,
second_war,1047,2026-04-14 16:22:00,2026-04-14 16:23:00,2026-04-14,45,16.366666666666667,1.0,0.6166666666666667,3,3,2,localized,0.0,
second_war,1048,2026-04-14 17:17:00,2026-04-14 17:30:00,2026-04-14,45,17.283333333333335,13.0,0.9166666666666666,23,18,5,localized,0.0,
second_war,1049,2026-04-14 18:00:00,2026-04-14 18:05:00,2026-04-14,45,18.0,5.0,0.7166666666666667,17,8,5,localized,0.0,
second_war,1050,2026-04-14 18:18:00,2026-04-14 18:40:00,2026-04-14,45,18.3,22.0,0.3,30,21,11,localized,0.0,
second_war,1051,2026-04-14 20:58:00,2026-04-14 20:58:00,2026-04-14,45,20.966666666666665,0.0,2.6666666666666665,1,1,1,localized,0.0,
second_war,1052,2026-04-15 07:59:00,2026-04-15 08:03:00,2026-04-15,46,7.983333333333333,4.0,11.016666666666667,6,6,3,localized,0.0,
second_war,1053,2026-04-15 08:32:00,2026-04-15 08:33:00,2026-04-15,46,8.533333333333333,1.0,0.55,30,27,2,broad,0.0,
second_war,1054,2026-04-15 08:43:00,2026-04-15 08:43:00,2026-04-15,46,8.716666666666667,0.0,0.18333333333333332,1,1,1,localized,0.0,
second_war,1055,2026-04-15 08:58:00,2026-04-15 08:58:00,2026-04-15,46,8.966666666666667,0.0,0.25,4,4,1,localized,0.0,
second_war,1056,2026-04-15 09:29:00,2026-04-15 09:30:00,2026-04-15,46,9.483333333333333,1.0,0.5166666666666667,2,1,2,localized,0.0,
second_war,1057,2026-04-15 14:45:00,2026-04-15 14:46:00,2026-04-15,46,14.75,1.0,5.266666666666667,7,5,2,localized,0.0,
second_war,1058,2026-04-15 18:06:00,2026-04-15 18:06:00,2026-04-15,46,18.1,0.0,3.35,11,11,1,localized,0.0,
second_war,1059,2026-04-15 18:23:00,2026-04-15 18:25:00,2026-04-15,46,18.383333333333333,2.0,0.2833333333333333,7,5,3,localized,0.0,
second_war,1060,2026-04-15 19:01:00,2026-04-15 19:01:00,2026-04-15,46,19.016666666666666,0.0,0.6333333333333333,1,1,1,localized,0.0,
second_war,1061,2026-04-15 19:45:00,2026-04-15 19:46:00,2026-04-15,46,19.75,1.0,0.7333333333333333,2,1,2,localized,0.0,
second_war,1062,2026-04-15 20:23:00,2026-04-15 20:23:00,2026-04-15,46,20.383333333333333,0.0,0.6333333333333333,1,1,1,localized,0.0,
second_war,1063,2026-04-15 21:50:00,2026-04-15 21:50:00,2026-04-15,46,21.833333333333332,0.0,1.45,1,1,1,localized,0.0,
second_war,1064,2026-04-16 01:43:00,2026-04-16 01:43:00,2026-04-16,47,1.7166666666666668,0.0,3.8833333333333333,4,4,1,localized,0.0,
second_war,1065,2026-04-16 06:12:00,2026-04-16 06:12:00,2026-04-16,47,6.2,0.0,4.483333333333333,1,1,1,localized,0.0,
second_war,1066,2026-04-16 08:20:00,2026-04-16 08:21:00,2026-04-16,47,8.333333333333334,1.0,2.1333333333333333,10,10,2,localized,0.0,
second_war,1067,2026-04-16 08:46:00,2026-04-16 08:49:00,2026-04-16,47,8.766666666666667,3.0,0.43333333333333335,5,4,2,localized,0.0,
second_war,1068,2026-04-16 10:47:00,2026-04-16 10:47:00,2026-04-16,47,10.783333333333333,0.0,2.0166666666666666,1,1,1,localized,0.0,
second_war,1069,2026-04-16 13:17:00,2026-04-16 13:18:00,2026-04-16,47,13.283333333333333,1.0,2.5,12,12,2,localized,0.0,
second_war,1070,2026-04-16 16:18:00,2026-04-16 16:20:00,2026-04-16,47,16.3,2.0,3.0166666666666666,7,5,3,localized,0.0,
second_war,1071,2026-04-16 16:34:00,2026-04-16 16:34:00,2026-04-16,47,16.566666666666666,0.0,0.26666666666666666,5,5,1,localized,0.0,
second_war,1072,2026-04-16 17:22:00,2026-04-16 17:22:00,2026-04-16,47,17.366666666666667,0.0,0.8,2,2,1,localized,0.0,
second_war,1073,2026-04-16 17:40:00,2026-04-16 17:41:00,2026-04-16,47,17.666666666666668,1.0,0.3,13,10,2,localized,0.0,
second_war,1074,2026-04-16 18:36:00,2026-04-16 18:36:00,2026-04-16,47,18.6,0.0,0.9333333333333333,1,1,1,localized,0.0,
second_war,1075,2026-04-16 21:35:00,2026-04-16 21:36:00,2026-04-16,47,21.583333333333332,1.0,2.9833333333333334,18,18,2,localized,0.0,
second_war,1076,2026-04-16 22:17:00,2026-04-16 22:23:00,2026-04-16,47,22.283333333333335,6.0,0.7,36,35,3,broad,0.0,
second_war,1077,2026-04-16 22:52:00,2026-04-16 22:53:00,2026-04-16,47,22.866666666666667,1.0,0.5833333333333334,8,8,2,localized,0.0,
second_war,1078,2026-04-16 23:31:00,2026-04-16 23:31:00,2026-04-16,47,23.516666666666666,0.0,0.65,4,4,1,localized,0.0,
second_war,1079,2026-04-16 23:54:00,2026-04-16 23:55:00,2026-04-16,47,23.9,1.0,0.38333333333333336,7,5,2,localized,0.0,
second_war,1080,2026-04-17 02:07:00,2026-04-17 02:07:00,2026-04-17,48,2.1166666666666667,0.0,2.216666666666667,1,1,1,localized,0.0,
second_war,1081,2026-04-21 18:39:00,2026-04-21 18:39:00,2026-04-21,52,18.65,0.0,112.53333333333333,2,2,1,localized,0.0,
second_war,1082,2026-04-23 23:19:00,2026-04-23 23:19:00,2026-04-23,54,23.316666666666666,0.0,52.666666666666664,1,1,1,localized,0.0,
second_war,1083,2026-04-24 14:20:00,2026-04-24 14:20:00,2026-04-24,55,14.333333333333334,0.0,15.016666666666667,1,1,1,localized,0.0,
second_war,1084,2026-04-25 16:06:00,2026-04-25 16:06:00,2026-04-25,56,16.1,0.0,25.766666666666666,3,3,1,localized,0.0,
second_war,1085,2026-04-26 03:56:00,2026-04-26 03:56:00,2026-04-26,57,3.9333333333333336,0.0,11.833333333333334,1,1,1,localized,0.0,
second_war,1086,2026-04-26 14:11:00,2026-04-26 14:11:00,2026-04-26,57,14.183333333333334,0.0,10.25,1,1,1,localized,0.0,
second_war,1087,2026-04-27 07:40:00,2026-04-27 07:40:00,2026-04-27,58,7.666666666666667,0.0,17.483333333333334,1,1,1,localized,0.0,
second_war,1088,2026-04-28 18:02:00,2026-04-28 18:02:00,2026-04-28,59,18.033333333333335,0.0,34.36666666666667,1,1,1,localized,0.0,
second_war,1089,2026-04-28 23:33:00,2026-04-28 23:33:00,2026-04-28,59,23.55,0.0,5.516666666666667,1,1,1,localized,0.0,
second_war,1090,2026-04-29 13:54:00,2026-04-29 13:54:00,2026-04-29,60,13.9,0.0,14.35,3,3,1,localized,0.0,
second_war,1091,2026-04-30 01:00:00,2026-04-30 01:00:00,2026-04-30,61,1.0,0.0,11.1,1,1,1,localized,0.0,
second_war,1092,2026-04-30 08:20:00,2026-04-30 08:20:00,2026-04-30,61,8.333333333333334,0.0,7.333333333333333,1,1,1,localized,0.0,
second_war,1093,2026-04-30 14:52:00,2026-04-30 14:54:00,2026-04-30,61,14.866666666666667,2.0,6.533333333333333,2,1,2,localized,0.0,
second_war,1094,2026-05-01 23:58:00,2026-05-01 23:58:00,2026-05-01,62,23.966666666666665,0.0,33.1,4,4,1,localized,0.0,
second_war,1095,2026-05-03 10:00:00,2026-05-03 10:00:00,2026-05-03,64,10.0,0.0,34.03333333333333,1,1,1,localized,0.0,
second_war,1096,2026-05-03 17:49:00,2026-05-03 17:49:00,2026-05-03,64,17.816666666666666,0.0,7.816666666666666,1,1,1,localized,0.0,
second_war,1097,2026-05-03 23:43:00,2026-05-03 23:43:00,2026-05-03,64,23.716666666666665,0.0,5.9,1,1,1,localized,0.0,
second_war,1098,2026-05-04 04:05:00,2026-05-04 04:10:00,2026-05-04,65,4.083333333333333,5.0,4.366666666666666,4,2,2,localized,0.0,
second_war,1099,2026-05-06 09:38:00,2026-05-06 09:38:00,2026-05-06,67,9.633333333333333,0.0,53.55,1,1,1,localized,0.0,
second_war,1100,2026-05-07 00:47:00,2026-05-07 00:47:00,2026-05-07,68,0.7833333333333333,0.0,15.15,2,2,1,localized,0.0,
second_war,1101,2026-05-08 14:01:00,2026-05-08 14:01:00,2026-05-08,69,14.016666666666667,0.0,37.233333333333334,33,33,1,broad,0.0,
second_war,1102,2026-05-09 16:02:00,2026-05-09 16:02:00,2026-05-09,70,16.033333333333335,0.0,26.016666666666666,1,1,1,localized,0.0,
second_war,1103,2026-05-09 19:43:00,2026-05-09 19:43:00,2026-05-09,70,19.716666666666665,0.0,3.683333333333333,1,1,1,localized,0.0,
second_war,1104,2026-05-09 20:15:00,2026-05-09 20:17:00,2026-05-09,70,20.25,2.0,0.5333333333333333,2,2,2,localized,0.0,
second_war,1105,2026-05-10 18:18:00,2026-05-10 18:18:00,2026-05-10,71,18.3,0.0,22.05,3,3,1,localized,0.0,
second_war,1106,2026-05-10 22:47:00,2026-05-10 22:47:00,2026-05-10,71,22.783333333333335,0.0,4.483333333333333,3,3,1,localized,0.0,
second_war,1107,2026-05-11 15:33:00,2026-05-11 15:33:00,2026-05-11,72,15.55,0.0,16.766666666666666,1,1,1,localized,0.0,
second_war,1108,2026-05-12 17:39:00,2026-05-12 17:39:00,2026-05-12,73,17.65,0.0,26.1,2,2,1,localized,0.0,
second_war,1109,2026-05-13 09:13:00,2026-05-13 09:13:00,2026-05-13,74,9.216666666666667,0.0,15.566666666666666,1,1,1,localized,0.0,
second_war,1110,2026-05-14 08:20:00,2026-05-14 08:20:00,2026-05-14,75,8.333333333333334,0.0,23.116666666666667,2,2,1,localized,0.0,
second_war,1111,2026-05-14 22:23:00,2026-05-14 22:24:00,2026-05-14,75,22.383333333333333,1.0,14.05,5,5,2,localized,0.0,
second_war,1112,2026-05-15 06:58:00,2026-05-15 06:58:00,2026-05-15,76,6.966666666666667,0.0,8.583333333333334,2,2,1,localized,0.0,
second_war,1113,2026-05-15 17:57:00,2026-05-15 18:03:00,2026-05-15,76,17.95,6.0,10.983333333333333,4,2,2,localized,0.0,
second_war,1114,2026-05-15 18:56:00,2026-05-15 19:01:00,2026-05-15,76,18.933333333333334,5.0,0.9833333333333333,2,1,2,localized,0.0,
second_war,1115,2026-05-16 18:44:00,2026-05-16 18:44:00,2026-05-16,77,18.733333333333334,0.0,23.8,5,5,1,localized,0.0,
second_war,1116,2026-05-16 19:51:00,2026-05-16 19:52:00,2026-05-16,77,19.85,1.0,1.1166666666666667,3,2,2,localized,0.0,
second_war,1117,2026-05-18 15:03:00,2026-05-18 15:03:00,2026-05-18,79,15.05,0.0,43.2,3,3,1,localized,0.0,
second_war,1118,2026-05-20 08:41:00,2026-05-20 08:41:00,2026-05-20,81,8.683333333333334,0.0,41.63333333333333,2,2,1,localized,0.0,
second_war,1119,2026-05-22 17:08:00,2026-05-22 17:08:00,2026-05-22,83,17.133333333333333,0.0,56.45,1,1,1,localized,0.0,
second_war,1120,2026-05-24 13:13:00,2026-05-24 13:13:00,2026-05-24,85,13.216666666666667,0.0,44.083333333333336,2,2,1,localized,0.0,
second_war,1121,2026-05-24 19:13:00,2026-05-24 19:13:00,2026-05-24,85,19.216666666666665,0.0,6.0,2,2,1,localized,0.0,
second_war,1122,2026-05-25 18:22:00,2026-05-25 18:22:00,2026-05-25,86,18.366666666666667,0.0,23.15,2,2,1,localized,0.0,
second_war,1123,2026-05-26 11:22:00,2026-05-26 11:22:00,2026-05-26,87,11.366666666666667,0.0,17.0,1,1,1,localized,0.0,
second_war,1124,2026-05-27 03:37:00,2026-05-27 03:38:00,2026-05-27,88,3.6166666666666667,1.0,16.25,21,11,2,localized,1.0,1.0
second_war,1125,2026-05-28 05:57:00,2026-05-28 05:57:00,2026-05-28,89,5.95,0.0,26.333333333333332,1,1,1,localized,0.0,
second_war,1126,2026-05-28 11:05:00,2026-05-28 11:05:00,2026-05-28,89,11.083333333333334,0.0,5.133333333333334,1,1,1,localized,0.0,
second_war,1127,2026-05-28 13:27:00,2026-05-28 13:27:00,2026-05-28,89,13.45,0.0,2.3666666666666667,1,1,1,localized,0.0,
second_war,1128,2026-05-28 19:18:00,2026-05-28 19:22:00,2026-05-28,89,19.3,4.0,5.85,3,2,2,localized,0.0,
second_war,1129,2026-05-29 08:46:00,2026-05-29 08:46:00,2026-05-29,90,8.766666666666667,0.0,13.466666666666667,1,1,1,localized,0.0,
second_war,1130,2026-05-29 13:37:00,2026-05-29 13:37:00,2026-05-29,90,13.616666666666667,0.0,4.85,1,1,1,localized,0.0,
second_war,1131,2026-05-30 01:30:00,2026-05-30 01:30:00,2026-05-30,91,1.5,0.0,11.883333333333333,4,4,1,localized,0.0,
second_war,1132,2026-05-30 02:06:00,2026-05-30 02:06:00,2026-05-30,91,2.1,0.0,0.6,3,3,1,localized,1.0,0.0
second_war,1133,2026-05-30 03:30:00,2026-05-30 03:31:00,2026-05-30,91,3.5,1.0,1.4,3,3,2,localized,0.6666666666666666,0.5
second_war,1134,2026-05-30 06:02:00,2026-05-30 06:02:00,2026-05-30,91,6.033333333333333,0.0,2.533333333333333,8,8,1,localized,0.125,1.0
second_war,1135,2026-05-30 12:30:00,2026-05-30 12:31:00,2026-05-30,91,12.5,1.0,6.466666666666667,5,5,2,localized,0.4,1.0
second_war,1136,2026-05-30 13:01:00,2026-05-30 13:01:00,2026-05-30,91,13.016666666666667,0.0,0.5166666666666667,1,1,1,localized,0.0,
second_war,1137,2026-05-30 14:58:00,2026-05-30 14:58:00,2026-05-30,91,14.966666666666667,0.0,1.95,1,1,1,localized,0.0,
second_war,1138,2026-05-30 15:44:00,2026-05-30 15:44:00,2026-05-30,91,15.733333333333333,0.0,0.7666666666666667,1,1,1,localized,0.0,
second_war,1139,2026-05-30 16:19:00,2026-05-30 16:20:00,2026-05-30,91,16.316666666666666,1.0,0.5833333333333334,11,8,2,localized,0.0,
second_war,1140,2026-05-30 16:50:00,2026-05-30 16:51:00,2026-05-30,91,16.833333333333332,1.0,0.5166666666666667,10,10,2,localized,0.0,
second_war,1141,2026-05-30 17:02:00,2026-05-30 17:02:00,2026-05-30,91,17.033333333333335,0.0,0.2,1,1,1,localized,0.0,
second_war,1142,2026-05-30 18:39:00,2026-05-30 18:39:00,2026-05-30,91,18.65,0.0,1.6166666666666667,4,4,1,localized,0.0,
second_war,1143,2026-05-30 19:23:00,2026-05-30 19:24:00,2026-05-30,91,19.383333333333333,1.0,0.7333333333333333,11,11,2,localized,0.0,
second_war,1144,2026-05-30 21:47:00,2026-05-30 21:47:00,2026-05-30,91,21.783333333333335,0.0,2.4,4,4,1,localized,0.5,1.0
second_war,1145,2026-05-31 10:49:00,2026-05-31 10:49:00,2026-05-31,92,10.816666666666666,0.0,13.033333333333333,1,1,1,localized,0.0,
second_war,1146,2026-05-31 11:43:00,2026-05-31 11:43:00,2026-05-31,92,11.716666666666667,0.0,0.9,8,8,1,localized,0.0,
second_war,1147,2026-05-31 12:10:00,2026-05-31 12:10:00,2026-05-31,92,12.166666666666666,0.0,0.45,2,2,1,localized,0.5,0.0
second_war,1148,2026-05-31 12:29:00,2026-05-31 12:29:00,2026-05-31,92,12.483333333333333,0.0,0.31666666666666665,3,3,1,localized,0.6666666666666666,1.0
second_war,1149,2026-05-31 12:55:00,2026-05-31 12:57:00,2026-05-31,92,12.916666666666666,2.0,0.43333333333333335,8,3,3,localized,1.0,1.0
second_war,1150,2026-05-31 13:06:00,2026-05-31 13:06:00,2026-05-31,92,13.1,0.0,0.18333333333333332,3,3,1,localized,0.6666666666666666,12.0
second_war,1151,2026-05-31 14:06:00,2026-05-31 14:06:00,2026-05-31,92,14.1,0.0,1.0,2,2,1,localized,0.0,
second_war,1152,2026-05-31 14:19:00,2026-05-31 14:20:00,2026-05-31,92,14.316666666666666,1.0,0.21666666666666667,5,3,2,localized,0.0,
second_war,1153,2026-05-31 15:43:00,2026-05-31 15:43:00,2026-05-31,92,15.716666666666667,0.0,1.4,1,1,1,localized,0.0,
second_war,1154,2026-05-31 17:04:00,2026-05-31 17:04:00,2026-05-31,92,17.066666666666666,0.0,1.35,22,22,1,localized,0.8181818181818182,0.0
second_war,1155,2026-05-31 17:29:00,2026-05-31 17:29:00,2026-05-31,92,17.483333333333334,0.0,0.4166666666666667,1,1,1,localized,0.0,
second_war,1156,2026-05-31 17:46:00,2026-05-31 17:46:00,2026-05-31,92,17.766666666666666,0.0,0.2833333333333333,5,5,1,localized,0.0,
second_war,1157,2026-05-31 18:48:00,2026-05-31 18:48:00,2026-05-31,92,18.8,0.0,1.0333333333333334,1,1,1,localized,1.0,0.0
second_war,1158,2026-05-31 23:44:00,2026-05-31 23:48:00,2026-05-31,92,23.733333333333334,4.0,4.933333333333334,17,11,3,localized,1.0,1.0
second_war,1159,2026-06-01 00:05:00,2026-06-01 00:05:00,2026-06-01,93,0.08333333333333333,0.0,0.35,3,3,1,localized,1.0,1.0
second_war,1160,2026-06-01 06:40:00,2026-06-01 06:40:00,2026-06-01,93,6.666666666666667,0.0,6.583333333333333,2,2,1,localized,0.0,
second_war,1161,2026-06-01 06:56:00,2026-06-01 06:56:00,2026-06-01,93,6.933333333333334,0.0,0.26666666666666666,7,7,1,localized,0.0,
second_war,1162,2026-06-01 08:15:00,2026-06-01 08:16:00,2026-06-01,93,8.25,1.0,1.3166666666666667,5,5,2,localized,0.6,0.0
second_war,1163,2026-06-01 08:25:00,2026-06-01 08:25:00,2026-06-01,93,8.416666666666666,0.0,0.16666666666666666,1,1,1,localized,1.0,10.0
second_war,1164,2026-06-01 12:40:00,2026-06-01 12:41:00,2026-06-01,93,12.666666666666666,1.0,4.25,35,35,2,broad,0.0,
second_war,1165,2026-06-01 15:01:00,2026-06-01 15:02:00,2026-06-01,93,15.016666666666667,1.0,2.35,7,5,2,localized,0.4,0.5
second_war,1166,2026-06-01 16:12:00,2026-06-01 16:14:00,2026-06-01,93,16.2,2.0,1.1833333333333333,13,12,3,localized,0.0,
second_war,1167,2026-06-01 17:17:00,2026-06-01 17:17:00,2026-06-01,93,17.283333333333335,0.0,1.0833333333333333,2,2,1,localized,0.0,
second_war,1168,2026-06-01 17:43:00,2026-06-01 17:43:00,2026-06-01,93,17.716666666666665,0.0,0.43333333333333335,2,2,1,localized,0.0,
second_war,1169,2026-06-01 23:38:00,2026-06-01 23:38:00,2026-06-01,93,23.633333333333333,0.0,5.916666666666667,1,1,1,localized,1.0,2.0
second_war,1170,2026-06-02 01:24:00,2026-06-02 01:24:00,2026-06-02,94,1.4,0.0,1.7666666666666666,2,2,1,localized,0.0,
second_war,1171,2026-06-02 01:35:00,2026-06-02 01:36:00,2026-06-02,94,1.5833333333333335,1.0,0.18333333333333332,59,33,2,broad,0.0,
second_war,1172,2026-06-02 01:47:00,2026-06-02 01:50:00,2026-06-02,94,1.7833333333333332,3.0,0.2,3,3,2,localized,0.0,
second_war,1173,2026-06-03 11:26:00,2026-06-03 11:26:00,2026-06-03,95,11.433333333333334,0.0,33.65,3,3,1,localized,0.0,
second_war,1174,2026-06-03 14:39:00,2026-06-03 14:39:00,2026-06-03,95,14.65,0.0,3.216666666666667,1,1,1,localized,0.0,
second_war,1175,2026-06-04 16:06:00,2026-06-04 16:07:00,2026-06-04,96,16.1,1.0,25.45,3,2,2,localized,0.0,
second_war,1176,2026-06-04 16:33:00,2026-06-04 16:33:00,2026-06-04,96,16.55,0.0,0.45,1,1,1,localized,0.0,
second_war,1177,2026-06-04 17:38:00,2026-06-04 17:39:00,2026-06-04,96,17.633333333333333,1.0,1.0833333333333333,8,5,2,localized,1.0,0.0
second_war,1178,2026-06-05 22:15:00,2026-06-05 22:16:00,2026-06-05,97,22.25,1.0,28.616666666666667,10,10,2,localized,0.3,1.0
second_war,1179,2026-06-07 08:32:00,2026-06-07 08:32:00,2026-06-07,99,8.533333333333333,0.0,34.28333333333333,2,2,1,localized,0.5,1.0
second_war,1180,2026-06-07 22:05:00,2026-06-07 22:07:00,2026-06-07,99,22.083333333333332,2.0,13.55,230,230,3,broad,0.49130434782608695,4.0
second_war,1181,2026-06-07 22:17:00,2026-06-07 22:24:00,2026-06-07,99,22.283333333333335,7.0,0.2,545,335,5,broad,0.6507462686567164,9.0
second_war,1182,2026-06-07 22:34:00,2026-06-07 22:35:00,2026-06-07,99,22.566666666666666,1.0,0.2833333333333333,154,154,2,broad,0.6818181818181818,7.0
second_war,1183,2026-06-08 05:57:00,2026-06-08 05:57:00,2026-06-08,100,5.95,0.0,7.383333333333334,166,166,1,broad,0.6686746987951807,4.0
second_war,1184,2026-06-08 07:05:00,2026-06-08 07:20:00,2026-06-08,100,7.083333333333333,15.0,1.1333333333333333,485,432,6,broad,0.49074074074074076,3.0
second_war,1185,2026-06-08 09:36:00,2026-06-08 09:40:00,2026-06-08,100,9.6,4.0,2.5166666666666666,458,458,3,broad,0.7751091703056768,7.0
second_war,1186,2026-06-08 15:12:00,2026-06-08 15:12:00,2026-06-08,100,15.2,0.0,5.6,9,9,1,localized,0.0,
second_war,1187,2026-06-08 17:03:00,2026-06-08 17:03:00,2026-06-08,100,17.05,0.0,1.85,1,1,1,localized,0.0,
second_war,1188,2026-06-11 05:33:00,2026-06-11 05:33:00,2026-06-11,103,5.55,0.0,60.5,2,2,1,localized,1.0,1.0
second_war,1189,2026-06-12 04:39:00,2026-06-12 04:39:00,2026-06-12,104,4.65,0.0,23.1,1,1,1,localized,0.0,
second_war,1190,2026-06-12 11:33:00,2026-06-12 11:33:00,2026-06-12,104,11.55,0.0,6.9,2,2,1,localized,0.0,
second_war,1191,2026-06-12 22:16:00,2026-06-12 22:16:00,2026-06-12,104,22.266666666666666,0.0,10.716666666666667,1,1,1,localized,0.0,
second_war,1192,2026-06-13 08:34:00,2026-06-13 08:34:00,2026-06-13,105,8.566666666666666,0.0,10.3,1,1,1,localized,0.0,
second_war,1193,2026-06-13 23:34:00,2026-06-13 23:34:00,2026-06-13,105,23.566666666666666,0.0,15.0,1,1,1,localized,1.0,1.0
second_war,1194,2026-06-14 12:56:00,2026-06-14 12:56:00,2026-06-14,106,12.933333333333334,0.0,13.366666666666667,3,3,1,localized,0.0,
second_war,1195,2026-06-14 18:55:00,2026-06-14 18:56:00,2026-06-14,106,18.916666666666668,1.0,5.983333333333333,2,2,2,localized,0.0,
